date,currency,tenor,floating_rate,rate
2025-11-03,AUD,9M,3M BBSW,0.03575000000000041
2025-10-31,AUD,9M,3M BBSW,0.03552999999999993
2025-10-30,AUD,9M,3M BBSW,0.03554900000000014
2025-10-29,AUD,9M,3M BBSW,0.03569600000000017
2025-10-28,AUD,9M,3M BBSW,0.03427300000000023
2025-10-27,AUD,9M,3M BBSW,0.034353000000000036
2025-10-24,AUD,9M,3M BBSW,0.03366399640390267
2025-10-23,AUD,9M,3M BBSW,0.03383299999999999
2025-10-22,AUD,9M,3M BBSW,0.033582999999999974
2025-10-21,AUD,9M,3M BBSW,0.03368499999999992
2025-10-20,AUD,9M,3M BBSW,0.03359800000000037
2025-10-17,AUD,9M,3M BBSW,0.03332096350091392
2025-10-16,AUD,9M,3M BBSW,0.03339200000000016
2025-10-15,AUD,9M,3M BBSW,0.03477999999999986
2025-10-14,AUD,9M,3M BBSW,0.03478700000000018
2025-10-13,AUD,9M,3M BBSW,0.034733000000000215
2025-10-10,AUD,9M,3M BBSW,0.03514404370043976
2025-10-09,AUD,9M,3M BBSW,0.03512699999999998
2025-10-08,AUD,9M,3M BBSW,0.03485500000000001
2025-10-07,AUD,9M,3M BBSW,0.03482800000000017
2025-10-03,AUD,9M,3M BBSW,0.03483560041954712
2025-10-02,AUD,9M,3M BBSW,0.03472399999999976
2025-10-01,AUD,9M,3M BBSW,0.03488591802881876
2025-09-30,AUD,9M,3M BBSW,0.03508499999891495
2025-09-29,AUD,9M,3M BBSW,0.03464893023669295
2025-09-26,AUD,9M,3M BBSW,0.034908837337569464
2025-09-25,AUD,9M,3M BBSW,0.03490179741113265
2025-09-24,AUD,9M,3M BBSW,0.03496200000000006
2025-09-23,AUD,9M,3M BBSW,0.03387200000000052
2025-09-22,AUD,9M,3M BBSW,0.03399297986112232
2025-09-19,AUD,9M,3M BBSW,0.03371
2025-09-18,AUD,9M,3M BBSW,0.033683000000000046
2025-09-17,AUD,9M,3M BBSW,0.03378800000000003
2025-09-16,AUD,9M,3M BBSW,0.03383200000006742
2025-09-15,AUD,9M,3M BBSW,0.03385600306956191
2025-09-12,AUD,9M,3M BBSW,0.03399500000104236
2025-09-11,AUD,9M,3M BBSW,0.03394700000107321
2025-09-10,AUD,9M,3M BBSW,0.03387000000012184
2025-09-09,AUD,9M,3M BBSW,0.03411400000002739
2025-09-08,AUD,9M,3M BBSW,0.0338071687540265
2025-09-05,AUD,9M,3M BBSW,0.0340370000011824
2025-09-04,AUD,9M,3M BBSW,0.03408900000110953
2025-09-03,AUD,9M,3M BBSW,0.034205999999687056
2025-09-02,AUD,9M,3M BBSW,0.03380800000003494
2025-09-01,AUD,9M,3M BBSW,0.033811003054304296
2025-08-29,AUD,9M,3M BBSW,0.03374908202143999
2025-08-28,AUD,9M,3M BBSW,0.03367494994740568
2025-08-27,AUD,9M,3M BBSW,0.03361600000035693
2025-08-26,AUD,9M,3M BBSW,0.03358499999999792
2025-08-25,AUD,9M,3M BBSW,0.03356000000018306
2025-08-22,AUD,9M,3M BBSW,0.03365308218743373
2025-08-21,AUD,9M,3M BBSW,0.0336281066909374
2025-08-20,AUD,9M,3M BBSW,0.03352000000046262
2025-08-19,AUD,9M,3M BBSW,0.03368300000014558
2025-08-18,AUD,9M,3M BBSW,0.03362500000015605
2025-08-15,AUD,9M,3M BBSW,0.03358914922825874
2025-08-14,AUD,9M,3M BBSW,0.03366015210947348
2025-08-13,AUD,9M,3M BBSW,0.033476000000624694
2025-08-12,AUD,9M,3M BBSW,0.0337330000001823
2025-08-11,AUD,9M,3M BBSW,0.03408000000017489
2025-08-08,AUD,9M,3M BBSW,0.03404304568891391
2025-08-07,AUD,9M,3M BBSW,0.03407707166062471
2025-08-06,AUD,9M,3M BBSW,0.03411500000054153
2025-08-05,AUD,9M,3M BBSW,0.03399800000018288
2025-08-01,AUD,9M,3M BBSW,0.03424300134924142
2025-07-31,AUD,9M,3M BBSW,0.0343162172900822
2025-07-30,AUD,9M,3M BBSW,0.03419200000069013
2025-07-29,AUD,9M,3M BBSW,0.03434500000018538
2025-07-28,AUD,9M,3M BBSW,0.03449300000017091
2025-07-25,AUD,9M,3M BBSW,0.03440480122007393
2025-07-24,AUD,9M,3M BBSW,0.03457798678336915
2025-07-23,AUD,9M,3M BBSW,0.03430500000057339
2025-07-22,AUD,9M,3M BBSW,0.034102000000192756
2025-07-21,AUD,9M,3M BBSW,0.03408900000018487
2025-07-18,AUD,9M,3M BBSW,0.03373675964860841
2025-07-17,AUD,9M,3M BBSW,0.033876098772860345
2025-07-16,AUD,9M,3M BBSW,0.0347570000005282
2025-07-15,AUD,9M,3M BBSW,0.03496299999999863
2025-07-14,AUD,9M,3M BBSW,0.03465300000016987
2025-07-11,AUD,9M,3M BBSW,0.03429762774642587
2025-07-10,AUD,9M,3M BBSW,0.03459301421373769
2025-07-09,AUD,9M,3M BBSW,0.03454400000069975
2025-07-08,AUD,9M,3M BBSW,0.03499499999967365
2025-07-07,AUD,9M,3M BBSW,0.0332090000001761
2025-07-04,AUD,9M,3M BBSW,0.03277619537315474
2025-07-03,AUD,9M,3M BBSW,0.032743932097514555
2025-07-02,AUD,9M,3M BBSW,0.03293700000098117
2025-07-01,AUD,9M,3M BBSW,0.032953102135541944
2025-06-30,AUD,9M,3M BBSW,0.0329970388673736
2025-06-27,AUD,9M,3M BBSW,0.03304129123255853
2025-06-26,AUD,9M,3M BBSW,0.03296431243352887
2025-06-25,AUD,9M,3M BBSW,0.03308338921673553
2025-06-24,AUD,9M,3M BBSW,0.03348100000021307
2025-06-23,AUD,9M,3M BBSW,0.03366900000020072
2025-06-20,AUD,9M,3M BBSW,0.03387908955450111
2025-06-19,AUD,9M,3M BBSW,0.03403500000005245
2025-06-18,AUD,9M,3M BBSW,0.03419700000063437
2025-06-17,AUD,9M,3M BBSW,0.033957000000213046
2025-06-16,AUD,9M,3M BBSW,0.03398200000021308
2025-06-13,AUD,9M,3M BBSW,0.033817128249659933
2025-06-12,AUD,9M,3M BBSW,0.03391300000006022
2025-06-11,AUD,9M,3M BBSW,0.03431500000064887
2025-06-10,AUD,9M,3M BBSW,0.034454000000182894
2025-06-06,AUD,9M,3M BBSW,0.03448291360086162
2025-06-05,AUD,9M,3M BBSW,0.03409599999976578
2025-06-04,AUD,9M,3M BBSW,0.03387400000068515
2025-06-03,AUD,9M,3M BBSW,0.03396500000021118
2025-06-02,AUD,9M,3M BBSW,0.03438799999896886
2025-05-30,AUD,9M,3M BBSW,0.034391238709594395
2025-05-29,AUD,9M,3M BBSW,0.034722227377707277
2025-05-28,AUD,9M,3M BBSW,0.03517035313988035
2025-05-27,AUD,9M,3M BBSW,0.03444100000021107
2025-05-26,AUD,9M,3M BBSW,0.03442799999999667
2025-05-23,AUD,9M,3M BBSW,0.0345679145637013
2025-05-22,AUD,9M,3M BBSW,0.03469330450862805
2025-05-21,AUD,9M,3M BBSW,0.03476717829659253
2025-05-20,AUD,9M,3M BBSW,0.03474200000021155
2025-05-19,AUD,9M,3M BBSW,0.03625099999988203
2025-05-16,AUD,9M,3M BBSW,0.0364385086939219
2025-05-15,AUD,9M,3M BBSW,0.03642591074716166
2025-05-14,AUD,9M,3M BBSW,0.03625494347522257
2025-05-13,AUD,9M,3M BBSW,0.03602299999999599
2025-05-12,AUD,9M,3M BBSW,0.03602000000017972
2025-05-09,AUD,9M,3M BBSW,0.035182815014872804
2025-05-08,AUD,9M,3M BBSW,0.03505100562922131
2025-05-07,AUD,9M,3M BBSW,0.0346430201075105
2025-05-06,AUD,9M,3M BBSW,0.03501300000022828
2025-05-05,AUD,9M,3M BBSW,0.03515600000022206
2025-05-02,AUD,9M,3M BBSW,0.03520281981255837
2025-05-01,AUD,9M,3M BBSW,0.034834819349452005
2025-04-30,AUD,9M,3M BBSW,0.03493500000004146
2025-04-29,AUD,9M,3M BBSW,0.03474600000054342
2025-04-28,AUD,9M,3M BBSW,0.03469900000027152
2025-04-24,AUD,9M,3M BBSW,0.0345906996730565
2025-04-23,AUD,9M,3M BBSW,0.035206999999630784
2025-04-22,AUD,9M,3M BBSW,0.03517500000027929
2025-04-17,AUD,9M,3M BBSW,0.03488731508452134
2025-04-16,AUD,9M,3M BBSW,0.034957999999072766
2025-04-15,AUD,9M,3M BBSW,0.035179000000318456
2025-04-14,AUD,9M,3M BBSW,0.03497700000035195
2025-04-11,AUD,9M,3M BBSW,0.03518409381622057
2025-04-10,AUD,9M,3M BBSW,0.03468074721733562
2025-04-09,AUD,9M,3M BBSW,0.03555800000032943
2025-04-08,AUD,9M,3M BBSW,0.03507200000035517
2025-04-07,AUD,9M,3M BBSW,0.0362670000002535
2025-04-04,AUD,9M,3M BBSW,0.03623213014194671
2025-03-28,AUD,9M,3M BBSW,0.038651841156826
2025-03-27,AUD,9M,3M BBSW,0.03861921350049883
2025-03-26,AUD,9M,3M BBSW,0.03843363243403299
2025-03-25,AUD,9M,3M BBSW,0.03834939991101915
2025-03-24,AUD,9M,3M BBSW,0.03877100000016113
2025-03-21,AUD,9M,3M BBSW,0.03854823903371716
2025-03-20,AUD,9M,3M BBSW,0.03844348873467051
2025-03-19,AUD,9M,3M BBSW,0.03905499999984033
2025-03-18,AUD,9M,3M BBSW,0.03902000000014139
2025-03-17,AUD,9M,3M BBSW,0.03895300000014632
2025-03-14,AUD,9M,3M BBSW,0.03864447921501491
2025-03-13,AUD,9M,3M BBSW,0.03849313036552992
2025-03-12,AUD,9M,3M BBSW,0.03895199999983457
2025-03-11,AUD,9M,3M BBSW,0.03885900000015265
2025-03-10,AUD,9M,3M BBSW,0.03869300000016168
2025-03-07,AUD,9M,3M BBSW,0.03875618367934806
2025-03-06,AUD,9M,3M BBSW,0.03874628078038548
2025-03-05,AUD,9M,3M BBSW,0.03922400000050416
2025-03-04,AUD,9M,3M BBSW,0.03907600000023755
2025-03-03,AUD,9M,3M BBSW,0.03889900000015205
2025-02-28,AUD,9M,3M BBSW,0.03910900000011624
2025-02-27,AUD,9M,3M BBSW,0.039193000000164784
2025-02-26,AUD,9M,3M BBSW,0.03930999999995101
2025-02-25,AUD,9M,3M BBSW,0.03936561888091225
2025-02-24,AUD,9M,3M BBSW,0.03945286425462175
2025-02-21,AUD,9M,3M BBSW,0.03986200000005249
2025-02-20,AUD,9M,3M BBSW,0.040007000000076766
2025-02-19,AUD,9M,3M BBSW,0.03985300000012384
2025-02-18,AUD,9M,3M BBSW,0.04004156611440015
2025-02-17,AUD,9M,3M BBSW,0.03970082059903196
2025-02-14,AUD,9M,3M BBSW,0.03973800000006385
2025-02-13,AUD,9M,3M BBSW,0.039583000000145974
2025-02-12,AUD,9M,3M BBSW,0.04009100000050453
2025-02-11,AUD,9M,3M BBSW,0.03983358851546017
2025-02-10,AUD,9M,3M BBSW,0.03956587095339298
2025-02-07,AUD,9M,3M BBSW,0.03958900000008788
2025-02-06,AUD,9M,3M BBSW,0.03934700000016105
2025-02-05,AUD,9M,3M BBSW,0.03938499999999666
2025-02-04,AUD,9M,3M BBSW,0.03960822874807095
2025-02-03,AUD,9M,3M BBSW,0.03958950248072501
2025-01-31,AUD,9M,3M BBSW,0.03971100000010154
2025-01-30,AUD,9M,3M BBSW,0.03972900000010122
2025-01-29,AUD,9M,3M BBSW,0.039859000000129347
2025-01-28,AUD,9M,3M BBSW,0.0403950000002562
2025-01-24,AUD,9M,3M BBSW,0.04064399999977666
2025-01-23,AUD,9M,3M BBSW,0.040708999999783446
2025-01-22,AUD,9M,3M BBSW,0.04092700000014727
2025-01-21,AUD,9M,3M BBSW,0.04085051983446875
2025-01-20,AUD,9M,3M BBSW,0.040856613738158305
2025-01-17,AUD,9M,3M BBSW,0.04106700000008549
2025-01-16,AUD,9M,3M BBSW,0.04101099999955787
2025-01-15,AUD,9M,3M BBSW,0.040961999999688435
2025-01-14,AUD,9M,3M BBSW,0.04140299999983566
2025-01-13,AUD,9M,3M BBSW,0.04131097781869791
2025-01-10,AUD,9M,3M BBSW,0.04122200000012083
2025-01-09,AUD,9M,3M BBSW,0.04079299999946822
2025-01-08,AUD,9M,3M BBSW,0.040958999999668816
2025-01-07,AUD,9M,3M BBSW,0.04133599999968521
2025-01-06,AUD,9M,3M BBSW,0.040932570208896554
2025-01-03,AUD,9M,3M BBSW,0.04085800000047033
2025-01-02,AUD,9M,3M BBSW,0.04081200000014896
2024-12-31,AUD,9M,3M BBSW,0.040891499863026565
2024-12-30,AUD,9M,3M BBSW,0.04098550018942454
2024-12-27,AUD,9M,3M BBSW,0.04066207154368639
2024-12-24,AUD,9M,3M BBSW,0.041190000000125446
2024-12-23,AUD,9M,3M BBSW,0.041325541086072885
2024-12-20,AUD,9M,3M BBSW,0.041326338922384825
2024-12-19,AUD,9M,3M BBSW,0.041659999998980075
2024-12-18,AUD,9M,3M BBSW,0.04168899999965611
2024-12-17,AUD,9M,3M BBSW,0.041648999999661596
2024-12-16,AUD,9M,3M BBSW,0.04185473765340561
2024-12-13,AUD,9M,3M BBSW,0.04173640932380522
2024-12-12,AUD,9M,3M BBSW,0.04209800000040448
2024-12-11,AUD,9M,3M BBSW,0.041282999999671804
2024-12-10,AUD,9M,3M BBSW,0.04144499999964056
2024-12-09,AUD,9M,3M BBSW,0.04214185420296644
2024-12-06,AUD,9M,3M BBSW,0.041526913800892504
2024-12-05,AUD,9M,3M BBSW,0.042069000000142666
2024-12-04,AUD,9M,3M BBSW,0.04184600000053031
2024-12-03,AUD,9M,3M BBSW,0.042693999999670475
2024-12-02,AUD,9M,3M BBSW,0.042682706937784795
2024-11-29,AUD,9M,3M BBSW,0.04269535570497798
2024-11-28,AUD,9M,3M BBSW,0.04282000000022555
2024-11-27,AUD,9M,3M BBSW,0.042725999999694286
2024-11-26,AUD,9M,3M BBSW,0.04282700000018979
2024-11-25,AUD,9M,3M BBSW,0.042873379638776396
2024-11-22,AUD,9M,3M BBSW,0.04308754488599851
2024-11-21,AUD,9M,3M BBSW,0.04321200000019357
2024-11-20,AUD,9M,3M BBSW,0.04313300000031557
2024-11-19,AUD,9M,3M BBSW,0.04302800000018395
2024-11-18,AUD,9M,3M BBSW,0.04290237600115314
2024-11-15,AUD,9M,3M BBSW,0.043373406872581725
2024-11-14,AUD,9M,3M BBSW,0.0434549999998279
2024-11-13,AUD,9M,3M BBSW,0.04356399999974429
2024-11-12,AUD,9M,3M BBSW,0.04352200000017996
2024-11-11,AUD,9M,3M BBSW,0.04327033413625348
2024-11-08,AUD,9M,3M BBSW,0.04310440937565783
2024-11-07,AUD,9M,3M BBSW,0.043127000000208825
2024-11-06,AUD,9M,3M BBSW,0.04314899999966782
2024-11-05,AUD,9M,3M BBSW,0.04320799999980398
2024-11-04,AUD,9M,3M BBSW,0.04275140753103291
2024-11-01,AUD,9M,3M BBSW,0.04302322087442636
2024-10-31,AUD,9M,3M BBSW,0.04320700000015289
2024-10-30,AUD,9M,3M BBSW,0.0432020000001413
2024-10-29,AUD,9M,3M BBSW,0.042729999999830855
2024-10-28,AUD,9M,3M BBSW,0.042648000000172145
2024-10-24,AUD,9M,3M BBSW,0.04254099999999363
2024-10-23,AUD,9M,3M BBSW,0.04284799999985682
2024-10-22,AUD,9M,3M BBSW,0.042762000000008696
2024-10-21,AUD,9M,3M BBSW,0.042550425996853714
2024-10-17,AUD,9M,3M BBSW,0.04251800000014283
2024-10-16,AUD,9M,3M BBSW,0.041784000000899726
2024-10-15,AUD,9M,3M BBSW,0.042075000000182584
2024-10-14,AUD,9M,3M BBSW,0.0422349999998011
2024-10-11,AUD,9M,3M BBSW,0.042331921187926475
2024-10-10,AUD,9M,3M BBSW,0.0422570000001443
2024-10-09,AUD,9M,3M BBSW,0.04234199999954563
2024-10-08,AUD,9M,3M BBSW,0.04212899999981258
2024-10-04,AUD,9M,3M BBSW,0.041885983585559006
2024-10-03,AUD,9M,3M BBSW,0.041338000001093646
2024-10-02,AUD,9M,3M BBSW,0.041331999999561664
2024-10-01,AUD,9M,3M BBSW,0.04132734937222618
2024-09-30,AUD,9M,3M BBSW,0.04132956176242755
2024-09-27,AUD,9M,3M BBSW,0.041139000000171635
2024-09-26,AUD,9M,3M BBSW,0.041257139809744575
2024-09-25,AUD,9M,3M BBSW,0.04114841070978006
2024-09-24,AUD,9M,3M BBSW,0.04093099999945751
2024-09-23,AUD,9M,3M BBSW,0.04155954507699354
2024-09-20,AUD,9M,3M BBSW,0.041381000000147876
2024-09-19,AUD,9M,3M BBSW,0.04137100000018168
2024-09-18,AUD,9M,3M BBSW,0.041100000000173456
2024-09-17,AUD,9M,3M BBSW,0.04092900000017331
2024-09-16,AUD,9M,3M BBSW,0.04077962176076069
2024-09-13,AUD,9M,3M BBSW,0.04095100000014105
2024-09-12,AUD,9M,3M BBSW,0.041193000000177504
2024-09-11,AUD,9M,3M BBSW,0.04148799999981934
2024-09-10,AUD,9M,3M BBSW,0.04139399999964013
2024-09-09,AUD,9M,3M BBSW,0.041515961927298804
2024-09-06,AUD,9M,3M BBSW,0.04161100000123905
2024-09-05,AUD,9M,3M BBSW,0.041765999999530366
2024-09-04,AUD,9M,3M BBSW,0.041577999999807
2024-09-03,AUD,9M,3M BBSW,0.041819000000184306
2024-09-02,AUD,9M,3M BBSW,0.04216347265694884
2024-08-30,AUD,9M,3M BBSW,0.042009053127256044
2024-08-29,AUD,9M,3M BBSW,0.04193000000119057
2024-08-27,AUD,9M,3M BBSW,0.041274999999839
2024-08-26,AUD,9M,3M BBSW,0.04117000000013513
2024-08-23,AUD,9M,3M BBSW,0.04139366989621445
2024-08-22,AUD,9M,3M BBSW,0.0416071368601843
2024-08-21,AUD,9M,3M BBSW,0.041663000000470636
2024-08-20,AUD,9M,3M BBSW,0.041711000000184933
2024-08-19,AUD,9M,3M BBSW,0.0418239999998585
2024-08-16,AUD,9M,3M BBSW,0.041797614214288764
2024-08-15,AUD,9M,3M BBSW,0.04190697537256331
2024-08-14,AUD,9M,3M BBSW,0.04138100000045032
2024-08-13,AUD,9M,3M BBSW,0.04166999999951421
2024-08-12,AUD,9M,3M BBSW,0.04200299999879645
2024-08-09,AUD,9M,3M BBSW,0.042178722783625104
2024-08-08,AUD,9M,3M BBSW,0.04222800933191756
2024-08-07,AUD,9M,3M BBSW,0.042213000000562904
2024-08-06,AUD,9M,3M BBSW,0.042290999999594084
2024-08-02,AUD,9M,3M BBSW,0.04187606317472356
2024-08-01,AUD,9M,3M BBSW,0.04271292443234882
2024-07-31,AUD,9M,3M BBSW,0.04330727733986467
2024-07-30,AUD,9M,3M BBSW,0.044373999999263336
2024-07-29,AUD,9M,3M BBSW,0.04458899999967077
2024-07-26,AUD,9M,3M BBSW,0.044053957596941605
2024-07-24,AUD,9M,3M BBSW,0.04461099999933167
2024-07-23,AUD,9M,3M BBSW,0.04467199999986308
2024-07-22,AUD,9M,3M BBSW,0.0445729999996706
2024-07-19,AUD,9M,3M BBSW,0.04419510934262829
2024-07-18,AUD,9M,3M BBSW,0.04383568121498906
2024-07-17,AUD,9M,3M BBSW,0.04409300000060827
2024-07-16,AUD,9M,3M BBSW,0.044111999999367366
2024-07-15,AUD,9M,3M BBSW,0.04432999999967033
2024-07-12,AUD,9M,3M BBSW,0.04420112304865555
2024-07-11,AUD,9M,3M BBSW,0.04473046257605574
2024-07-10,AUD,9M,3M BBSW,0.044908000000627
2024-07-09,AUD,9M,3M BBSW,0.04498999999942874
2024-07-08,AUD,9M,3M BBSW,0.04508299999981605
2024-07-05,AUD,9M,3M BBSW,0.044742102620970045
2024-07-04,AUD,9M,3M BBSW,0.0452223515012312
2024-07-03,AUD,9M,3M BBSW,0.04518200000052615
2024-07-02,AUD,9M,3M BBSW,0.04508699999941876
2024-07-01,AUD,9M,3M BBSW,0.045205175128710015
2024-06-28,AUD,9M,3M BBSW,0.04519163966712612
2024-06-27,AUD,9M,3M BBSW,0.045033999999802274
2024-06-26,AUD,9M,3M BBSW,0.04537414111888591
2024-06-24,AUD,9M,3M BBSW,0.0439890000005668
2024-06-21,AUD,9M,3M BBSW,0.04396809917466574
2024-06-20,AUD,9M,3M BBSW,0.04395699999880491
2024-06-19,AUD,9M,3M BBSW,0.04389699999942884
2024-06-18,AUD,9M,3M BBSW,0.043792999999834575
2024-06-17,AUD,9M,3M BBSW,0.043375999999822466
2024-06-14,AUD,9M,3M BBSW,0.04337403527857364
2024-06-13,AUD,9M,3M BBSW,0.043469999999794895
2024-06-12,AUD,9M,3M BBSW,0.04337099999931224
2024-06-11,AUD,9M,3M BBSW,0.04378399999981684
2024-06-07,AUD,9M,3M BBSW,0.04382511258100502
2024-06-06,AUD,9M,3M BBSW,0.043521000000120734
2024-06-05,AUD,9M,3M BBSW,0.04346099999945188
2024-06-04,AUD,9M,3M BBSW,0.04350699999982108
2024-06-03,AUD,9M,3M BBSW,0.04375699999981958
2024-05-31,AUD,9M,3M BBSW,0.0441181842630257
2024-05-30,AUD,9M,3M BBSW,0.044066227924291136
2024-05-29,AUD,9M,3M BBSW,0.044278756492073086
2024-05-28,AUD,9M,3M BBSW,0.04397999999993349
2024-05-27,AUD,9M,3M BBSW,0.04363699999984466
2024-05-24,AUD,9M,3M BBSW,0.04379873951821074
2024-05-23,AUD,9M,3M BBSW,0.04354453218950928
2024-05-22,AUD,9M,3M BBSW,0.04340591080587855
2024-05-21,AUD,9M,3M BBSW,0.04340099999953137
2024-05-20,AUD,9M,3M BBSW,0.0434899999998334
2024-05-17,AUD,9M,3M BBSW,0.043410393902960906
2024-05-16,AUD,9M,3M BBSW,0.043325358075149346
2024-05-15,AUD,9M,3M BBSW,0.04360401715100665
2024-05-14,AUD,9M,3M BBSW,0.044065999999527455
2024-05-13,AUD,9M,3M BBSW,0.043999999999831264
2024-05-10,AUD,9M,3M BBSW,0.04428176876566499
2024-05-09,AUD,9M,3M BBSW,0.044093491111617034
2024-05-08,AUD,9M,3M BBSW,0.043995738799295026
2024-05-07,AUD,9M,3M BBSW,0.044164999999366586
2024-05-06,AUD,9M,3M BBSW,0.04481999999980461
2024-05-03,AUD,9M,3M BBSW,0.04454566906800479
2024-05-02,AUD,9M,3M BBSW,0.04442526171166741
2024-05-01,AUD,9M,3M BBSW,0.04448032114635645
2024-04-30,AUD,9M,3M BBSW,0.04475799999987287
2024-04-29,AUD,9M,3M BBSW,0.044856000000545446
2024-04-26,AUD,9M,3M BBSW,0.04467012659701371
2024-04-24,AUD,9M,3M BBSW,0.04438099999981427
2024-04-23,AUD,9M,3M BBSW,0.043435000000184874
2024-04-22,AUD,9M,3M BBSW,0.04337099999967995
2024-04-19,AUD,9M,3M BBSW,0.0431245295995289
2024-04-18,AUD,9M,3M BBSW,0.04311878473564627
2024-04-17,AUD,9M,3M BBSW,0.04340999999943605
2024-04-16,AUD,9M,3M BBSW,0.04345699999984083
2024-04-15,AUD,9M,3M BBSW,0.04329899999985018
2024-04-12,AUD,9M,3M BBSW,0.04294619848632177
2024-04-11,AUD,9M,3M BBSW,0.04295196647845793
2024-04-10,AUD,9M,3M BBSW,0.043109999999596665
2024-04-09,AUD,9M,3M BBSW,0.04273899999884923
2024-04-08,AUD,9M,3M BBSW,0.042865999999845306
2024-04-04,AUD,9M,3M BBSW,0.04243164442129501
2024-04-03,AUD,9M,3M BBSW,0.04276500000115724
2024-04-02,AUD,9M,3M BBSW,0.042732000000497206
2024-03-28,AUD,9M,3M BBSW,0.042279595085850614
2024-03-27,AUD,9M,3M BBSW,0.042537000000115024
2024-03-26,AUD,9M,3M BBSW,0.04243330648803314
2024-03-25,AUD,9M,3M BBSW,0.04221815120914834
2024-03-22,AUD,9M,3M BBSW,0.042384625702188004
2024-03-21,AUD,9M,3M BBSW,0.04236894082024653
2024-03-20,AUD,9M,3M BBSW,0.042431000000406394
2024-03-19,AUD,9M,3M BBSW,0.0424799999996011
2024-03-18,AUD,9M,3M BBSW,0.04273700000047783
2024-03-15,AUD,9M,3M BBSW,0.04304390212785307
2024-03-14,AUD,9M,3M BBSW,0.042759597630656315
2024-03-13,AUD,9M,3M BBSW,0.04256800000039568
2024-03-12,AUD,9M,3M BBSW,0.04245099999993898
2024-03-11,AUD,9M,3M BBSW,0.04237700000011824
2024-03-08,AUD,9M,3M BBSW,0.04232714515988209
2024-03-07,AUD,9M,3M BBSW,0.0423669559325368
2024-03-06,AUD,9M,3M BBSW,0.042630000000346155
2024-03-05,AUD,9M,3M BBSW,0.04263299999993882
2024-03-04,AUD,9M,3M BBSW,0.042794000000461595
2024-03-01,AUD,9M,3M BBSW,0.04261190530885009
2024-02-29,AUD,9M,3M BBSW,0.04281800000038505
2024-02-28,AUD,9M,3M BBSW,0.0427410000010561
2024-02-27,AUD,9M,3M BBSW,0.04301100000019105
2024-02-26,AUD,9M,3M BBSW,0.04284423675097775
2024-02-23,AUD,9M,3M BBSW,0.042534795045419266
2024-02-22,AUD,9M,3M BBSW,0.042768000000152046
2024-02-21,AUD,9M,3M BBSW,0.04275399999884353
2024-02-20,AUD,9M,3M BBSW,0.04257100000037774
2024-02-19,AUD,9M,3M BBSW,0.042735892505634296
2024-02-16,AUD,9M,3M BBSW,0.042625153130586534
2024-02-15,AUD,9M,3M BBSW,0.04278900000037198
2024-02-14,AUD,9M,3M BBSW,0.043160999999810164
2024-02-13,AUD,9M,3M BBSW,0.04320399999980783
2024-02-12,AUD,9M,3M BBSW,0.04300782892111693
2024-02-09,AUD,9M,3M BBSW,0.04266883803584123
2024-02-08,AUD,9M,3M BBSW,0.04277100000035292
2024-02-07,AUD,9M,3M BBSW,0.04273700000033051
2024-02-06,AUD,9M,3M BBSW,0.04267900000034719
2024-02-05,AUD,9M,3M BBSW,0.042741704094668716
2024-02-02,AUD,9M,3M BBSW,0.042104849415375956
2024-02-01,AUD,9M,3M BBSW,0.04196900000012463
2024-01-31,AUD,9M,3M BBSW,0.04191100000042305
2024-01-30,AUD,9M,3M BBSW,0.04270100000014811
2024-01-29,AUD,9M,3M BBSW,0.04269400000038788
2024-01-25,AUD,9M,3M BBSW,0.04301739110102088
2024-01-24,AUD,9M,3M BBSW,0.04319800000037375
2024-01-23,AUD,9M,3M BBSW,0.04307600000028308
2024-01-22,AUD,9M,3M BBSW,0.04297399999967638
2024-01-19,AUD,9M,3M BBSW,0.042959778823689974
2024-01-18,AUD,9M,3M BBSW,0.043195000000403966
2024-01-17,AUD,9M,3M BBSW,0.043263999998769495
2024-01-16,AUD,9M,3M BBSW,0.04307099999980522
2024-01-15,AUD,9M,3M BBSW,0.04282100000023173
2024-01-12,AUD,9M,3M BBSW,0.0422885321555227
2024-01-11,AUD,9M,3M BBSW,0.042669000000430994
2024-01-10,AUD,9M,3M BBSW,0.04292899999883388
2024-01-09,AUD,9M,3M BBSW,0.042741999998815415
2024-01-08,AUD,9M,3M BBSW,0.0429399999988752
2024-01-05,AUD,9M,3M BBSW,0.042699449458745944
2024-01-04,AUD,9M,3M BBSW,0.042964999999821396
2024-01-03,AUD,9M,3M BBSW,0.042738999998882574
2024-01-02,AUD,9M,3M BBSW,0.042702999999813696
2023-12-29,AUD,9M,3M BBSW,0.04217943380159754
2023-12-28,AUD,9M,3M BBSW,0.04199472834142301
2023-12-27,AUD,9M,3M BBSW,0.042359999999663805
2023-12-22,AUD,9M,3M BBSW,0.042484946796415304
2023-12-21,AUD,9M,3M BBSW,0.04223304203125075
2023-12-20,AUD,9M,3M BBSW,0.042659999999875506
2023-12-19,AUD,9M,3M BBSW,0.0428979999988751
2023-12-18,AUD,9M,3M BBSW,0.04271899999880836
2023-12-15,AUD,9M,3M BBSW,0.04310308562515916
2023-12-14,AUD,9M,3M BBSW,0.04285567609478095
2023-12-13,AUD,9M,3M BBSW,0.04270999999959295
2023-12-12,AUD,9M,3M BBSW,0.04365500000032529
2023-12-11,AUD,9M,3M BBSW,0.043668000000356325
2023-12-07,AUD,9M,3M BBSW,0.043239931361855125
2023-12-06,AUD,9M,3M BBSW,0.04332500000094496
2023-12-05,AUD,9M,3M BBSW,0.04378799999985589
2023-12-04,AUD,9M,3M BBSW,0.04473699999980973
2023-12-01,AUD,9M,3M BBSW,0.04417260609198362
2023-11-30,AUD,9M,3M BBSW,0.04457128568533083
2023-11-29,AUD,9M,3M BBSW,0.04450500000099682
2023-11-28,AUD,9M,3M BBSW,0.04504800000048034
2023-11-27,AUD,9M,3M BBSW,0.04513599999984455
2023-11-24,AUD,9M,3M BBSW,0.04500149744223943
2023-11-23,AUD,9M,3M BBSW,0.04523199999981722
2023-11-22,AUD,9M,3M BBSW,0.04528600000029515
2023-11-21,AUD,9M,3M BBSW,0.04454599999982242
2023-11-20,AUD,9M,3M BBSW,0.04473799999984173
2023-11-17,AUD,9M,3M BBSW,0.04439443231470798
2023-11-16,AUD,9M,3M BBSW,0.04450400000012788
2023-11-15,AUD,9M,3M BBSW,0.04507400000096105
2023-11-14,AUD,9M,3M BBSW,0.045162000000180946
2023-11-13,AUD,9M,3M BBSW,0.04548699999978095
2023-11-10,AUD,9M,3M BBSW,0.04508492858472274
2023-11-09,AUD,9M,3M BBSW,0.045387000000126874
2023-11-08,AUD,9M,3M BBSW,0.04506999999975224
2023-11-07,AUD,9M,3M BBSW,0.04513100000015165
2023-11-06,AUD,9M,3M BBSW,0.045287000000182875
2023-11-03,AUD,9M,3M BBSW,0.044477273217293556
2023-11-02,AUD,9M,3M BBSW,0.04514199999998707
2023-11-01,AUD,9M,3M BBSW,0.0452039999995488
2023-10-31,AUD,9M,3M BBSW,0.045670000000282054
2023-10-30,AUD,9M,3M BBSW,0.04540700000017083
2023-10-26,AUD,9M,3M BBSW,0.044785127886560236
2023-10-25,AUD,9M,3M BBSW,0.04470716394141745
2023-10-24,AUD,9M,3M BBSW,0.04392300000016833
2023-10-23,AUD,9M,3M BBSW,0.04367900000047411
2023-10-20,AUD,9M,3M BBSW,0.04337695082806945
2023-10-19,AUD,9M,3M BBSW,0.04373199999979515
2023-10-18,AUD,9M,3M BBSW,0.043993999999630155
2023-10-17,AUD,9M,3M BBSW,0.04386499999981453
2023-10-16,AUD,9M,3M BBSW,0.042706999999850816
2023-10-12,AUD,9M,3M BBSW,0.04270299999986524
2023-10-11,AUD,9M,3M BBSW,0.04243199999957621
2023-10-10,AUD,9M,3M BBSW,0.042520999999869274
2023-10-09,AUD,9M,3M BBSW,0.042393999999868405
2023-10-05,AUD,9M,3M BBSW,0.04274399999985878
2023-10-04,AUD,9M,3M BBSW,0.042906999999573994
2023-10-03,AUD,9M,3M BBSW,0.04325800000047235
2023-09-29,AUD,9M,3M BBSW,0.04331911076377991
2023-09-28,AUD,9M,3M BBSW,0.04334899999965779
2023-09-27,AUD,9M,3M BBSW,0.04320500000019287
2023-09-26,AUD,9M,3M BBSW,0.04320444017087175
2023-09-25,AUD,9M,3M BBSW,0.043288468960378836
2023-09-22,AUD,9M,3M BBSW,0.04288738806870887
2023-09-21,AUD,9M,3M BBSW,0.04337700000065464
2023-09-20,AUD,9M,3M BBSW,0.04342399999983296
2023-09-19,AUD,9M,3M BBSW,0.04309199999880425
2023-09-18,AUD,9M,3M BBSW,0.04267900000033249
2023-09-15,AUD,9M,3M BBSW,0.04256725664111807
2023-09-14,AUD,9M,3M BBSW,0.042448000000432466
2023-09-13,AUD,9M,3M BBSW,0.04247100000040385
2023-09-12,AUD,9M,3M BBSW,0.04251500000037723
2023-09-11,AUD,9M,3M BBSW,0.04244700000039426
2023-09-08,AUD,9M,3M BBSW,0.04188825636996443
2023-09-07,AUD,9M,3M BBSW,0.04220599999984838
2023-09-06,AUD,9M,3M BBSW,0.0422059999998585
2023-09-05,AUD,9M,3M BBSW,0.042350000000477506
2023-09-04,AUD,9M,3M BBSW,0.042434000000418595
2023-09-01,AUD,9M,3M BBSW,0.04196096320446797
2023-08-31,AUD,9M,3M BBSW,0.04231700000045713
2023-08-30,AUD,9M,3M BBSW,0.04238000000016014
2023-08-28,AUD,9M,3M BBSW,0.04264199999984787
2023-08-25,AUD,9M,3M BBSW,0.042358449642807924
2023-08-24,AUD,9M,3M BBSW,0.042638709623636084
2023-08-23,AUD,9M,3M BBSW,0.042517000000442395
2023-08-22,AUD,9M,3M BBSW,0.042781999999590106
2023-08-21,AUD,9M,3M BBSW,0.04282599999984502
2023-08-18,AUD,9M,3M BBSW,0.04250411287171359
2023-08-17,AUD,9M,3M BBSW,0.043018639653479275
2023-08-16,AUD,9M,3M BBSW,0.04302400000053193
2023-08-15,AUD,9M,3M BBSW,0.043188999999462074
2023-08-14,AUD,9M,3M BBSW,0.04344999999984037
2023-08-11,AUD,9M,3M BBSW,0.042797328640494105
2023-08-10,AUD,9M,3M BBSW,0.0428866763250417
2023-08-09,AUD,9M,3M BBSW,0.043088000000563474
2023-08-08,AUD,9M,3M BBSW,0.04287899999933937
2023-08-04,AUD,9M,3M BBSW,0.04264626737957753
2023-08-03,AUD,9M,3M BBSW,0.04311963726389724
2023-08-02,AUD,9M,3M BBSW,0.042932000000466645
2023-08-01,AUD,9M,3M BBSW,0.04324899999916967
2023-07-31,AUD,9M,3M BBSW,0.04419824360932663
2023-07-28,AUD,9M,3M BBSW,0.0437027963889661
2023-07-27,AUD,9M,3M BBSW,0.043961312399482304
2023-07-25,AUD,9M,3M BBSW,0.04513775592044031
2023-07-24,AUD,9M,3M BBSW,0.0451679999998269
2023-07-21,AUD,9M,3M BBSW,0.045203739955151576
2023-07-20,AUD,9M,3M BBSW,0.04490047949221328
2023-07-19,AUD,9M,3M BBSW,0.044469999999863105
2023-07-18,AUD,9M,3M BBSW,0.0446549999993301
2023-07-17,AUD,9M,3M BBSW,0.044658999999664106
2023-07-14,AUD,9M,3M BBSW,0.04483527685506211
2023-07-13,AUD,9M,3M BBSW,0.04398414559222125
2023-07-12,AUD,9M,3M BBSW,0.04472799999985862
2023-07-11,AUD,9M,3M BBSW,0.045399999999403945
2023-07-10,AUD,9M,3M BBSW,0.045606999999654875
2023-07-07,AUD,9M,3M BBSW,0.04605106875693011
2023-07-06,AUD,9M,3M BBSW,0.04571055815793662
2023-07-05,AUD,9M,3M BBSW,0.04536100000045263
2023-07-04,AUD,9M,3M BBSW,0.04521999999942458
2023-07-03,AUD,9M,3M BBSW,0.045482999999823456
2023-06-30,AUD,9M,3M BBSW,0.04609847624744694
2023-06-29,AUD,9M,3M BBSW,0.04560149587486986
2023-06-28,AUD,9M,3M BBSW,0.044839999999884854
2023-06-27,AUD,9M,3M BBSW,0.0453159999998671
2023-06-26,AUD,9M,3M BBSW,0.045189119679296494
2023-06-22,AUD,9M,3M BBSW,0.045808999999744214
2023-06-21,AUD,9M,3M BBSW,0.04509599999981913
2023-06-20,AUD,9M,3M BBSW,0.04524999999985068
2023-06-19,AUD,9M,3M BBSW,0.045878000000369
2023-06-15,AUD,9M,3M BBSW,0.04553700000001078
2023-06-14,AUD,9M,3M BBSW,0.044892999998879836
2023-06-13,AUD,9M,3M BBSW,0.04477299999982949
2023-06-09,AUD,9M,3M BBSW,0.04419579850504405
2023-06-08,AUD,9M,3M BBSW,0.04457299999984038
2023-06-07,AUD,9M,3M BBSW,0.044360000000309666
2023-06-06,AUD,9M,3M BBSW,0.04305600000016413
2023-06-05,AUD,9M,3M BBSW,0.041971000000400396
2023-06-01,AUD,9M,3M BBSW,0.04126499999886138
2023-05-31,AUD,9M,3M BBSW,0.040900307053197735
2023-05-30,AUD,9M,3M BBSW,0.04059932198366831
2023-05-29,AUD,9M,3M BBSW,0.040330999999854414
2023-05-26,AUD,9M,3M BBSW,0.04045699628648228
2023-05-25,AUD,9M,3M BBSW,0.040371219027189216
2023-05-24,AUD,9M,3M BBSW,0.03997329759376722
2023-05-23,AUD,9M,3M BBSW,0.04017500000013938
2023-05-22,AUD,9M,3M BBSW,0.040055000000362974
2023-05-19,AUD,9M,3M BBSW,0.040187941941788645
2023-05-18,AUD,9M,3M BBSW,0.04013809266576535
2023-05-17,AUD,9M,3M BBSW,0.039506589005100456
2023-05-16,AUD,9M,3M BBSW,0.03957100000015488
2023-05-15,AUD,9M,3M BBSW,0.03945399999982591
2023-05-12,AUD,9M,3M BBSW,0.03878018944319659
2023-05-11,AUD,9M,3M BBSW,0.03846233193161984
2023-05-10,AUD,9M,3M BBSW,0.03835573559612397
2023-05-09,AUD,9M,3M BBSW,0.03864900000019793
2023-05-08,AUD,9M,3M BBSW,0.03871100000040452
2023-05-05,AUD,9M,3M BBSW,0.03857338937313152
2023-05-04,AUD,9M,3M BBSW,0.03791935277560049
2023-05-03,AUD,9M,3M BBSW,0.03829516586263528
2023-05-02,AUD,9M,3M BBSW,0.03846000000093564
2023-05-01,AUD,9M,3M BBSW,0.03727700000031859
2023-04-28,AUD,9M,3M BBSW,0.03663257319603826
2023-04-27,AUD,9M,3M BBSW,0.03686241299119934
2023-04-26,AUD,9M,3M BBSW,0.03626499382553165
2023-04-24,AUD,9M,3M BBSW,0.03751300000041444
2023-04-21,AUD,9M,3M BBSW,0.03762187513174821
2023-04-20,AUD,9M,3M BBSW,0.037337035651209736
2023-04-19,AUD,9M,3M BBSW,0.03768100000021082
2023-04-18,AUD,9M,3M BBSW,0.03747500000022604
2023-04-17,AUD,9M,3M BBSW,0.03681299999983696
2023-04-14,AUD,9M,3M BBSW,0.03669619486532042
2023-04-13,AUD,9M,3M BBSW,0.03643346393649406
2023-04-12,AUD,9M,3M BBSW,0.03626099999883394
2023-04-11,AUD,9M,3M BBSW,0.03596700000033222
2023-04-06,AUD,9M,3M BBSW,0.03525583165343428
2023-04-05,AUD,9M,3M BBSW,0.03562999999985908
2023-04-04,AUD,9M,3M BBSW,0.03590100000040068
2023-04-03,AUD,9M,3M BBSW,0.03642599999967465
2023-03-31,AUD,9M,3M BBSW,0.03635119602217379
2023-03-30,AUD,9M,3M BBSW,0.0364435036337958
2023-03-29,AUD,9M,3M BBSW,0.036373999999739934
2023-03-28,AUD,9M,3M BBSW,0.0361690000007762
2023-03-27,AUD,9M,3M BBSW,0.03587300000041011
2023-03-24,AUD,9M,3M BBSW,0.035183262625686294
2023-03-23,AUD,9M,3M BBSW,0.03531955282292908
2023-03-22,AUD,9M,3M BBSW,0.03555800000049422
2023-03-21,AUD,9M,3M BBSW,0.03561599999955884
2023-03-20,AUD,9M,3M BBSW,0.03485599999954965
2023-03-17,AUD,9M,3M BBSW,0.03495976125764056
2023-03-16,AUD,9M,3M BBSW,0.035811573630357835
2023-03-15,AUD,9M,3M BBSW,0.03542299999985876
2023-03-14,AUD,9M,3M BBSW,0.037121999999611834
2023-03-13,AUD,9M,3M BBSW,0.03626899999967901
2023-03-10,AUD,9M,3M BBSW,0.0383688681492724
2023-03-09,AUD,9M,3M BBSW,0.03876110385247003
2023-03-08,AUD,9M,3M BBSW,0.03946399999984197
2023-03-07,AUD,9M,3M BBSW,0.039404000000131
2023-03-06,AUD,9M,3M BBSW,0.03988399999982974
2023-03-03,AUD,9M,3M BBSW,0.0401671525276817
2023-03-02,AUD,9M,3M BBSW,0.04024727835089124
2023-03-01,AUD,9M,3M BBSW,0.040324999999582604
2023-02-28,AUD,9M,3M BBSW,0.040748510458603907
2023-02-27,AUD,9M,3M BBSW,0.04031895831347879
2023-02-24,AUD,9M,3M BBSW,0.040195999999879765
2023-02-23,AUD,9M,3M BBSW,0.040105999999564136
2023-02-22,AUD,9M,3M BBSW,0.03993100000019623
2025-11-03,AUD,1Y,3M BBSW,0.03560399999999987
2025-10-31,AUD,1Y,3M BBSW,0.03529699999999995
2025-10-30,AUD,1Y,3M BBSW,0.03531200000000005
2025-10-29,AUD,1Y,3M BBSW,0.03547400000000015
2025-10-28,AUD,1Y,3M BBSW,0.034019
2025-10-27,AUD,1Y,3M BBSW,0.03408800000000013
2025-10-24,AUD,1Y,3M BBSW,0.03337392949935129
2025-10-23,AUD,1Y,3M BBSW,0.03353900000000012
2025-10-22,AUD,1Y,3M BBSW,0.03322700000000002
2025-10-21,AUD,1Y,3M BBSW,0.03337600000000019
2025-10-20,AUD,1Y,3M BBSW,0.03324900000000008
2025-10-17,AUD,1Y,3M BBSW,0.03306590877027004
2025-10-16,AUD,1Y,3M BBSW,0.03303800000000011
2025-10-15,AUD,1Y,3M BBSW,0.03449300000000003
2025-10-14,AUD,1Y,3M BBSW,0.03450100000000013
2025-10-13,AUD,1Y,3M BBSW,0.03446700000000016
2025-10-10,AUD,1Y,3M BBSW,0.03491496265024469
2025-10-09,AUD,1Y,3M BBSW,0.03491800000000016
2025-10-08,AUD,1Y,3M BBSW,0.03462100000000005
2025-10-07,AUD,1Y,3M BBSW,0.03458200000000013
2025-10-03,AUD,1Y,3M BBSW,0.03430781959361774
2025-10-02,AUD,1Y,3M BBSW,0.03447299999999979
2025-10-01,AUD,1Y,3M BBSW,0.034636192366144486
2025-09-30,AUD,1Y,3M BBSW,0.03486000000009399
2025-09-29,AUD,1Y,3M BBSW,0.03442820159711599
2025-09-26,AUD,1Y,3M BBSW,0.0344840350898189
2025-09-25,AUD,1Y,3M BBSW,0.03468086838652915
2025-09-24,AUD,1Y,3M BBSW,0.0346509999999999
2025-09-23,AUD,1Y,3M BBSW,0.03352100000000036
2025-09-22,AUD,1Y,3M BBSW,0.0336552414571678
2025-09-19,AUD,1Y,3M BBSW,0.03318635722637584
2025-09-18,AUD,1Y,3M BBSW,0.033318999999999856
2025-09-17,AUD,1Y,3M BBSW,0.03343000000000008
2025-09-16,AUD,1Y,3M BBSW,0.03346099999998294
2025-09-15,AUD,1Y,3M BBSW,0.03348148775832602
2025-09-12,AUD,1Y,3M BBSW,0.03343800972869649
2025-09-11,AUD,1Y,3M BBSW,0.03353200000076979
2025-09-10,AUD,1Y,3M BBSW,0.03340100000007487
2025-09-09,AUD,1Y,3M BBSW,0.03368599999999222
2025-09-08,AUD,1Y,3M BBSW,0.0334585234563884
2025-09-05,AUD,1Y,3M BBSW,0.03335743061226955
2025-09-04,AUD,1Y,3M BBSW,0.03364500000073503
2025-09-03,AUD,1Y,3M BBSW,0.033774000000110015
2025-09-02,AUD,1Y,3M BBSW,0.03333499999998986
2025-09-01,AUD,1Y,3M BBSW,0.033313262343510466
2025-08-29,AUD,1Y,3M BBSW,0.0330276001218506
2025-08-28,AUD,1Y,3M BBSW,0.03312470170010596
2025-08-27,AUD,1Y,3M BBSW,0.033057000000192606
2025-08-26,AUD,1Y,3M BBSW,0.03307000000060028
2025-08-25,AUD,1Y,3M BBSW,0.03302600000013451
2025-08-22,AUD,1Y,3M BBSW,0.03293448212454909
2025-08-21,AUD,1Y,3M BBSW,0.0330916009235828
2025-08-20,AUD,1Y,3M BBSW,0.032948000000266514
2025-08-19,AUD,1Y,3M BBSW,0.033166000000092025
2025-08-18,AUD,1Y,3M BBSW,0.0330590000000983
2025-08-15,AUD,1Y,3M BBSW,0.03306205659890046
2025-08-14,AUD,1Y,3M BBSW,0.0330638500627352
2025-08-13,AUD,1Y,3M BBSW,0.03284800000036916
2025-08-12,AUD,1Y,3M BBSW,0.03313600000011791
2025-08-11,AUD,1Y,3M BBSW,0.03352300000011359
2025-08-08,AUD,1Y,3M BBSW,0.03328855235658329
2025-08-07,AUD,1Y,3M BBSW,0.03347557746957476
2025-08-06,AUD,1Y,3M BBSW,0.03345500000031291
2025-08-05,AUD,1Y,3M BBSW,0.033380000000117496
2025-08-01,AUD,1Y,3M BBSW,0.03338460248768777
2025-07-31,AUD,1Y,3M BBSW,0.03373372317602521
2025-07-30,AUD,1Y,3M BBSW,0.03357900000039859
2025-07-29,AUD,1Y,3M BBSW,0.033707000000114326
2025-07-28,AUD,1Y,3M BBSW,0.03388700000010459
2025-07-25,AUD,1Y,3M BBSW,0.03387907708215382
2025-07-24,AUD,1Y,3M BBSW,0.0339677689791614
2025-07-23,AUD,1Y,3M BBSW,0.03364800000032201
2025-07-22,AUD,1Y,3M BBSW,0.033442000000119126
2025-07-21,AUD,1Y,3M BBSW,0.0333940000001123
2025-07-18,AUD,1Y,3M BBSW,0.03312604874951096
2025-07-17,AUD,1Y,3M BBSW,0.03318959624552346
2025-07-16,AUD,1Y,3M BBSW,0.0341340000002934
2025-07-15,AUD,1Y,3M BBSW,0.0343650000000877
2025-07-14,AUD,1Y,3M BBSW,0.03397700000009529
2025-07-11,AUD,1Y,3M BBSW,0.03364913189980708
2025-07-10,AUD,1Y,3M BBSW,0.03386553482975309
2025-07-09,AUD,1Y,3M BBSW,0.03377800000039492
2025-07-08,AUD,1Y,3M BBSW,0.034012000000028283
2025-07-07,AUD,1Y,3M BBSW,0.0325760000001083
2025-07-04,AUD,1Y,3M BBSW,0.03230824211902217
2025-07-03,AUD,1Y,3M BBSW,0.03257894476067293
2025-07-02,AUD,1Y,3M BBSW,0.03224600000055314
2025-07-01,AUD,1Y,3M BBSW,0.03223833811042085
2025-06-30,AUD,1Y,3M BBSW,0.032245019718502445
2025-06-27,AUD,1Y,3M BBSW,0.03210537455376584
2025-06-26,AUD,1Y,3M BBSW,0.03216903086136974
2025-06-25,AUD,1Y,3M BBSW,0.03229635348971763
2025-06-24,AUD,1Y,3M BBSW,0.03270300000013476
2025-06-23,AUD,1Y,3M BBSW,0.03294300000012692
2025-06-20,AUD,1Y,3M BBSW,0.03293578120712006
2025-06-19,AUD,1Y,3M BBSW,0.03324299999999012
2025-06-18,AUD,1Y,3M BBSW,0.03348500000036466
2025-06-17,AUD,1Y,3M BBSW,0.033192000000135696
2025-06-16,AUD,1Y,3M BBSW,0.03319400000013363
2025-06-13,AUD,1Y,3M BBSW,0.03282837076801999
2025-06-12,AUD,1Y,3M BBSW,0.03301099999998894
2025-06-11,AUD,1Y,3M BBSW,0.03346600000036378
2025-06-10,AUD,1Y,3M BBSW,0.03364700000016827
2025-06-06,AUD,1Y,3M BBSW,0.03343845436866389
2025-06-05,AUD,1Y,3M BBSW,0.03326099999985953
2025-06-04,AUD,1Y,3M BBSW,0.03294700000038265
2025-06-03,AUD,1Y,3M BBSW,0.03304700000012009
2025-06-02,AUD,1Y,3M BBSW,0.03355300000010804
2025-05-30,AUD,1Y,3M BBSW,0.03351966820123402
2025-05-29,AUD,1Y,3M BBSW,0.033765439357035375
2025-05-28,AUD,1Y,3M BBSW,0.03423971630218618
2025-05-27,AUD,1Y,3M BBSW,0.03363000000008776
2025-05-26,AUD,1Y,3M BBSW,0.03364399999998136
2025-05-23,AUD,1Y,3M BBSW,0.03363565971995385
2025-05-22,AUD,1Y,3M BBSW,0.034055767460045266
2025-05-21,AUD,1Y,3M BBSW,0.03428555263296547
2025-05-20,AUD,1Y,3M BBSW,0.03395300000012124
2025-05-19,AUD,1Y,3M BBSW,0.03569299999949188
2025-05-16,AUD,1Y,3M BBSW,0.0357710036485916
2025-05-15,AUD,1Y,3M BBSW,0.03559064074275323
2025-05-14,AUD,1Y,3M BBSW,0.03562295313305445
2025-05-13,AUD,1Y,3M BBSW,0.03544499999992516
2025-05-12,AUD,1Y,3M BBSW,0.03535800000006982
2025-05-09,AUD,1Y,3M BBSW,0.034099115727957756
2025-05-08,AUD,1Y,3M BBSW,0.03425376640155711
2025-05-07,AUD,1Y,3M BBSW,0.03381264196325339
2025-05-06,AUD,1Y,3M BBSW,0.033998000000097124
2025-05-05,AUD,1Y,3M BBSW,0.0341460000001023
2025-05-02,AUD,1Y,3M BBSW,0.03402879915665014
2025-05-01,AUD,1Y,3M BBSW,0.03386084584794243
2025-04-30,AUD,1Y,3M BBSW,0.03373800000069173
2025-04-29,AUD,1Y,3M BBSW,0.03359900000029334
2025-04-28,AUD,1Y,3M BBSW,0.033451000000089076
2025-04-24,AUD,1Y,3M BBSW,0.03380395455418034
2025-04-23,AUD,1Y,3M BBSW,0.03415799999979516
2025-04-22,AUD,1Y,3M BBSW,0.03399600000016043
2025-04-17,AUD,1Y,3M BBSW,0.03392963246231795
2025-04-16,AUD,1Y,3M BBSW,0.03372999999947447
2025-04-15,AUD,1Y,3M BBSW,0.03399100000018765
2025-04-14,AUD,1Y,3M BBSW,0.03372100000020864
2025-04-11,AUD,1Y,3M BBSW,0.03382069891501497
2025-04-10,AUD,1Y,3M BBSW,0.03351669548693823
2025-04-09,AUD,1Y,3M BBSW,0.03422600000018964
2025-04-08,AUD,1Y,3M BBSW,0.03370400000020727
2025-04-07,AUD,1Y,3M BBSW,0.03511000000013349
2025-04-04,AUD,1Y,3M BBSW,0.03486086113481633
2025-03-28,AUD,1Y,3M BBSW,0.03776708124912296
2025-03-27,AUD,1Y,3M BBSW,0.03812628634869811
2025-03-26,AUD,1Y,3M BBSW,0.03809127812697056
2025-03-25,AUD,1Y,3M BBSW,0.03815635394048587
2025-03-24,AUD,1Y,3M BBSW,0.03795900000008912
2025-03-21,AUD,1Y,3M BBSW,0.03766067686781422
2025-03-20,AUD,1Y,3M BBSW,0.037914336982968665
2025-03-19,AUD,1Y,3M BBSW,0.03829299999991357
2025-03-18,AUD,1Y,3M BBSW,0.03825000000007551
2025-03-17,AUD,1Y,3M BBSW,0.038156000000078974
2025-03-14,AUD,1Y,3M BBSW,0.03807766086310361
2025-03-13,AUD,1Y,3M BBSW,0.037949332509568834
2025-03-12,AUD,1Y,3M BBSW,0.03817799999991071
2025-03-11,AUD,1Y,3M BBSW,0.03807200000008357
2025-03-10,AUD,1Y,3M BBSW,0.03787200000008881
2025-03-07,AUD,1Y,3M BBSW,0.037970043840600855
2025-03-06,AUD,1Y,3M BBSW,0.03833522441568399
2025-03-05,AUD,1Y,3M BBSW,0.03857200000023489
2025-03-04,AUD,1Y,3M BBSW,0.03838200000007714
2025-03-03,AUD,1Y,3M BBSW,0.03813600000008414
2025-02-28,AUD,1Y,3M BBSW,0.03850804862073802
2025-02-27,AUD,1Y,3M BBSW,0.03852999999996366
2025-02-26,AUD,1Y,3M BBSW,0.0386520000000095
2025-02-25,AUD,1Y,3M BBSW,0.038736988758055466
2025-02-24,AUD,1Y,3M BBSW,0.0388309824582283
2025-02-21,AUD,1Y,3M BBSW,0.03911074339976109
2025-02-20,AUD,1Y,3M BBSW,0.03953999999998352
2025-02-19,AUD,1Y,3M BBSW,0.039344000000010614
2025-02-18,AUD,1Y,3M BBSW,0.03955394455526228
2025-02-17,AUD,1Y,3M BBSW,0.039097948344203125
2025-02-14,AUD,1Y,3M BBSW,0.03920178034198853
2025-02-13,AUD,1Y,3M BBSW,0.03893299999996954
2025-02-12,AUD,1Y,3M BBSW,0.039493999999136636
2025-02-11,AUD,1Y,3M BBSW,0.03915896597541532
2025-02-10,AUD,1Y,3M BBSW,0.03880900409801689
2025-02-07,AUD,1Y,3M BBSW,0.038649166184678674
2025-02-06,AUD,1Y,3M BBSW,0.03852999999996559
2025-02-05,AUD,1Y,3M BBSW,0.038520000000282
2025-02-04,AUD,1Y,3M BBSW,0.03881198007523064
2025-02-03,AUD,1Y,3M BBSW,0.0387900126911304
2025-01-31,AUD,1Y,3M BBSW,0.03901340531759157
2025-01-30,AUD,1Y,3M BBSW,0.03892999999997852
2025-01-29,AUD,1Y,3M BBSW,0.03905799999997142
2025-01-28,AUD,1Y,3M BBSW,0.03961200000016343
2025-01-24,AUD,1Y,3M BBSW,0.03960513108980201
2025-01-23,AUD,1Y,3M BBSW,0.03999199999987705
2025-01-22,AUD,1Y,3M BBSW,0.04022399999986262
2025-01-21,AUD,1Y,3M BBSW,0.040132920156657315
2025-01-20,AUD,1Y,3M BBSW,0.040118806221716236
2025-01-17,AUD,1Y,3M BBSW,0.04019893219198964
2025-01-16,AUD,1Y,3M BBSW,0.040311999999737995
2025-01-15,AUD,1Y,3M BBSW,0.040271999999837035
2025-01-14,AUD,1Y,3M BBSW,0.040807999999914885
2025-01-13,AUD,1Y,3M BBSW,0.040723697119122174
2025-01-10,AUD,1Y,3M BBSW,0.04033122752100114
2025-01-09,AUD,1Y,3M BBSW,0.03996999999968424
2025-01-08,AUD,1Y,3M BBSW,0.04023699999982666
2025-01-07,AUD,1Y,3M BBSW,0.04061199999983564
2025-01-06,AUD,1Y,3M BBSW,0.04030677447855038
2025-01-03,AUD,1Y,3M BBSW,0.03982389693162132
2025-01-02,AUD,1Y,3M BBSW,0.039967000000080445
2024-12-31,AUD,1Y,3M BBSW,0.040026000000196314
2024-12-30,AUD,1Y,3M BBSW,0.040140892106250874
2024-12-27,AUD,1Y,3M BBSW,0.03986764235658767
2024-12-24,AUD,1Y,3M BBSW,0.04033299999905378
2024-12-23,AUD,1Y,3M BBSW,0.04046898321757546
2024-12-20,AUD,1Y,3M BBSW,0.040630507531619724
2024-12-19,AUD,1Y,3M BBSW,0.040842999999288775
2024-12-18,AUD,1Y,3M BBSW,0.04076000000012289
2024-12-17,AUD,1Y,3M BBSW,0.040653999999826496
2024-12-16,AUD,1Y,3M BBSW,0.04084841094744651
2024-12-13,AUD,1Y,3M BBSW,0.04085530567837046
2024-12-12,AUD,1Y,3M BBSW,0.04109200000035111
2024-12-11,AUD,1Y,3M BBSW,0.04012399999983188
2024-12-10,AUD,1Y,3M BBSW,0.04029999999981568
2024-12-09,AUD,1Y,3M BBSW,0.04112664399625693
2024-12-06,AUD,1Y,3M BBSW,0.04068423364553979
2024-12-05,AUD,1Y,3M BBSW,0.04117400000007556
2024-12-04,AUD,1Y,3M BBSW,0.04091999999981247
2024-12-03,AUD,1Y,3M BBSW,0.041950999999831186
2024-12-02,AUD,1Y,3M BBSW,0.041904613655974844
2024-11-29,AUD,1Y,3M BBSW,0.04204889883687396
2024-11-28,AUD,1Y,3M BBSW,0.04209400000012281
2024-11-27,AUD,1Y,3M BBSW,0.04203499999983991
2024-11-26,AUD,1Y,3M BBSW,0.042188000000108625
2024-11-25,AUD,1Y,3M BBSW,0.04223679990242947
2024-11-22,AUD,1Y,3M BBSW,0.04231103591696145
2024-11-21,AUD,1Y,3M BBSW,0.0427070000001054
2024-11-20,AUD,1Y,3M BBSW,0.042584999999513956
2024-11-19,AUD,1Y,3M BBSW,0.04244200000010526
2024-11-18,AUD,1Y,3M BBSW,0.042292796416478054
2024-11-15,AUD,1Y,3M BBSW,0.04294032272896392
2024-11-14,AUD,1Y,3M BBSW,0.04304700000010089
2024-11-13,AUD,1Y,3M BBSW,0.04317599999986502
2024-11-12,AUD,1Y,3M BBSW,0.04313300000010289
2024-11-11,AUD,1Y,3M BBSW,0.042784761532578326
2024-11-08,AUD,1Y,3M BBSW,0.042324885823753294
2024-11-07,AUD,1Y,3M BBSW,0.04258500000008859
2024-11-06,AUD,1Y,3M BBSW,0.04265199999950858
2024-11-05,AUD,1Y,3M BBSW,0.042717000000100196
2024-11-04,AUD,1Y,3M BBSW,0.04232462512472562
2024-11-01,AUD,1Y,3M BBSW,0.042265305610403286
2024-10-31,AUD,1Y,3M BBSW,0.042724000000082786
2024-10-30,AUD,1Y,3M BBSW,0.04266599999991449
2024-10-29,AUD,1Y,3M BBSW,0.04209800000008283
2024-10-28,AUD,1Y,3M BBSW,0.04201800000009466
2024-10-24,AUD,1Y,3M BBSW,0.04185800000005191
2024-10-23,AUD,1Y,3M BBSW,0.04225299999991286
2024-10-22,AUD,1Y,3M BBSW,0.042126999999888205
2024-10-21,AUD,1Y,3M BBSW,0.041814837200576015
2024-10-17,AUD,1Y,3M BBSW,0.04174700000007988
2024-10-16,AUD,1Y,3M BBSW,0.04086200000055569
2024-10-15,AUD,1Y,3M BBSW,0.04116600000010001
2024-10-14,AUD,1Y,3M BBSW,0.04135399999988805
2024-10-11,AUD,1Y,3M BBSW,0.04123805567443796
2024-10-10,AUD,1Y,3M BBSW,0.041340000000080784
2024-10-09,AUD,1Y,3M BBSW,0.04145099999974474
2024-10-08,AUD,1Y,3M BBSW,0.0411760000001016
2024-10-04,AUD,1Y,3M BBSW,0.04062649206493172
2024-10-03,AUD,1Y,3M BBSW,0.04008800000079926
2024-10-02,AUD,1Y,3M BBSW,0.03998899999974463
2024-10-01,AUD,1Y,3M BBSW,0.03992310627715587
2024-09-30,AUD,1Y,3M BBSW,0.03992795587774779
2024-09-27,AUD,1Y,3M BBSW,0.03942494472262266
2024-09-26,AUD,1Y,3M BBSW,0.03975877125712471
2024-09-25,AUD,1Y,3M BBSW,0.03956376234950987
2024-09-24,AUD,1Y,3M BBSW,0.039316000000134584
2024-09-23,AUD,1Y,3M BBSW,0.040079945595421315
2024-09-20,AUD,1Y,3M BBSW,0.03969551671548317
2024-09-19,AUD,1Y,3M BBSW,0.03989000000009826
2024-09-18,AUD,1Y,3M BBSW,0.0395820000000924
2024-09-17,AUD,1Y,3M BBSW,0.03933200000009221
2024-09-16,AUD,1Y,3M BBSW,0.03909900715037046
2024-09-13,AUD,1Y,3M BBSW,0.03915835653776477
2024-09-12,AUD,1Y,3M BBSW,0.03963300000009617
2024-09-11,AUD,1Y,3M BBSW,0.03998699999981038
2024-09-10,AUD,1Y,3M BBSW,0.03988199999981161
2024-09-09,AUD,1Y,3M BBSW,0.040231949505555545
2024-09-06,AUD,1Y,3M BBSW,0.03993226381627991
2024-09-05,AUD,1Y,3M BBSW,0.040420999999721756
2024-09-04,AUD,1Y,3M BBSW,0.04013299999989976
2024-09-03,AUD,1Y,3M BBSW,0.04049799999990182
2024-09-02,AUD,1Y,3M BBSW,0.040954884951835864
2024-08-30,AUD,1Y,3M BBSW,0.0408260349161647
2024-08-29,AUD,1Y,3M BBSW,0.04063000000086382
2024-08-27,AUD,1Y,3M BBSW,0.03991599999990531
2024-08-26,AUD,1Y,3M BBSW,0.03982599999991209
2024-08-23,AUD,1Y,3M BBSW,0.039935539469397235
2024-08-22,AUD,1Y,3M BBSW,0.04039491092083307
2024-08-21,AUD,1Y,3M BBSW,0.04036100000028899
2024-08-20,AUD,1Y,3M BBSW,0.04046799999969062
2024-08-19,AUD,1Y,3M BBSW,0.040637999999919475
2024-08-16,AUD,1Y,3M BBSW,0.040390060440867445
2024-08-15,AUD,1Y,3M BBSW,0.0408183744727113
2024-08-14,AUD,1Y,3M BBSW,0.04010900000027674
2024-08-13,AUD,1Y,3M BBSW,0.04055699999969559
2024-08-12,AUD,1Y,3M BBSW,0.04097199999990774
2024-08-09,AUD,1Y,3M BBSW,0.04093707401071728
2024-08-08,AUD,1Y,3M BBSW,0.04125180400461753
2024-08-07,AUD,1Y,3M BBSW,0.0411360000003487
2024-08-06,AUD,1Y,3M BBSW,0.04126100000000614
2024-08-02,AUD,1Y,3M BBSW,0.040357189910274906
2024-08-01,AUD,1Y,3M BBSW,0.04173374106791097
2024-07-31,AUD,1Y,3M BBSW,0.042181999999903776
2024-07-30,AUD,1Y,3M BBSW,0.0437629999995551
2024-07-29,AUD,1Y,3M BBSW,0.04403899999982072
2024-07-26,AUD,1Y,3M BBSW,0.043539572192670566
2024-07-24,AUD,1Y,3M BBSW,0.04412099999957622
2024-07-23,AUD,1Y,3M BBSW,0.044222999999916135
2024-07-22,AUD,1Y,3M BBSW,0.04409799999982042
2024-07-19,AUD,1Y,3M BBSW,0.04396198171417207
2024-07-18,AUD,1Y,3M BBSW,0.04398637946248038
2024-07-17,AUD,1Y,3M BBSW,0.043570000000362284
2024-07-16,AUD,1Y,3M BBSW,0.043617999999618656
2024-07-15,AUD,1Y,3M BBSW,0.04391399999982026
2024-07-12,AUD,1Y,3M BBSW,0.043921858227128026
2024-07-11,AUD,1Y,3M BBSW,0.04442834809202664
2024-07-10,AUD,1Y,3M BBSW,0.044647000000373055
2024-07-09,AUD,1Y,3M BBSW,0.04476099999965538
2024-07-08,AUD,1Y,3M BBSW,0.04487499999990064
2024-07-05,AUD,1Y,3M BBSW,0.04461751174533303
2024-07-04,AUD,1Y,3M BBSW,0.045078254675548185
2024-07-03,AUD,1Y,3M BBSW,0.045021000000313095
2024-07-02,AUD,1Y,3M BBSW,0.04494199999964971
2024-07-01,AUD,1Y,3M BBSW,0.045070626576722915
2024-06-28,AUD,1Y,3M BBSW,0.04482774162546791
2024-06-27,AUD,1Y,3M BBSW,0.044841999999884044
2024-06-26,AUD,1Y,3M BBSW,0.04533160303225929
2024-06-24,AUD,1Y,3M BBSW,0.04361500000034274
2024-06-21,AUD,1Y,3M BBSW,0.04332218537206184
2024-06-20,AUD,1Y,3M BBSW,0.043615999999141966
2024-06-19,AUD,1Y,3M BBSW,0.043517999999649906
2024-06-18,AUD,1Y,3M BBSW,0.04337999999990881
2024-06-17,AUD,1Y,3M BBSW,0.042878999999901996
2024-06-14,AUD,1Y,3M BBSW,0.042989731379252376
2024-06-13,AUD,1Y,3M BBSW,0.043038999999882185
2024-06-12,AUD,1Y,3M BBSW,0.043074999999577986
2024-06-11,AUD,1Y,3M BBSW,0.04353199999989877
2024-06-07,AUD,1Y,3M BBSW,0.04323761593328092
2024-06-06,AUD,1Y,3M BBSW,0.04319699999903646
2024-06-05,AUD,1Y,3M BBSW,0.04312199999966424
2024-06-04,AUD,1Y,3M BBSW,0.043200999999901096
2024-06-03,AUD,1Y,3M BBSW,0.043530999999779156
2024-05-31,AUD,1Y,3M BBSW,0.04404236691295492
2024-05-30,AUD,1Y,3M BBSW,0.043840303042171375
2024-05-29,AUD,1Y,3M BBSW,0.04418100000023158
2024-05-28,AUD,1Y,3M BBSW,0.04384300000001986
2024-05-27,AUD,1Y,3M BBSW,0.04342199999992433
2024-05-24,AUD,1Y,3M BBSW,0.04340947965324696
2024-05-23,AUD,1Y,3M BBSW,0.04350817140174898
2024-05-22,AUD,1Y,3M BBSW,0.04348655515504631
2024-05-21,AUD,1Y,3M BBSW,0.04307799999973953
2024-05-20,AUD,1Y,3M BBSW,0.04317499999991914
2024-05-17,AUD,1Y,3M BBSW,0.04284765594338904
2024-05-16,AUD,1Y,3M BBSW,0.043148257044959684
2024-05-15,AUD,1Y,3M BBSW,0.04341912059504065
2024-05-14,AUD,1Y,3M BBSW,0.04385499999973768
2024-05-13,AUD,1Y,3M BBSW,0.04377599999991803
2024-05-10,AUD,1Y,3M BBSW,0.043876961932089925
2024-05-09,AUD,1Y,3M BBSW,0.04406806231795144
2024-05-08,AUD,1Y,3M BBSW,0.044122475500009806
2024-05-07,AUD,1Y,3M BBSW,0.04387199999964783
2024-05-06,AUD,1Y,3M BBSW,0.04466700000021974
2024-05-03,AUD,1Y,3M BBSW,0.04413739630198485
2024-05-02,AUD,1Y,3M BBSW,0.04444699212049592
2024-05-01,AUD,1Y,3M BBSW,0.04475537589704768
2024-04-30,AUD,1Y,3M BBSW,0.044711999999859114
2024-04-29,AUD,1Y,3M BBSW,0.044793000000304325
2024-04-26,AUD,1Y,3M BBSW,0.04475143860732028
2024-04-24,AUD,1Y,3M BBSW,0.04426999999990272
2024-04-23,AUD,1Y,3M BBSW,0.04307200000014971
2024-04-22,AUD,1Y,3M BBSW,0.04300699999983992
2024-04-19,AUD,1Y,3M BBSW,0.04258681061322962
2024-04-18,AUD,1Y,3M BBSW,0.04265457514639327
2024-04-17,AUD,1Y,3M BBSW,0.04311399999968104
2024-04-16,AUD,1Y,3M BBSW,0.04316499999992107
2024-04-15,AUD,1Y,3M BBSW,0.04292099999992573
2024-04-12,AUD,1Y,3M BBSW,0.042443433555232286
2024-04-11,AUD,1Y,3M BBSW,0.042904614956405275
2024-04-10,AUD,1Y,3M BBSW,0.04266299999977265
2024-04-09,AUD,1Y,3M BBSW,0.04214099999992372
2024-04-08,AUD,1Y,3M BBSW,0.042313999999929026
2024-04-04,AUD,1Y,3M BBSW,0.04208875582601863
2024-04-03,AUD,1Y,3M BBSW,0.042167000000662334
2024-04-02,AUD,1Y,3M BBSW,0.042143000000272934
2024-03-28,AUD,1Y,3M BBSW,0.04186544940944306
2024-03-27,AUD,1Y,3M BBSW,0.041835999999085896
2024-03-26,AUD,1Y,3M BBSW,0.04192288827914151
2024-03-25,AUD,1Y,3M BBSW,0.04181979413874191
2024-03-22,AUD,1Y,3M BBSW,0.041634785838932
2024-03-21,AUD,1Y,3M BBSW,0.04204539367884272
2024-03-20,AUD,1Y,3M BBSW,0.04170000000023129
2024-03-19,AUD,1Y,3M BBSW,0.041820999999769334
2024-03-18,AUD,1Y,3M BBSW,0.04219700000026904
2024-03-15,AUD,1Y,3M BBSW,0.042432387676022476
2024-03-14,AUD,1Y,3M BBSW,0.04220674588760104
2024-03-13,AUD,1Y,3M BBSW,0.04194100000022605
2024-03-12,AUD,1Y,3M BBSW,0.04178100000001479
2024-03-11,AUD,1Y,3M BBSW,0.04165199999993031
2024-03-08,AUD,1Y,3M BBSW,0.04153934348181712
2024-03-07,AUD,1Y,3M BBSW,0.04200840597578363
2024-03-06,AUD,1Y,3M BBSW,0.04197600000019702
2024-03-05,AUD,1Y,3M BBSW,0.04200600000001592
2024-03-04,AUD,1Y,3M BBSW,0.04224000000026005
2024-03-01,AUD,1Y,3M BBSW,0.041970480758356514
2024-02-29,AUD,1Y,3M BBSW,0.04229466660145108
2024-02-28,AUD,1Y,3M BBSW,0.042162000000627406
2024-02-27,AUD,1Y,3M BBSW,0.0425399999991702
2024-02-26,AUD,1Y,3M BBSW,0.04233790702165048
2024-02-23,AUD,1Y,3M BBSW,0.04224701911424364
2024-02-22,AUD,1Y,3M BBSW,0.042042811242668086
2024-02-21,AUD,1Y,3M BBSW,0.0422539999991687
2024-02-20,AUD,1Y,3M BBSW,0.042012000000214905
2024-02-19,AUD,1Y,3M BBSW,0.0422387200424673
2024-02-16,AUD,1Y,3M BBSW,0.04237366605188424
2024-02-15,AUD,1Y,3M BBSW,0.04239659359120499
2024-02-14,AUD,1Y,3M BBSW,0.04277499999989218
2024-02-13,AUD,1Y,3M BBSW,0.04285799999989072
2024-02-12,AUD,1Y,3M BBSW,0.04252167922328016
2024-02-09,AUD,1Y,3M BBSW,0.04232780345008942
2024-02-08,AUD,1Y,3M BBSW,0.041910497052257224
2024-02-07,AUD,1Y,3M BBSW,0.04207999999918248
2024-02-06,AUD,1Y,3M BBSW,0.04195900000019693
2024-02-05,AUD,1Y,3M BBSW,0.04210543121721053
2024-02-02,AUD,1Y,3M BBSW,0.04158786164990946
2024-02-01,AUD,1Y,3M BBSW,0.0409097654846814
2024-01-31,AUD,1Y,3M BBSW,0.04108600000024046
2024-01-30,AUD,1Y,3M BBSW,0.04210999999986746
2024-01-29,AUD,1Y,3M BBSW,0.04211800000022067
2024-01-25,AUD,1Y,3M BBSW,0.04214680874148444
2024-01-24,AUD,1Y,3M BBSW,0.04275900000022084
2024-01-23,AUD,1Y,3M BBSW,0.042587000000227325
2024-01-22,AUD,1Y,3M BBSW,0.04249700000019527
2024-01-19,AUD,1Y,3M BBSW,0.042772561744417875
2024-01-18,AUD,1Y,3M BBSW,0.04254715815282795
2024-01-17,AUD,1Y,3M BBSW,0.04285200000008941
2024-01-16,AUD,1Y,3M BBSW,0.0425119999998892
2024-01-15,AUD,1Y,3M BBSW,0.04219300000021042
2024-01-12,AUD,1Y,3M BBSW,0.041753406223623314
2024-01-11,AUD,1Y,3M BBSW,0.04176525701619575
2024-01-10,AUD,1Y,3M BBSW,0.04236199999916081
2024-01-09,AUD,1Y,3M BBSW,0.042088999999147544
2024-01-08,AUD,1Y,3M BBSW,0.04238599999912632
2024-01-05,AUD,1Y,3M BBSW,0.042570934864877674
2024-01-04,AUD,1Y,3M BBSW,0.042173113712098524
2024-01-03,AUD,1Y,3M BBSW,0.04205099999919633
2024-01-02,AUD,1Y,3M BBSW,0.04198799999910388
2023-12-29,AUD,1Y,3M BBSW,0.041410861756956734
2023-12-28,AUD,1Y,3M BBSW,0.04126671487196748
2023-12-27,AUD,1Y,3M BBSW,0.04157499999980683
2023-12-22,AUD,1Y,3M BBSW,0.041844931443937555
2023-12-21,AUD,1Y,3M BBSW,0.04163273146269657
2023-12-20,AUD,1Y,3M BBSW,0.04199400000008195
2023-12-19,AUD,1Y,3M BBSW,0.04230799999919066
2023-12-18,AUD,1Y,3M BBSW,0.04207999999904701
2023-12-15,AUD,1Y,3M BBSW,0.04251424774473363
2023-12-14,AUD,1Y,3M BBSW,0.042410733858887294
2023-12-13,AUD,1Y,3M BBSW,0.04216499999976565
2023-12-12,AUD,1Y,3M BBSW,0.04338599999998313
2023-12-11,AUD,1Y,3M BBSW,0.043411000000199526
2023-12-07,AUD,1Y,3M BBSW,0.04301326975332888
2023-12-06,AUD,1Y,3M BBSW,0.0429830000005504
2023-12-05,AUD,1Y,3M BBSW,0.04352599999992688
2023-12-04,AUD,1Y,3M BBSW,0.044643999999893706
2023-12-01,AUD,1Y,3M BBSW,0.04401276418212009
2023-11-30,AUD,1Y,3M BBSW,0.044614841562508
2023-11-29,AUD,1Y,3M BBSW,0.044399000000590015
2023-11-28,AUD,1Y,3M BBSW,0.04506600000027352
2023-11-27,AUD,1Y,3M BBSW,0.04521699999991942
2023-11-24,AUD,1Y,3M BBSW,0.045330146401329464
2023-11-23,AUD,1Y,3M BBSW,0.04508582822944719
2023-11-22,AUD,1Y,3M BBSW,0.04536700000023272
2023-11-21,AUD,1Y,3M BBSW,0.044541999999903145
2023-11-20,AUD,1Y,3M BBSW,0.04476799999991815
2023-11-17,AUD,1Y,3M BBSW,0.04459641109326038
2023-11-16,AUD,1Y,3M BBSW,0.04425618395111799
2023-11-15,AUD,1Y,3M BBSW,0.04522399999970471
2023-11-14,AUD,1Y,3M BBSW,0.04529000000009641
2023-11-13,AUD,1Y,3M BBSW,0.045725999999886385
2023-11-10,AUD,1Y,3M BBSW,0.04544364952755762
2023-11-09,AUD,1Y,3M BBSW,0.045298711086254065
2023-11-08,AUD,1Y,3M BBSW,0.045141999999868954
2023-11-07,AUD,1Y,3M BBSW,0.045198999999878905
2023-11-06,AUD,1Y,3M BBSW,0.04556599999988855
2023-11-03,AUD,1Y,3M BBSW,0.04506345201465079
2023-11-02,AUD,1Y,3M BBSW,0.04518433667327856
2023-11-01,AUD,1Y,3M BBSW,0.0455049999999165
2023-10-31,AUD,1Y,3M BBSW,0.04617800000026337
2023-10-30,AUD,1Y,3M BBSW,0.04582900000009538
2023-10-26,AUD,1Y,3M BBSW,0.04486710535278965
2023-10-25,AUD,1Y,3M BBSW,0.04499160879129439
2023-10-24,AUD,1Y,3M BBSW,0.04421900000089376
2023-10-23,AUD,1Y,3M BBSW,0.04397900000028019
2023-10-20,AUD,1Y,3M BBSW,0.04387318945975911
2023-10-19,AUD,1Y,3M BBSW,0.043802634894673086
2023-10-18,AUD,1Y,3M BBSW,0.04438499999977829
2023-10-17,AUD,1Y,3M BBSW,0.04428999999989151
2023-10-16,AUD,1Y,3M BBSW,0.0428720000000727
2023-10-12,AUD,1Y,3M BBSW,0.042650705461986085
2023-10-11,AUD,1Y,3M BBSW,0.04254799999974619
2023-10-10,AUD,1Y,3M BBSW,0.042689000000944534
2023-10-09,AUD,1Y,3M BBSW,0.04253100000094423
2023-10-05,AUD,1Y,3M BBSW,0.04267886961914253
2023-10-04,AUD,1Y,3M BBSW,0.04321099999974476
2023-10-03,AUD,1Y,3M BBSW,0.04365900000026263
2023-09-29,AUD,1Y,3M BBSW,0.04336409355772283
2023-09-28,AUD,1Y,3M BBSW,0.04347935668311914
2023-09-27,AUD,1Y,3M BBSW,0.04356300000015584
2023-09-26,AUD,1Y,3M BBSW,0.0435704311482401
2023-09-25,AUD,1Y,3M BBSW,0.04364167300060087
2023-09-22,AUD,1Y,3M BBSW,0.0433887957130378
2023-09-21,AUD,1Y,3M BBSW,0.04352611346411117
2023-09-20,AUD,1Y,3M BBSW,0.04380799999990491
2023-09-19,AUD,1Y,3M BBSW,0.04343499999913973
2023-09-18,AUD,1Y,3M BBSW,0.04290400000018911
2023-09-15,AUD,1Y,3M BBSW,0.04291890187570088
2023-09-14,AUD,1Y,3M BBSW,0.04270163390236645
2023-09-13,AUD,1Y,3M BBSW,0.04261100000022958
2023-09-12,AUD,1Y,3M BBSW,0.04265100000021467
2023-09-11,AUD,1Y,3M BBSW,0.04256300000022456
2023-09-08,AUD,1Y,3M BBSW,0.04231854443393572
2023-09-07,AUD,1Y,3M BBSW,0.04207573440810289
2023-09-06,AUD,1Y,3M BBSW,0.04230199999916069
2023-09-05,AUD,1Y,3M BBSW,0.042397000000271856
2023-09-04,AUD,1Y,3M BBSW,0.04251800000080411
2023-09-01,AUD,1Y,3M BBSW,0.04216819136222358
2023-08-31,AUD,1Y,3M BBSW,0.042455157007924765
2023-08-30,AUD,1Y,3M BBSW,0.042447000000089614
2023-08-28,AUD,1Y,3M BBSW,0.04285399999991309
2023-08-25,AUD,1Y,3M BBSW,0.042731336257817734
2023-08-24,AUD,1Y,3M BBSW,0.042592539074279505
2023-08-23,AUD,1Y,3M BBSW,0.04264800000026845
2023-08-22,AUD,1Y,3M BBSW,0.043016999999748576
2023-08-21,AUD,1Y,3M BBSW,0.043062000000201495
2023-08-18,AUD,1Y,3M BBSW,0.042883459456662346
2023-08-17,AUD,1Y,3M BBSW,0.04303117253661676
2023-08-16,AUD,1Y,3M BBSW,0.04325200000032299
2023-08-15,AUD,1Y,3M BBSW,0.04341399999966968
2023-08-14,AUD,1Y,3M BBSW,0.04375399999991227
2023-08-11,AUD,1Y,3M BBSW,0.043168905833089924
2023-08-10,AUD,1Y,3M BBSW,0.04276957404435584
2023-08-09,AUD,1Y,3M BBSW,0.04320600000034139
2023-08-08,AUD,1Y,3M BBSW,0.04292799999959378
2023-08-04,AUD,1Y,3M BBSW,0.04277591743203237
2023-08-03,AUD,1Y,3M BBSW,0.042878737276443785
2023-08-02,AUD,1Y,3M BBSW,0.04297599999992405
2023-08-01,AUD,1Y,3M BBSW,0.04328399999948921
2023-07-31,AUD,1Y,3M BBSW,0.04418999999981831
2023-07-28,AUD,1Y,3M BBSW,0.04386028979427202
2023-07-27,AUD,1Y,3M BBSW,0.04427971015206071
2023-07-25,AUD,1Y,3M BBSW,0.04558358208797575
2023-07-24,AUD,1Y,3M BBSW,0.04539999999989643
2023-07-21,AUD,1Y,3M BBSW,0.045502288089707396
2023-07-20,AUD,1Y,3M BBSW,0.04530205071568958
2023-07-19,AUD,1Y,3M BBSW,0.04468499999992917
2023-07-18,AUD,1Y,3M BBSW,0.04493599999960498
2023-07-17,AUD,1Y,3M BBSW,0.04493299999982205
2023-07-14,AUD,1Y,3M BBSW,0.04511888674910762
2023-07-13,AUD,1Y,3M BBSW,0.04426678312876654
2023-07-12,AUD,1Y,3M BBSW,0.044997999999927
2023-07-11,AUD,1Y,3M BBSW,0.045867999999648836
2023-07-10,AUD,1Y,3M BBSW,0.04616099999981724
2023-07-07,AUD,1Y,3M BBSW,0.046791833176596506
2023-07-06,AUD,1Y,3M BBSW,0.046519276320718464
2023-07-05,AUD,1Y,3M BBSW,0.0458350000002637
2023-07-04,AUD,1Y,3M BBSW,0.045568999999675085
2023-07-03,AUD,1Y,3M BBSW,0.04581100000008319
2023-06-30,AUD,1Y,3M BBSW,0.046331663004159
2023-06-29,AUD,1Y,3M BBSW,0.045819457206263105
2023-06-28,AUD,1Y,3M BBSW,0.04493299999985362
2023-06-27,AUD,1Y,3M BBSW,0.045518000000951
2023-06-26,AUD,1Y,3M BBSW,0.04532857986214264
2023-06-22,AUD,1Y,3M BBSW,0.04584388638594863
2023-06-21,AUD,1Y,3M BBSW,0.04523399999989326
2023-06-20,AUD,1Y,3M BBSW,0.045319999999920146
2023-06-19,AUD,1Y,3M BBSW,0.04609600000021497
2023-06-15,AUD,1Y,3M BBSW,0.04588561493759505
2023-06-14,AUD,1Y,3M BBSW,0.04507899999918821
2023-06-13,AUD,1Y,3M BBSW,0.04497399999998716
2023-06-09,AUD,1Y,3M BBSW,0.04437939344280883
2023-06-08,AUD,1Y,3M BBSW,0.04431689488820915
2023-06-07,AUD,1Y,3M BBSW,0.044516000000339284
2023-06-06,AUD,1Y,3M BBSW,0.04307700000008846
2023-06-05,AUD,1Y,3M BBSW,0.0419210000002332
2023-06-01,AUD,1Y,3M BBSW,0.040796475160244705
2023-05-31,AUD,1Y,3M BBSW,0.040690000000078656
2023-05-30,AUD,1Y,3M BBSW,0.04033300000036749
2023-05-29,AUD,1Y,3M BBSW,0.040223999999923696
2023-05-26,AUD,1Y,3M BBSW,0.04031305604647839
2023-05-25,AUD,1Y,3M BBSW,0.040332594671150586
2023-05-24,AUD,1Y,3M BBSW,0.04019886520823378
2023-05-23,AUD,1Y,3M BBSW,0.04011900000007438
2023-05-22,AUD,1Y,3M BBSW,0.039965000000199986
2023-05-19,AUD,1Y,3M BBSW,0.040014854648618
2023-05-18,AUD,1Y,3M BBSW,0.039993449463802684
2023-05-17,AUD,1Y,3M BBSW,0.03954696314915561
2023-05-16,AUD,1Y,3M BBSW,0.03923000000008268
2023-05-15,AUD,1Y,3M BBSW,0.039088999999905207
2023-05-12,AUD,1Y,3M BBSW,0.03821884993573835
2023-05-11,AUD,1Y,3M BBSW,0.037895915091573286
2023-05-10,AUD,1Y,3M BBSW,0.03818613294882995
2023-05-09,AUD,1Y,3M BBSW,0.038313000000106394
2023-05-08,AUD,1Y,3M BBSW,0.038396000000223196
2023-05-05,AUD,1Y,3M BBSW,0.03816442766985973
2023-05-04,AUD,1Y,3M BBSW,0.03727033760035456
2023-05-03,AUD,1Y,3M BBSW,0.03814113487396586
2023-05-02,AUD,1Y,3M BBSW,0.03838100000052868
2023-05-01,AUD,1Y,3M BBSW,0.037176000000246984
2023-04-28,AUD,1Y,3M BBSW,0.03642811022064787
2023-04-27,AUD,1Y,3M BBSW,0.03686650936584665
2023-04-26,AUD,1Y,3M BBSW,0.03646436229730284
2023-04-24,AUD,1Y,3M BBSW,0.03749700000023546
2023-04-21,AUD,1Y,3M BBSW,0.037712477826412655
2023-04-20,AUD,1Y,3M BBSW,0.03744437979788116
2023-04-19,AUD,1Y,3M BBSW,0.03778799999908231
2023-04-18,AUD,1Y,3M BBSW,0.03752300000011513
2023-04-17,AUD,1Y,3M BBSW,0.03673599999988081
2023-04-14,AUD,1Y,3M BBSW,0.03665014925622272
2023-04-13,AUD,1Y,3M BBSW,0.03635825991756986
2023-04-12,AUD,1Y,3M BBSW,0.03598399999989818
2023-04-11,AUD,1Y,3M BBSW,0.03563500000018628
2023-04-06,AUD,1Y,3M BBSW,0.0348981611388377
2023-04-05,AUD,1Y,3M BBSW,0.03524200000022971
2023-04-04,AUD,1Y,3M BBSW,0.03550300000022459
2023-04-03,AUD,1Y,3M BBSW,0.03608999999989724
2023-03-31,AUD,1Y,3M BBSW,0.03603404539868449
2023-03-30,AUD,1Y,3M BBSW,0.03624617402331407
2023-03-29,AUD,1Y,3M BBSW,0.03615046344801583
2023-03-28,AUD,1Y,3M BBSW,0.03590900000046449
2023-03-27,AUD,1Y,3M BBSW,0.035555000000235364
2023-03-24,AUD,1Y,3M BBSW,0.03502397315153344
2023-03-23,AUD,1Y,3M BBSW,0.03523206025910036
2023-03-22,AUD,1Y,3M BBSW,0.03520000000028772
2023-03-21,AUD,1Y,3M BBSW,0.03537099999973931
2023-03-20,AUD,1Y,3M BBSW,0.03442599999984076
2023-03-17,AUD,1Y,3M BBSW,0.0347393195722498
2023-03-16,AUD,1Y,3M BBSW,0.03578460828905477
2023-03-15,AUD,1Y,3M BBSW,0.03523299999992711
2023-03-14,AUD,1Y,3M BBSW,0.03721699999977088
2023-03-13,AUD,1Y,3M BBSW,0.03617599999982931
2023-03-10,AUD,1Y,3M BBSW,0.03865682935661502
2023-03-09,AUD,1Y,3M BBSW,0.03928922702267069
2023-03-08,AUD,1Y,3M BBSW,0.040051999999910805
2023-03-07,AUD,1Y,3M BBSW,0.03996600000007332
2023-03-06,AUD,1Y,3M BBSW,0.040580999999902875
2023-03-03,AUD,1Y,3M BBSW,0.0410456158674777
2023-03-02,AUD,1Y,3M BBSW,0.0412066050602631
2023-03-01,AUD,1Y,3M BBSW,0.04114699999963298
2023-02-28,AUD,1Y,3M BBSW,0.04176583787143593
2023-02-27,AUD,1Y,3M BBSW,0.041298643545536834
2023-02-24,AUD,1Y,3M BBSW,0.041309377171806536
2023-02-23,AUD,1Y,3M BBSW,0.041163999999638864
2023-02-22,AUD,1Y,3M BBSW,0.040929000000101495
2023-02-21,AUD,1Y,3M BBSW,0.040951838942147545
2023-02-20,AUD,1Y,3M BBSW,0.040343580017525145
2023-02-17,AUD,1Y,3M BBSW,0.03999132462164592
2023-02-16,AUD,1Y,3M BBSW,0.03986800000033227
2023-02-15,AUD,1Y,3M BBSW,0.0403149999998583
2023-02-14,AUD,1Y,3M BBSW,0.040006889329596215
2023-02-13,AUD,1Y,3M BBSW,0.04024856090940234
2023-02-10,AUD,1Y,3M BBSW,0.04018429018097211
2023-02-09,AUD,1Y,3M BBSW,0.03906299999991384
2023-02-08,AUD,1Y,3M BBSW,0.03847900000094957
2023-02-07,AUD,1Y,3M BBSW,0.03819899689732941
2023-02-06,AUD,1Y,3M BBSW,0.03672831751299142
2023-02-03,AUD,1Y,3M BBSW,0.03658335018458929
2023-02-02,AUD,1Y,3M BBSW,0.03673899999995055
2023-02-01,AUD,1Y,3M BBSW,0.03721799999990246
2023-01-31,AUD,1Y,3M BBSW,0.03703893275129933
2023-01-30,AUD,1Y,3M BBSW,0.03736605593896221
2023-01-27,AUD,1Y,3M BBSW,0.03708665652325905
2023-01-25,AUD,1Y,3M BBSW,0.036654083718420966
2023-01-24,AUD,1Y,3M BBSW,0.03564399999992446
2023-01-23,AUD,1Y,3M BBSW,0.03557327185825956
2023-01-20,AUD,1Y,3M BBSW,0.03539466650668682
2023-01-19,AUD,1Y,3M BBSW,0.03528800000007538
2023-01-18,AUD,1Y,3M BBSW,0.0368859999998958
2023-01-17,AUD,1Y,3M BBSW,0.03706499999989885
2023-01-16,AUD,1Y,3M BBSW,0.036867142287994696
2023-01-13,AUD,1Y,3M BBSW,0.03678526889802891
2023-01-12,AUD,1Y,3M BBSW,0.0370999999999759
2023-01-11,AUD,1Y,3M BBSW,0.037720999999891515
2023-01-10,AUD,1Y,3M BBSW,0.037858010737714574
2023-01-09,AUD,1Y,3M BBSW,0.03811802826809569
2023-01-06,AUD,1Y,3M BBSW,0.03774418244446094
2023-01-05,AUD,1Y,3M BBSW,0.03808500000000266
2023-01-04,AUD,1Y,3M BBSW,0.03807599999990227
2023-01-03,AUD,1Y,3M BBSW,0.03827600000015938
2022-12-30,AUD,1Y,3M BBSW,0.03850801330396644
2022-12-29,AUD,1Y,3M BBSW,0.03839300000030649
2022-12-28,AUD,1Y,3M BBSW,0.03823099999998604
2022-12-23,AUD,1Y,3M BBSW,0.03684603540744259
2022-12-22,AUD,1Y,3M BBSW,0.03695099999990271
2022-12-21,AUD,1Y,3M BBSW,0.036422000000017676
2022-12-20,AUD,1Y,3M BBSW,0.036889999999981576
2022-12-19,AUD,1Y,3M BBSW,0.03660008455144955
2022-12-16,AUD,1Y,3M BBSW,0.03645416642226669
2022-12-15,AUD,1Y,3M BBSW,0.03637100000254189
2022-12-14,AUD,1Y,3M BBSW,0.0356170000003577
2022-12-13,AUD,1Y,3M BBSW,0.035593999999998106
2022-12-12,AUD,1Y,3M BBSW,0.03543328162733028
2022-12-09,AUD,1Y,3M BBSW,0.03523379219103296
2022-12-08,AUD,1Y,3M BBSW,0.035575999999699855
2022-12-07,AUD,1Y,3M BBSW,0.035343999999976866
2022-12-06,AUD,1Y,3M BBSW,0.03531599999993937
2022-12-05,AUD,1Y,3M BBSW,0.03457818038304156
2022-12-02,AUD,1Y,3M BBSW,0.03435953954819658
2022-12-01,AUD,1Y,3M BBSW,0.03550299999979806
2022-11-30,AUD,1Y,3M BBSW,0.03579396636939293
2022-11-29,AUD,1Y,3M BBSW,0.03646404459839848
2022-11-28,AUD,1Y,3M BBSW,0.03646908711259234
2022-11-25,AUD,1Y,3M BBSW,0.03668683686300709
2022-11-24,AUD,1Y,3M BBSW,0.03674700000031445
2022-11-23,AUD,1Y,3M BBSW,0.036529999999870964
2022-11-22,AUD,1Y,3M BBSW,0.03585699999993483
2022-11-21,AUD,1Y,3M BBSW,0.03582011948562836
2022-11-18,AUD,1Y,3M BBSW,0.03577578729326958
2022-11-17,AUD,1Y,3M BBSW,0.035917000000074445
2022-11-16,AUD,1Y,3M BBSW,0.03631799999990964
2022-11-15,AUD,1Y,3M BBSW,0.03659200000017443
2022-11-14,AUD,1Y,3M BBSW,0.03654408267808642
2022-11-11,AUD,1Y,3M BBSW,0.03588121636798832
2022-11-10,AUD,1Y,3M BBSW,0.03671300000033747
2022-11-09,AUD,1Y,3M BBSW,0.03791199999977621
2022-11-08,AUD,1Y,3M BBSW,0.03832000000058677
2022-11-07,AUD,1Y,3M BBSW,0.03770098677078296
2022-11-04,AUD,1Y,3M BBSW,0.03765456337828625
2022-11-03,AUD,1Y,3M BBSW,0.0387400000004656
2022-11-02,AUD,1Y,3M BBSW,0.037941999999934126
2022-11-01,AUD,1Y,3M BBSW,0.037662000000133
2022-10-31,AUD,1Y,3M BBSW,0.03795004046348717
2022-10-28,AUD,1Y,3M BBSW,0.03793525522247843
2022-10-27,AUD,1Y,3M BBSW,0.03841699999998009
2022-10-26,AUD,1Y,3M BBSW,0.03896694747571244
2022-10-25,AUD,1Y,3M BBSW,0.03896396420784492
2022-10-24,AUD,1Y,3M BBSW,0.03900700000009087
2022-10-21,AUD,1Y,3M BBSW,0.03934046508438825
2022-10-20,AUD,1Y,3M BBSW,0.03866999999980729
2022-10-19,AUD,1Y,3M BBSW,0.03739199999968072
2022-10-18,AUD,1Y,3M BBSW,0.03704999999977308
2022-10-17,AUD,1Y,3M BBSW,0.03687499999972325
2022-10-14,AUD,1Y,3M BBSW,0.03707228663620253
2022-10-13,AUD,1Y,3M BBSW,0.03589500000002763
2022-10-12,AUD,1Y,3M BBSW,0.035951999999972444
2022-10-11,AUD,1Y,3M BBSW,0.03633999999981623
2022-10-10,AUD,1Y,3M BBSW,0.03605911325286579
2022-10-07,AUD,1Y,3M BBSW,0.03580124669736843
2022-10-06,AUD,1Y,3M BBSW,0.03533499999999506
2022-10-05,AUD,1Y,3M BBSW,0.03397999999997016
2022-10-04,AUD,1Y,3M BBSW,0.03342499999999007
2022-09-30,AUD,1Y,3M BBSW,0.03865131394658768
2022-09-29,AUD,1Y,3M BBSW,0.03829499999715738
2022-09-28,AUD,1Y,3M BBSW,0.03912500000004508
2022-09-27,AUD,1Y,3M BBSW,0.03945890652448948
2022-09-26,AUD,1Y,3M BBSW,0.0391568559092623
2022-09-23,AUD,1Y,3M BBSW,0.03839774614295405
2022-09-21,AUD,1Y,3M BBSW,0.03646199999981345
2022-09-20,AUD,1Y,3M BBSW,0.03593799999982819
2022-09-19,AUD,1Y,3M BBSW,0.03637609169816406
2022-09-16,AUD,1Y,3M BBSW,0.0360671389141433
2022-09-15,AUD,1Y,3M BBSW,0.035569999999961854
2022-09-14,AUD,1Y,3M BBSW,0.03545499999993717
2022-09-13,AUD,1Y,3M BBSW,0.0338600000000095
2022-09-12,AUD,1Y,3M BBSW,0.03368840739056143
2022-09-09,AUD,1Y,3M BBSW,0.03320240951055367
2022-09-08,AUD,1Y,3M BBSW,0.03338799999998944
2022-09-07,AUD,1Y,3M BBSW,0.03435300000001297
2022-09-06,AUD,1Y,3M BBSW,0.033914999999984874
2022-09-05,AUD,1Y,3M BBSW,0.03454417860863698
2022-09-02,AUD,1Y,3M BBSW,0.03411358677210829
2022-09-01,AUD,1Y,3M BBSW,0.034592000000187244
2022-08-31,AUD,1Y,3M BBSW,0.03408000000016305
2022-08-30,AUD,1Y,3M BBSW,0.03456200000003625
2022-08-29,AUD,1Y,3M BBSW,0.03523800000064754
2022-08-26,AUD,1Y,3M BBSW,0.0337033206367203
2022-08-25,AUD,1Y,3M BBSW,0.03416846104642051
2022-08-24,AUD,1Y,3M BBSW,0.03391000000001844
2022-08-23,AUD,1Y,3M BBSW,0.034545000000143516
2022-08-22,AUD,1Y,3M BBSW,0.03344499999997391
2022-08-19,AUD,1Y,3M BBSW,0.03270081285147242
2022-08-18,AUD,1Y,3M BBSW,0.03253360888803981
2022-08-17,AUD,1Y,3M BBSW,0.03211499999982191
2022-08-16,AUD,1Y,3M BBSW,0.03219699999992665
2022-08-15,AUD,1Y,3M BBSW,0.03324799999983177
2022-08-12,AUD,1Y,3M BBSW,0.03324582950661811
2022-08-11,AUD,1Y,3M BBSW,0.03318355465456706
2022-08-10,AUD,1Y,3M BBSW,0.03278999999985114
2022-08-09,AUD,1Y,3M BBSW,0.03254299999985021
2022-08-08,AUD,1Y,3M BBSW,0.03241799999998847
2022-08-05,AUD,1Y,3M BBSW,0.03191872184366126
2022-08-04,AUD,1Y,3M BBSW,0.03091074875777831
2022-08-03,AUD,1Y,3M BBSW,0.030419999999854654
2022-08-02,AUD,1Y,3M BBSW,0.030705000000092818
2022-07-29,AUD,1Y,3M BBSW,0.03007103331590808
2022-07-28,AUD,1Y,3M BBSW,0.03095072957923799
2022-07-27,AUD,1Y,3M BBSW,0.03200199999991959
2022-07-26,AUD,1Y,3M BBSW,0.03349724460601578
2022-07-25,AUD,1Y,3M BBSW,0.03302122848794021
2022-07-22,AUD,1Y,3M BBSW,0.0326844580063244
2022-07-21,AUD,1Y,3M BBSW,0.03424644275704978
2022-07-20,AUD,1Y,3M BBSW,0.03430499999987401
2022-07-19,AUD,1Y,3M BBSW,0.03364700000003554
2022-07-18,AUD,1Y,3M BBSW,0.03266000000006782
2022-07-15,AUD,1Y,3M BBSW,0.03253818124068654
2022-07-14,AUD,1Y,3M BBSW,0.03324578415786357
2022-07-13,AUD,1Y,3M BBSW,0.03087499999998652
2022-07-12,AUD,1Y,3M BBSW,0.031070000000023593
2022-07-11,AUD,1Y,3M BBSW,0.03197800000001728
2022-07-08,AUD,1Y,3M BBSW,0.03149034830761213
2022-07-07,AUD,1Y,3M BBSW,0.03101898967053087
2022-07-06,AUD,1Y,3M BBSW,0.0305719999999149
2022-07-05,AUD,1Y,3M BBSW,0.03152800000001533
2022-07-04,AUD,1Y,3M BBSW,0.03032500000001381
2022-07-01,AUD,1Y,3M BBSW,0.030216926037021953
2022-06-30,AUD,1Y,3M BBSW,0.03156794733808847
2022-06-29,AUD,1Y,3M BBSW,0.03186700000084445
2022-06-28,AUD,1Y,3M BBSW,0.0317019999999988
2022-06-27,AUD,1Y,3M BBSW,0.03120733636329347
2022-06-24,AUD,1Y,3M BBSW,0.0310101473692455
2022-06-23,AUD,1Y,3M BBSW,0.031866999999956985
2022-06-22,AUD,1Y,3M BBSW,0.03225123999323623
2022-06-21,AUD,1Y,3M BBSW,0.03398299999993179
2022-06-20,AUD,1Y,3M BBSW,0.03507999999999704
2022-06-17,AUD,1Y,3M BBSW,0.03534553361053159
2022-06-16,AUD,1Y,3M BBSW,0.03534799999992622
2022-06-15,AUD,1Y,3M BBSW,0.03505200000009031
2022-06-14,AUD,1Y,3M BBSW,0.03371199999956477
2022-06-10,AUD,1Y,3M BBSW,0.030296449493698998
2022-06-09,AUD,1Y,3M BBSW,0.02897200000008918
2022-06-08,AUD,1Y,3M BBSW,0.02897199999998412
2022-06-07,AUD,1Y,3M BBSW,0.02704000000010811
2022-06-06,AUD,1Y,3M BBSW,0.02610500000008956
2022-06-03,AUD,1Y,3M BBSW,0.02616123408394334
2022-06-02,AUD,1Y,3M BBSW,0.026261999999992017
2022-06-01,AUD,1Y,3M BBSW,0.02537499999999009
2022-05-31,AUD,1Y,3M BBSW,0.02487499999999307
2022-05-30,AUD,1Y,3M BBSW,0.024114999999994228
2022-05-27,AUD,1Y,3M BBSW,0.024013560873973598
2022-05-26,AUD,1Y,3M BBSW,0.02355377155745992
2022-05-25,AUD,1Y,3M BBSW,0.023259111770049218
2022-05-24,AUD,1Y,3M BBSW,0.02365199999999349
2022-05-23,AUD,1Y,3M BBSW,0.02333499999999471
2022-05-20,AUD,1Y,3M BBSW,0.02300207289688164
2022-05-19,AUD,1Y,3M BBSW,0.02415369664935577
2022-05-18,AUD,1Y,3M BBSW,0.0247009864611138
2022-05-17,AUD,1Y,3M BBSW,0.02441999999997362
2022-05-16,AUD,1Y,3M BBSW,0.02360499999996151
2022-05-13,AUD,1Y,3M BBSW,0.02357593678203719
2022-05-12,AUD,1Y,3M BBSW,0.024340676429095768
2022-05-11,AUD,1Y,3M BBSW,0.02424900174873502
2022-05-10,AUD,1Y,3M BBSW,0.024309999999953803
2022-05-09,AUD,1Y,3M BBSW,0.02503799999996646
2022-05-06,AUD,1Y,3M BBSW,0.0251125287004834
2022-05-05,AUD,1Y,3M BBSW,0.024468657898919402
2022-05-04,AUD,1Y,3M BBSW,0.02509690933973487
2022-05-03,AUD,1Y,3M BBSW,0.02154199999994809
2022-05-02,AUD,1Y,3M BBSW,0.021181999999948478
2022-04-29,AUD,1Y,3M BBSW,0.021233605322175938
2022-04-28,AUD,1Y,3M BBSW,0.02074422366027572
2022-04-27,AUD,1Y,3M BBSW,0.020001999999965513
2022-04-26,AUD,1Y,3M BBSW,0.01868766759661308
2022-04-22,AUD,1Y,3M BBSW,0.0187433169843826
2022-04-21,AUD,1Y,3M BBSW,0.016317460736880448
2022-04-20,AUD,1Y,3M BBSW,0.01603999999998058
2022-04-19,AUD,1Y,3M BBSW,0.01518799999944858
2022-04-14,AUD,1Y,3M BBSW,0.01496514023039462
2022-04-13,AUD,1Y,3M BBSW,0.014745000005031279
2022-04-12,AUD,1Y,3M BBSW,0.01497799999998386
2022-04-11,AUD,1Y,3M BBSW,0.01515999999998249
2022-04-08,AUD,1Y,3M BBSW,0.01486811091047065
2022-04-07,AUD,1Y,3M BBSW,0.01448988789379589
2022-04-06,AUD,1Y,3M BBSW,0.01523500000037695
2022-04-05,AUD,1Y,3M BBSW,0.0120779999999986
2022-04-04,AUD,1Y,3M BBSW,0.01249499999999848
2022-04-01,AUD,1Y,3M BBSW,0.01251911365815616
2022-03-31,AUD,1Y,3M BBSW,0.01200016352922509
2022-03-30,AUD,1Y,3M BBSW,0.01234899999882628
2022-03-29,AUD,1Y,3M BBSW,0.01285799999999752
2022-03-28,AUD,1Y,3M BBSW,0.01242500000000012
2022-03-25,AUD,1Y,3M BBSW,0.01182984178347269
2022-03-24,AUD,1Y,3M BBSW,0.01104928005831393
2022-03-23,AUD,1Y,3M BBSW,0.01131199999948563
2022-03-22,AUD,1Y,3M BBSW,0.01049791753699177
2022-03-21,AUD,1Y,3M BBSW,0.009500000002440414
2022-03-18,AUD,1Y,3M BBSW,0.00937359384012745
2022-03-17,AUD,1Y,3M BBSW,0.008877704625224189
2022-03-16,AUD,1Y,3M BBSW,0.008662000001756608
2022-03-15,AUD,1Y,3M BBSW,0.009097000000305534
2022-03-14,AUD,1Y,3M BBSW,0.008925000001912355
2022-03-11,AUD,1Y,3M BBSW,0.008806640666086281
2022-03-10,AUD,1Y,3M BBSW,0.008757718486706135
2022-03-09,AUD,1Y,3M BBSW,0.00889000000338419
2022-03-08,AUD,1Y,3M BBSW,0.008165000001584658
2022-03-07,AUD,1Y,3M BBSW,0.00741800000121429
2022-03-04,AUD,1Y,3M BBSW,0.0070811761051345476
2022-03-03,AUD,1Y,3M BBSW,0.006407834380346179
2022-03-02,AUD,1Y,3M BBSW,0.005840000000893506
2022-03-01,AUD,1Y,3M BBSW,0.005995000000916236
2022-02-28,AUD,1Y,3M BBSW,0.006049910865219006
2022-02-25,AUD,1Y,3M BBSW,0.006504488134526559
2022-02-24,AUD,1Y,3M BBSW,0.006375000001453374
2022-02-23,AUD,1Y,3M BBSW,0.006811999998254454
2022-02-22,AUD,1Y,3M BBSW,0.006842958721098456
2022-02-21,AUD,1Y,3M BBSW,0.0066898953819987395
2022-02-18,AUD,1Y,3M BBSW,0.006628801997100305
2022-02-17,AUD,1Y,3M BBSW,0.006581999998718325
2022-02-16,AUD,1Y,3M BBSW,0.007047999998436742
2022-02-15,AUD,1Y,3M BBSW,0.007118010641169416
2022-02-14,AUD,1Y,3M BBSW,0.006879940423723693
2022-02-11,AUD,1Y,3M BBSW,0.00674318183954218
2022-02-10,AUD,1Y,3M BBSW,0.006117999998836304
2022-02-09,AUD,1Y,3M BBSW,0.006171999998571702
2022-02-08,AUD,1Y,3M BBSW,0.006309964988658552
2022-02-07,AUD,1Y,3M BBSW,0.006021915526060604
2022-02-04,AUD,1Y,3M BBSW,0.005985305420914231
2022-02-03,AUD,1Y,3M BBSW,0.004989999999256148
2022-02-02,AUD,1Y,3M BBSW,0.005104999999532161
2022-02-01,AUD,1Y,3M BBSW,0.005228959830388763
2022-01-31,AUD,1Y,3M BBSW,0.005722065746529546
2022-01-28,AUD,1Y,3M BBSW,0.005833131567495622
2022-01-27,AUD,1Y,3M BBSW,0.006329999998800646
2022-01-25,AUD,1Y,3M BBSW,0.00576297146244396
2022-01-24,AUD,1Y,3M BBSW,0.005419932084984848
2022-01-21,AUD,1Y,3M BBSW,0.005293074892147066
2022-01-20,AUD,1Y,3M BBSW,0.005534999999220049
2022-01-19,AUD,1Y,3M BBSW,0.005389999998942102
2022-01-18,AUD,1Y,3M BBSW,0.005137976836253701
2022-01-17,AUD,1Y,3M BBSW,0.004922943648716028
2022-01-14,AUD,1Y,3M BBSW,0.004925043964650447
2022-01-13,AUD,1Y,3M BBSW,0.004504999999828101
2022-01-12,AUD,1Y,3M BBSW,0.00429499999957705
2022-01-11,AUD,1Y,3M BBSW,0.004574999999319207
2022-01-10,AUD,1Y,3M BBSW,0.004544969725077237
2022-01-07,AUD,1Y,3M BBSW,0.004462603157307541
2022-01-06,AUD,1Y,3M BBSW,0.004424999999925134
2022-01-05,AUD,1Y,3M BBSW,0.00418999999989712
2022-01-04,AUD,1Y,3M BBSW,0.004134999999436197
2021-12-31,AUD,1Y,3M BBSW,0.003928741931301636
2021-12-30,AUD,1Y,3M BBSW,0.003698000000578593
2021-12-29,AUD,1Y,3M BBSW,0.003537999999847982
2021-12-24,AUD,1Y,3M BBSW,0.0036075088227268508
2021-12-23,AUD,1Y,3M BBSW,0.0036499999997936274
2021-12-22,AUD,1Y,3M BBSW,0.003619982982264982
2021-12-21,AUD,1Y,3M BBSW,0.004061999999760635
2021-12-20,AUD,1Y,3M BBSW,0.004209984486366981
2021-12-17,AUD,1Y,3M BBSW,0.004435702853937601
2021-12-16,AUD,1Y,3M BBSW,0.004079999998437267
2021-12-15,AUD,1Y,3M BBSW,0.003489999998699488
2021-12-14,AUD,1Y,3M BBSW,0.003234999999620347
2021-12-13,AUD,1Y,3M BBSW,0.0033719830293456247
2021-12-10,AUD,1Y,3M BBSW,0.003505794138212361
2021-12-09,AUD,1Y,3M BBSW,0.00345999999972963
2021-12-08,AUD,1Y,3M BBSW,0.003544999999784158
2021-12-07,AUD,1Y,3M BBSW,0.0030399999998537643
2021-12-06,AUD,1Y,3M BBSW,0.002939991298266414
2021-12-03,AUD,1Y,3M BBSW,0.0029637618863100103
2021-12-02,AUD,1Y,3M BBSW,0.003048000000053424
2021-12-01,AUD,1Y,3M BBSW,0.0030350000000485887
2021-11-30,AUD,1Y,3M BBSW,0.002829994162051218
2021-11-29,AUD,1Y,3M BBSW,0.002969974880277309
2021-11-26,AUD,1Y,3M BBSW,0.002735015108794054
2021-11-25,AUD,1Y,3M BBSW,0.00319999999983931
2021-11-24,AUD,1Y,3M BBSW,0.003045000000044144
2021-11-23,AUD,1Y,3M BBSW,0.00333499999984655
2021-11-22,AUD,1Y,3M BBSW,0.003037992549594647
2021-11-19,AUD,1Y,3M BBSW,0.0028692795641185207
2021-11-18,AUD,1Y,3M BBSW,0.0027820000001960786
2021-11-17,AUD,1Y,3M BBSW,0.002958000000091925
2021-11-16,AUD,1Y,3M BBSW,0.003331999999729874
2021-11-15,AUD,1Y,3M BBSW,0.0032200073638452807
2021-11-12,AUD,1Y,3M BBSW,0.0031577000089074957
2021-11-11,AUD,1Y,3M BBSW,0.003170000000334461
2021-11-10,AUD,1Y,3M BBSW,0.0027420000001740492
2021-11-09,AUD,1Y,3M BBSW,0.0027149999998012033
2021-11-08,AUD,1Y,3M BBSW,0.002794993786981621
2021-11-05,AUD,1Y,3M BBSW,0.0028692799822609798
2021-11-04,AUD,1Y,3M BBSW,0.0031550000001201277
2021-11-03,AUD,1Y,3M BBSW,0.002827999999795664
2021-11-02,AUD,1Y,3M BBSW,0.0036079999991856238
2021-11-01,AUD,1Y,3M BBSW,0.004051964978177936
2021-10-29,AUD,1Y,3M BBSW,0.004256714536291204
2021-10-28,AUD,1Y,3M BBSW,0.0050330000007787964
2021-10-27,AUD,1Y,3M BBSW,0.003148000000090106
2021-10-26,AUD,1Y,3M BBSW,0.002194995202265754
2021-10-25,AUD,1Y,3M BBSW,0.002176996344363559
2021-10-22,AUD,1Y,3M BBSW,0.002337195278530456
2021-10-21,AUD,1Y,3M BBSW,0.002188000000036133
2021-10-20,AUD,1Y,3M BBSW,0.0020100000000497107
2021-10-19,AUD,1Y,3M BBSW,0.0019649999999742577
2021-10-18,AUD,1Y,3M BBSW,0.0020949966028830087
2021-10-15,AUD,1Y,3M BBSW,0.001410749708662714
2021-10-14,AUD,1Y,3M BBSW,0.0012980000000151959
2021-10-13,AUD,1Y,3M BBSW,0.001288000000021417
2021-10-12,AUD,1Y,3M BBSW,0.001355000000032115
2021-10-11,AUD,1Y,3M BBSW,0.0013020000000371098
2021-10-08,AUD,1Y,3M BBSW,0.001185504817131401
2021-10-07,AUD,1Y,3M BBSW,0.0862000000006819
2021-10-06,AUD,1Y,3M BBSW,0.0717000000000207
2021-10-05,AUD,1Y,3M BBSW,0.0717000000000429
2021-10-01,AUD,1Y,3M BBSW,0.0740911320283154
2021-09-30,AUD,1Y,3M BBSW,0.0732000000000447
2021-09-29,AUD,1Y,3M BBSW,0.0658000000001216
2021-09-28,AUD,1Y,3M BBSW,0.0697999497537564
2021-09-27,AUD,1Y,3M BBSW,0.0639998956763133
2021-09-24,AUD,1Y,3M BBSW,0.0631540844376603
2021-09-23,AUD,1Y,3M BBSW,0.0565000000002247
2021-09-22,AUD,1Y,3M BBSW,0.0506612450554656
2021-09-21,AUD,1Y,3M BBSW,0.0495000000000512
2021-09-20,AUD,1Y,3M BBSW,0.0494999802319047
2021-09-17,AUD,1Y,3M BBSW,0.049031415609831
2021-09-16,AUD,1Y,3M BBSW,0.0450000000000432
2021-09-15,AUD,1Y,3M BBSW,0.0420000000000655
2021-09-14,AUD,1Y,3M BBSW,0.0465000000000232
2021-09-13,AUD,1Y,3M BBSW,0.0489999423762366
2021-09-10,AUD,1Y,3M BBSW,0.0472412191061279
2021-09-09,AUD,1Y,3M BBSW,0.0490000000000066
2021-09-08,AUD,1Y,3M BBSW,0.0477000000000213
2021-09-07,AUD,1Y,3M BBSW,0.0490000000000514
2021-09-06,AUD,1Y,3M BBSW,0.0487999807870679
2021-09-03,AUD,1Y,3M BBSW,0.0487330495110002
2021-09-02,AUD,1Y,3M BBSW,0.0480000000000424
2021-09-01,AUD,1Y,3M BBSW,0.0473000000000237
2021-08-31,AUD,1Y,3M BBSW,0.0448000000000402
2021-08-30,AUD,1Y,3M BBSW,0.0492000000000297
2021-08-27,AUD,1Y,3M BBSW,0.0482357075350301
2021-08-26,AUD,1Y,3M BBSW,0.0479999638787254
2021-08-25,AUD,1Y,3M BBSW,0.0450000000000182
2021-08-24,AUD,1Y,3M BBSW,0.0448000000000767
2021-08-23,AUD,1Y,3M BBSW,0.0422000000000852
2021-08-20,AUD,1Y,3M BBSW,0.0353065427296617
2021-08-19,AUD,1Y,3M BBSW,0.0401999746647341
2021-08-18,AUD,1Y,3M BBSW,0.0412000000000446
2021-08-17,AUD,1Y,3M BBSW,0.04420000000004
2021-08-16,AUD,1Y,3M BBSW,0.0462000000000101
2021-08-13,AUD,1Y,3M BBSW,0.0537057295247073
2021-08-12,AUD,1Y,3M BBSW,0.05149995841867079
2021-08-11,AUD,1Y,3M BBSW,0.05800000000016589
2021-08-10,AUD,1Y,3M BBSW,0.0565000000002067
2021-08-09,AUD,1Y,3M BBSW,0.056000000000211006
2021-08-06,AUD,1Y,3M BBSW,0.0524128136386213
2021-08-05,AUD,1Y,3M BBSW,0.0529999559610146
2021-08-04,AUD,1Y,3M BBSW,0.04949999999996481
2021-08-03,AUD,1Y,3M BBSW,0.0487000000000216
2021-07-30,AUD,1Y,3M BBSW,0.05384751106911881
2021-07-29,AUD,1Y,3M BBSW,0.0577999478308607
2021-07-28,AUD,1Y,3M BBSW,0.0597000000002033
2021-07-27,AUD,1Y,3M BBSW,0.0648000000009349
2021-07-26,AUD,1Y,3M BBSW,0.0642999668260729
2021-07-23,AUD,1Y,3M BBSW,0.0636511009591011
2021-07-22,AUD,1Y,3M BBSW,0.06719992896109
2021-07-21,AUD,1Y,3M BBSW,0.065800000000803
2021-07-20,AUD,1Y,3M BBSW,0.0658000000984388
2021-07-19,AUD,1Y,3M BBSW,0.0750000000010412
2021-07-16,AUD,1Y,3M BBSW,0.077574751498104
2021-07-15,AUD,1Y,3M BBSW,0.0701999799263213
2021-07-14,AUD,1Y,3M BBSW,0.067500000000106
2021-07-13,AUD,1Y,3M BBSW,0.0643000000001229
2021-07-12,AUD,1Y,3M BBSW,0.06100000000065149
2021-07-09,AUD,1Y,3M BBSW,0.0673309936510668
2021-07-08,AUD,1Y,3M BBSW,0.0734999139345354
2021-07-07,AUD,1Y,3M BBSW,0.077500000000015
2021-07-06,AUD,1Y,3M BBSW,0.0760000000000593
2021-07-05,AUD,1Y,3M BBSW,0.0715000000000722
2021-07-02,AUD,1Y,3M BBSW,0.0701156531109074
2021-07-01,AUD,1Y,3M BBSW,0.0747998672813915
2021-06-30,AUD,1Y,3M BBSW,0.0799999548919894
2021-06-29,AUD,1Y,3M BBSW,0.083500000005527
2021-06-28,AUD,1Y,3M BBSW,0.0856999431729562
2021-06-25,AUD,1Y,3M BBSW,0.0857301082127226
2021-06-24,AUD,1Y,3M BBSW,0.0740000000009729
2021-06-23,AUD,1Y,3M BBSW,0.0698000000000965
2021-06-22,AUD,1Y,3M BBSW,0.067200000000123
2021-06-21,AUD,1Y,3M BBSW,0.0752000000009741
2021-06-18,AUD,1Y,3M BBSW,0.0658392268841963
2021-06-17,AUD,1Y,3M BBSW,0.056300000001134595
2021-06-16,AUD,1Y,3M BBSW,0.0485000000843068
2021-06-15,AUD,1Y,3M BBSW,0.0487000000046158
2021-06-11,AUD,1Y,3M BBSW,0.0490964913027809
2021-06-10,AUD,1Y,3M BBSW,0.04970000000090831
2021-06-09,AUD,1Y,3M BBSW,0.0472000000871834
2021-06-08,AUD,1Y,3M BBSW,0.047000000021791
2021-06-07,AUD,1Y,3M BBSW,0.04950000000100879
2021-06-04,AUD,1Y,3M BBSW,0.0492302392896104
2021-06-03,AUD,1Y,3M BBSW,0.0500000000300256
2021-06-02,AUD,1Y,3M BBSW,0.05470000007524901
2021-06-01,AUD,1Y,3M BBSW,0.0608000000013431
2021-05-31,AUD,1Y,3M BBSW,0.0632000000044357
2021-05-28,AUD,1Y,3M BBSW,0.0643474573218873
2021-05-27,AUD,1Y,3M BBSW,0.0624998978099526
2021-05-26,AUD,1Y,3M BBSW,0.0641999074159193
2021-05-25,AUD,1Y,3M BBSW,0.0622000000014579
2021-05-24,AUD,1Y,3M BBSW,0.0620000000015063
2021-05-21,AUD,1Y,3M BBSW,0.061164865746182004
2021-05-20,AUD,1Y,3M BBSW,0.0666998915956361
2021-05-19,AUD,1Y,3M BBSW,0.0664999066970886
2021-05-18,AUD,1Y,3M BBSW,0.0658000000014917
2021-05-17,AUD,1Y,3M BBSW,0.0677000000448992
2021-05-14,AUD,1Y,3M BBSW,0.0681964653189374
2021-05-13,AUD,1Y,3M BBSW,0.06749988660164
2021-05-12,AUD,1Y,3M BBSW,0.0671999120753732
2021-05-11,AUD,1Y,3M BBSW,0.0672000000015143
2021-05-10,AUD,1Y,3M BBSW,0.0695000000016179
2021-05-07,AUD,1Y,3M BBSW,0.0683256263355046
2021-05-06,AUD,1Y,3M BBSW,0.0676998832938213
2021-05-05,AUD,1Y,3M BBSW,0.0714998950336994
2021-05-04,AUD,1Y,3M BBSW,0.0720000000014441
2021-05-03,AUD,1Y,3M BBSW,0.0715000000016376
2021-04-30,AUD,1Y,3M BBSW,0.0709944274449352
2021-04-29,AUD,1Y,3M BBSW,0.0704998975972037
2021-04-28,AUD,1Y,3M BBSW,0.0705000000012341
2021-04-27,AUD,1Y,3M BBSW,0.0780000000076431
2021-04-26,AUD,1Y,3M BBSW,0.0771999360984428
2021-04-23,AUD,1Y,3M BBSW,0.0765707340784845
2021-04-22,AUD,1Y,3M BBSW,0.0774998837359628
2021-04-21,AUD,1Y,3M BBSW,0.0817000000017751
2021-04-20,AUD,1Y,3M BBSW,0.0828000000017887
2021-04-19,AUD,1Y,3M BBSW,0.0792000000460878
2021-04-16,AUD,1Y,3M BBSW,0.0805381339241677
2021-04-15,AUD,1Y,3M BBSW,0.0767440570929024
2021-04-14,AUD,1Y,3M BBSW,0.0755000000019236
2021-04-13,AUD,1Y,3M BBSW,0.0738000000017089
2021-04-12,AUD,1Y,3M BBSW,0.0720000000016634
2021-04-09,AUD,1Y,3M BBSW,0.0753869249285874
2021-04-08,AUD,1Y,3M BBSW,0.0759998780591186
2021-04-07,AUD,1Y,3M BBSW,0.0771999999823375
2021-04-06,AUD,1Y,3M BBSW,0.0733000000017646
2021-04-01,AUD,1Y,3M BBSW,0.0797998066103426
2021-03-31,AUD,1Y,3M BBSW,0.0785000000321396
2021-03-30,AUD,1Y,3M BBSW,0.0768000000169688
2021-03-29,AUD,1Y,3M BBSW,0.0645000000089112
2021-03-26,AUD,1Y,3M BBSW,0.0588772955918526
2021-03-25,AUD,1Y,3M BBSW,0.0589998121598305
2021-03-24,AUD,1Y,3M BBSW,0.0555000000012614
2021-03-23,AUD,1Y,3M BBSW,0.0582000000014668
2021-03-22,AUD,1Y,3M BBSW,0.0645000000796498
2021-03-19,AUD,1Y,3M BBSW,0.0641484796620527
2021-03-18,AUD,1Y,3M BBSW,0.0691998325879208
2021-03-17,AUD,1Y,3M BBSW,0.0655000000014623
2021-03-16,AUD,1Y,3M BBSW,0.0695000000014791
2021-03-15,AUD,1Y,3M BBSW,0.0772000000057716
2021-03-12,AUD,1Y,3M BBSW,0.0765803034372111
2021-03-11,AUD,1Y,3M BBSW,0.0667998424774569
2021-03-10,AUD,1Y,3M BBSW,0.0658000000040223
2021-03-09,AUD,1Y,3M BBSW,0.0720000000016811
2021-03-08,AUD,1Y,3M BBSW,0.0765000000017487
2021-03-05,AUD,1Y,3M BBSW,0.0817520039353616
2021-03-04,AUD,1Y,3M BBSW,0.0849997216962272
2021-03-03,AUD,1Y,3M BBSW,0.0593000000010453
2021-03-02,AUD,1Y,3M BBSW,0.061500000001223
2021-03-01,AUD,1Y,3M BBSW,0.071500000001581
2021-02-26,AUD,1Y,3M BBSW,0.0870233593626267
2021-02-25,AUD,1Y,3M BBSW,0.055000000001180105
2021-02-24,AUD,1Y,3M BBSW,0.0355000000006541
2021-02-23,AUD,1Y,3M BBSW,0.0309999901679958
2021-02-22,AUD,1Y,3M BBSW,0.0426999536607471
2021-02-19,AUD,1Y,3M BBSW,0.039782067045218
2021-02-18,AUD,1Y,3M BBSW,0.0305000000401386
2021-02-17,AUD,1Y,3M BBSW,0.0302000000003434
2021-02-16,AUD,1Y,3M BBSW,0.0281999925842178
2021-02-15,AUD,1Y,3M BBSW,0.0254999979197489
2021-02-12,AUD,1Y,3M BBSW,0.0253610544312457
2021-02-11,AUD,1Y,3M BBSW,0.0234999997966656
2021-02-10,AUD,1Y,3M BBSW,0.0234999997775563
2021-02-09,AUD,1Y,3M BBSW,0.0221999952872333
2021-02-08,AUD,1Y,3M BBSW,0.0221999877421025
2021-02-05,AUD,1Y,3M BBSW,0.0220790326527893
2021-02-04,AUD,1Y,3M BBSW,0.0219999998336599
2021-02-03,AUD,1Y,3M BBSW,0.0217999998120534
2021-02-02,AUD,1Y,3M BBSW,0.0231999920520475
2021-02-01,AUD,1Y,3M BBSW,0.024499981733414396
2021-01-29,AUD,1Y,3M BBSW,0.0228746769023999
2021-01-28,AUD,1Y,3M BBSW,0.0228000000094312
2021-01-27,AUD,1Y,3M BBSW,0.0242999998598638
2021-01-25,AUD,1Y,3M BBSW,0.0237999912194249
2021-01-22,AUD,1Y,3M BBSW,0.0236703173381258
2021-01-21,AUD,1Y,3M BBSW,0.0219999997977747
2021-01-20,AUD,1Y,3M BBSW,0.0216999998330059
2021-01-19,AUD,1Y,3M BBSW,0.0232000000035877
2021-01-18,AUD,1Y,3M BBSW,0.0227999920009006
2021-01-15,AUD,1Y,3M BBSW,0.0229042298035747
2021-01-14,AUD,1Y,3M BBSW,0.0225000000013041
2021-01-13,AUD,1Y,3M BBSW,0.0224999998476908
2021-01-12,AUD,1Y,3M BBSW,0.0227999998019198
2021-01-11,AUD,1Y,3M BBSW,0.0234999915256019
2021-01-08,AUD,1Y,3M BBSW,0.0266539738746417
2021-01-07,AUD,1Y,3M BBSW,0.026799999884991002
2021-01-06,AUD,1Y,3M BBSW,0.0234999998642737
2021-01-05,AUD,1Y,3M BBSW,0.0227999950798599
2021-01-04,AUD,1Y,3M BBSW,0.0206999846605143
2020-12-31,AUD,1Y,3M BBSW,0.025000000062996797
2020-12-30,AUD,1Y,3M BBSW,0.0250000000010998
2020-12-29,AUD,1Y,3M BBSW,0.0227999998261219
2020-12-24,AUD,1Y,3M BBSW,0.0200000000000328
2020-12-23,AUD,1Y,3M BBSW,0.0191999998901307
2020-12-22,AUD,1Y,3M BBSW,0.0197999998648296
2020-12-21,AUD,1Y,3M BBSW,0.0304999917533899
2020-12-18,AUD,1Y,3M BBSW,0.0306321550400775
2020-12-17,AUD,1Y,3M BBSW,0.0329999998091128
2020-12-16,AUD,1Y,3M BBSW,0.0339999997799961
2020-12-15,AUD,1Y,3M BBSW,0.0339999998993017
2020-12-14,AUD,1Y,3M BBSW,0.0351999815841379
2020-12-11,AUD,1Y,3M BBSW,0.0350081788745671
2020-12-10,AUD,1Y,3M BBSW,0.0351999998661371
2020-12-09,AUD,1Y,3M BBSW,0.0357999998333042
2020-12-08,AUD,1Y,3M BBSW,0.0331999998459637
2020-12-07,AUD,1Y,3M BBSW,0.0331999903250633
2020-12-04,AUD,1Y,3M BBSW,0.0328201672689567
2020-12-03,AUD,1Y,3M BBSW,0.0327999998725965
2020-12-02,AUD,1Y,3M BBSW,0.0329999998616197
2020-12-01,AUD,1Y,3M BBSW,0.0329999998396134
2020-11-30,AUD,1Y,3M BBSW,0.0309999984091442
2020-11-27,AUD,1Y,3M BBSW,0.025361027142442205
2020-11-26,AUD,1Y,3M BBSW,0.025200000000003303
2020-11-25,AUD,1Y,3M BBSW,0.0321999999168338
2020-11-24,AUD,1Y,3M BBSW,0.0321999998589596
2020-11-23,AUD,1Y,3M BBSW,0.0231999956123097
2020-11-20,AUD,1Y,3M BBSW,0.0230735708662988
2020-11-19,AUD,1Y,3M BBSW,0.0230000000000236
2020-11-18,AUD,1Y,3M BBSW,0.0252999998969417
2020-11-17,AUD,1Y,3M BBSW,0.0244999998295893
2020-11-16,AUD,1Y,3M BBSW,0.0244999953017199
2020-11-13,AUD,1Y,3M BBSW,0.0260572231573483
2020-11-12,AUD,1Y,3M BBSW,0.025999999891044002
2020-11-11,AUD,1Y,3M BBSW,0.0337999998726246
2020-11-10,AUD,1Y,3M BBSW,0.0226999999269204
2020-11-09,AUD,1Y,3M BBSW,0.0134999985307349
2020-11-06,AUD,1Y,3M BBSW,0.013426430975285002
2020-11-05,AUD,1Y,3M BBSW,0.0134999999370968
2020-11-04,AUD,1Y,3M BBSW,0.0144999999441276
2020-11-03,AUD,1Y,3M BBSW,0.018199999968357
2020-11-02,AUD,1Y,3M BBSW,0.0354999777321618
2020-10-30,AUD,1Y,3M BBSW,0.0345947748598932
2020-10-29,AUD,1Y,3M BBSW,0.0347999999364152
2020-10-28,AUD,1Y,3M BBSW,0.0347999999409844
2020-10-27,AUD,1Y,3M BBSW,0.0319999998638808
2020-10-26,AUD,1Y,3M BBSW,0.0319999919264422
2020-10-23,AUD,1Y,3M BBSW,0.0340136311056268
2020-10-22,AUD,1Y,3M BBSW,0.033199999879916
2020-10-21,AUD,1Y,3M BBSW,0.0357999999320648
2020-10-20,AUD,1Y,3M BBSW,0.0431999999020975
2020-10-19,AUD,1Y,3M BBSW,0.0649999999955137
2020-10-16,AUD,1Y,3M BBSW,0.0636512530715279
2020-10-15,AUD,1Y,3M BBSW,0.0689999999724723
2020-10-14,AUD,1Y,3M BBSW,0.0734999999945449
2020-10-13,AUD,1Y,3M BBSW,0.0695000000949651
2020-10-12,AUD,1Y,3M BBSW,0.0762000000272929
2020-10-09,AUD,1Y,3M BBSW,0.0681267331933011
2020-10-08,AUD,1Y,3M BBSW,0.0651999998112978
2020-10-07,AUD,1Y,3M BBSW,0.0632000000809495
2020-10-06,AUD,1Y,3M BBSW,0.0732000000620625
2020-10-02,AUD,1Y,3M BBSW,0.0748844639504597
2020-10-01,AUD,1Y,3M BBSW,0.0839998394704687
2020-09-30,AUD,1Y,3M BBSW,0.078800000001512
2020-09-29,AUD,1Y,3M BBSW,0.0755000000002007
2020-09-28,AUD,1Y,3M BBSW,0.0731999257366618
2020-09-25,AUD,1Y,3M BBSW,0.0724032356221343
2020-09-24,AUD,1Y,3M BBSW,0.0685000000001604
2020-09-23,AUD,1Y,3M BBSW,0.0679999998364676
2020-09-22,AUD,1Y,3M BBSW,0.0934999999775081
2020-09-21,AUD,1Y,3M BBSW,0.0904999421397583
2020-09-18,AUD,1Y,3M BBSW,0.0926922972858651
2020-09-17,AUD,1Y,3M BBSW,0.0932000000002548
2020-09-16,AUD,1Y,3M BBSW,0.090500000000214
2020-09-15,AUD,1Y,3M BBSW,0.0938000000148337
2020-09-14,AUD,1Y,3M BBSW,0.0981998532182587
2020-09-11,AUD,1Y,3M BBSW,0.001049253061313499
2020-09-10,AUD,1Y,3M BBSW,0.00103000000001029
2020-09-09,AUD,1Y,3M BBSW,0.001055000000002637
2020-09-08,AUD,1Y,3M BBSW,0.00105500000084021
2020-09-07,AUD,1Y,3M BBSW,0.0994999300063668
2020-09-04,AUD,1Y,3M BBSW,0.001039307576812177
2020-09-03,AUD,1Y,3M BBSW,0.098800000001362
2020-09-02,AUD,1Y,3M BBSW,0.001090000000653793
2020-09-01,AUD,1Y,3M BBSW,0.001240000000004955
2020-08-31,AUD,1Y,3M BBSW,0.001138001865870257
2020-08-28,AUD,1Y,3M BBSW,0.001059198732693056
2020-08-27,AUD,1Y,3M BBSW,0.001112000860113857
2020-08-26,AUD,1Y,3M BBSW,0.00111499999834113
2020-08-25,AUD,1Y,3M BBSW,0.001124999999974722
2020-08-24,AUD,1Y,3M BBSW,0.001197999998450136
2020-08-21,AUD,1Y,3M BBSW,0.001168596775765026
2020-08-20,AUD,1Y,3M BBSW,0.001219998001018136
2020-08-19,AUD,1Y,3M BBSW,0.001265000001222604
2020-08-18,AUD,1Y,3M BBSW,0.001261999999228998
2020-08-17,AUD,1Y,3M BBSW,0.001258000000507318
2020-08-14,AUD,1Y,3M BBSW,0.001316764470934893
2020-08-13,AUD,1Y,3M BBSW,0.0012819978072285858
2020-08-12,AUD,1Y,3M BBSW,0.0012799999983001608
2020-08-11,AUD,1Y,3M BBSW,0.001234999999246568
2020-08-10,AUD,1Y,3M BBSW,0.0012580000000060251
2020-08-07,AUD,1Y,3M BBSW,0.0012531335223485629
2020-08-06,AUD,1Y,3M BBSW,0.001271997846839061
2020-08-05,AUD,1Y,3M BBSW,0.0012679999984911668
2020-08-04,AUD,1Y,3M BBSW,0.0012679999999248531
2020-07-31,AUD,1Y,3M BBSW,0.0013507022691943628
2020-07-30,AUD,1Y,3M BBSW,0.001335001244140349
2020-07-29,AUD,1Y,3M BBSW,0.00133500000037498
2020-07-28,AUD,1Y,3M BBSW,0.0014000000000359868
2020-07-27,AUD,1Y,3M BBSW,0.0013900000000042758
2020-07-24,AUD,1Y,3M BBSW,0.001377449701591621
2020-07-23,AUD,1Y,3M BBSW,0.0013819974249321958
2020-07-22,AUD,1Y,3M BBSW,0.001365000000003391
2020-07-21,AUD,1Y,3M BBSW,0.0013180000004550069
2020-07-20,AUD,1Y,3M BBSW,0.001320000000104362
2020-07-17,AUD,1Y,3M BBSW,0.001314793286723559
2020-07-16,AUD,1Y,3M BBSW,0.0013099976837378368
2020-07-15,AUD,1Y,3M BBSW,0.0014169999999926318
2020-07-14,AUD,1Y,3M BBSW,0.001385000000184852
2020-07-13,AUD,1Y,3M BBSW,0.001282000000594203
2020-07-10,AUD,1Y,3M BBSW,0.001237218641913666
2020-07-09,AUD,1Y,3M BBSW,0.001287997767539735
2020-07-08,AUD,1Y,3M BBSW,0.001289999999326194
2020-07-07,AUD,1Y,3M BBSW,0.001345000000004575
2020-07-06,AUD,1Y,3M BBSW,0.0013680000000053018
2020-07-03,AUD,1Y,3M BBSW,0.0013804306481712992
2020-07-02,AUD,1Y,3M BBSW,0.001384991377675899
2020-07-01,AUD,1Y,3M BBSW,0.0014399958216544351
2020-06-30,AUD,1Y,3M BBSW,0.0014429997614200491
2020-06-29,AUD,1Y,3M BBSW,0.001462000000004553
2020-06-26,AUD,1Y,3M BBSW,0.001474915385165261
2020-06-25,AUD,1Y,3M BBSW,0.001489994131169802
2020-06-24,AUD,1Y,3M BBSW,0.001502000000723469
2020-06-23,AUD,1Y,3M BBSW,0.001500000000009826
2020-06-22,AUD,1Y,3M BBSW,0.001470000000006365
2020-06-19,AUD,1Y,3M BBSW,0.0014639768561926008
2020-06-18,AUD,1Y,3M BBSW,0.00146700000000512
2020-06-17,AUD,1Y,3M BBSW,0.0014519999993991661
2020-06-16,AUD,1Y,3M BBSW,0.001561999998815417
2020-06-15,AUD,1Y,3M BBSW,0.00167800000093625
2020-06-12,AUD,1Y,3M BBSW,0.0016980447466881509
2020-06-11,AUD,1Y,3M BBSW,0.001678000000784996
2020-06-10,AUD,1Y,3M BBSW,0.001743000001265999
2020-06-09,AUD,1Y,3M BBSW,0.001800000000021145
2020-06-05,AUD,1Y,3M BBSW,0.001765324993543937
2020-06-04,AUD,1Y,3M BBSW,0.001644999999990966
2020-06-03,AUD,1Y,3M BBSW,0.001668000001973316
2020-06-02,AUD,1Y,3M BBSW,0.001647000000815208
2020-06-01,AUD,1Y,3M BBSW,0.001685000000034592
2020-05-29,AUD,1Y,3M BBSW,0.001735496408520546
2020-05-28,AUD,1Y,3M BBSW,0.0016650006525232468
2020-05-27,AUD,1Y,3M BBSW,0.001620002132448273
2020-05-26,AUD,1Y,3M BBSW,0.001618000000009781
2020-05-25,AUD,1Y,3M BBSW,0.001739999999179262
2020-05-22,AUD,1Y,3M BBSW,0.001730517999100799
2020-05-21,AUD,1Y,3M BBSW,0.001381995934092706
2020-05-20,AUD,1Y,3M BBSW,0.0013779971341249839
2020-05-19,AUD,1Y,3M BBSW,0.001392000000005496
2020-05-18,AUD,1Y,3M BBSW,0.001277000000657075
2020-05-15,AUD,1Y,3M BBSW,0.001239877058384686
2020-05-14,AUD,1Y,3M BBSW,0.00115499987403635
2020-05-13,AUD,1Y,3M BBSW,0.001189997854472057
2020-05-12,AUD,1Y,3M BBSW,0.001271999998089339
2020-05-11,AUD,1Y,3M BBSW,0.001308000000016826
2020-05-08,AUD,1Y,3M BBSW,0.0013943598706981188
2020-05-07,AUD,1Y,3M BBSW,0.0015799946762454359
2020-05-06,AUD,1Y,3M BBSW,0.001649996089585444
2020-05-05,AUD,1Y,3M BBSW,0.001628000000183971
2020-05-04,AUD,1Y,3M BBSW,0.00164200000000856
2020-05-01,AUD,1Y,3M BBSW,0.00166388136589763
2020-04-30,AUD,1Y,3M BBSW,0.001717002383303741
2020-04-29,AUD,1Y,3M BBSW,0.0019020000000301049
2020-04-28,AUD,1Y,3M BBSW,0.001856999998546462
2020-04-27,AUD,1Y,3M BBSW,0.0019000000000062639
2020-04-24,AUD,1Y,3M BBSW,0.001867765785421436
2020-04-23,AUD,1Y,3M BBSW,0.001969994041688044
2020-04-22,AUD,1Y,3M BBSW,0.0020400000007284
2020-04-21,AUD,1Y,3M BBSW,0.001991000000700203
2020-04-20,AUD,1Y,3M BBSW,0.001995000000010779
2020-04-17,AUD,1Y,3M BBSW,0.002001035562817693
2020-04-16,AUD,1Y,3M BBSW,0.002121993251843063
2020-04-15,AUD,1Y,3M BBSW,0.002287999998507386
2020-04-14,AUD,1Y,3M BBSW,0.002437999999993927
2020-04-09,AUD,1Y,3M BBSW,0.0027499888349419473
2020-04-08,AUD,1Y,3M BBSW,0.002787999999094188
2020-04-07,AUD,1Y,3M BBSW,0.0027299999999822124
2020-04-06,AUD,1Y,3M BBSW,0.0027719999999919333
2020-04-03,AUD,1Y,3M BBSW,0.002785111858720556
2020-04-02,AUD,1Y,3M BBSW,0.002846824858570778
2020-04-01,AUD,1Y,3M BBSW,0.003079981012955149
2020-03-31,AUD,1Y,3M BBSW,0.003374999999988248
2020-03-30,AUD,1Y,3M BBSW,0.003451999999993502
2020-03-27,AUD,1Y,3M BBSW,0.003603238711006848
2020-03-26,AUD,1Y,3M BBSW,0.003811951919628506
2020-03-25,AUD,1Y,3M BBSW,0.004271950886865744
2020-03-24,AUD,1Y,3M BBSW,0.004222999999924721
2020-03-23,AUD,1Y,3M BBSW,0.004099999999958484
2020-03-20,AUD,1Y,3M BBSW,0.004282522092105331
2020-03-19,AUD,1Y,3M BBSW,0.004671940119043674
2020-03-18,AUD,1Y,3M BBSW,0.004987999999905352
2020-03-17,AUD,1Y,3M BBSW,0.004789999999762657
2020-03-16,AUD,1Y,3M BBSW,0.004786999999890656
2020-03-13,AUD,1Y,3M BBSW,0.005755441361374517
2020-03-12,AUD,1Y,3M BBSW,0.004989933207174786
2020-03-11,AUD,1Y,3M BBSW,0.004969999999830696
2020-03-10,AUD,1Y,3M BBSW,0.005074999999259742
2020-03-09,AUD,1Y,3M BBSW,0.00526199999992051
2020-03-06,AUD,1Y,3M BBSW,0.004942883467204589
2020-03-05,AUD,1Y,3M BBSW,0.004489946349523065
2020-03-04,AUD,1Y,3M BBSW,0.004244999999959673
2020-03-03,AUD,1Y,3M BBSW,0.004764999999905643
2020-03-02,AUD,1Y,3M BBSW,0.00468799999991687
2020-02-28,AUD,1Y,3M BBSW,0.005064591560226893
2020-02-27,AUD,1Y,3M BBSW,0.006430528847826737
2020-02-26,AUD,1Y,3M BBSW,0.006660999999804417
2020-02-25,AUD,1Y,3M BBSW,0.00694999999978017
2020-02-24,AUD,1Y,3M BBSW,0.006934967842949013
2020-02-21,AUD,1Y,3M BBSW,0.007005844536214806
2020-02-20,AUD,1Y,3M BBSW,0.0072703783583006575
2020-02-19,AUD,1Y,3M BBSW,0.007629999999714792
2020-02-18,AUD,1Y,3M BBSW,0.007617999999900368
2020-02-17,AUD,1Y,3M BBSW,0.00780995895547788
2020-02-14,AUD,1Y,3M BBSW,0.007785831954278431
2020-02-13,AUD,1Y,3M BBSW,0.007862163239770882
2020-02-12,AUD,1Y,3M BBSW,0.007839999999726274
2020-02-11,AUD,1Y,3M BBSW,0.007687999999647908
2020-02-10,AUD,1Y,3M BBSW,0.007562961734605571
2020-02-07,AUD,1Y,3M BBSW,0.007731859075380435
2020-02-06,AUD,1Y,3M BBSW,0.007899958654195488
2020-02-05,AUD,1Y,3M BBSW,0.007422999999885511
2020-02-04,AUD,1Y,3M BBSW,0.006449999999883698
2020-02-03,AUD,1Y,3M BBSW,0.006542941583971663
2020-01-31,AUD,1Y,3M BBSW,0.006776971203476458
2020-01-30,AUD,1Y,3M BBSW,0.006984033550855511
2020-01-29,AUD,1Y,3M BBSW,0.007311999999706546
2020-01-28,AUD,1Y,3M BBSW,0.0068699999998217895
2020-01-24,AUD,1Y,3M BBSW,0.0073130029438784015
2020-01-23,AUD,1Y,3M BBSW,0.007464325312202695
2020-01-22,AUD,1Y,3M BBSW,0.007049999999840014
2020-01-21,AUD,1Y,3M BBSW,0.007224999999439492
2020-01-20,AUD,1Y,3M BBSW,0.007346999999560146
2020-01-17,AUD,1Y,3M BBSW,0.007339927990290904
2020-01-16,AUD,1Y,3M BBSW,0.0074175809926931915
2020-01-15,AUD,1Y,3M BBSW,0.007608000000007831
2020-01-14,AUD,1Y,3M BBSW,0.007687999998249356
2020-01-13,AUD,1Y,3M BBSW,0.0078109591415692495
2020-01-10,AUD,1Y,3M BBSW,0.007623994592607642
2020-01-09,AUD,1Y,3M BBSW,0.0074722831855374
2020-01-08,AUD,1Y,3M BBSW,0.007348999999650184
2020-01-07,AUD,1Y,3M BBSW,0.007639999999642513
2020-01-06,AUD,1Y,3M BBSW,0.007671999999582752
2020-01-03,AUD,1Y,3M BBSW,0.007773700912343643
2020-01-02,AUD,1Y,3M BBSW,0.008403229546245766
2019-12-31,AUD,1Y,3M BBSW,0.00838799999760953
2019-12-30,AUD,1Y,3M BBSW,0.008324999999391763
2019-12-27,AUD,1Y,3M BBSW,0.008336446933445967
2019-12-24,AUD,1Y,3M BBSW,0.008281999999370376
2019-12-23,AUD,1Y,3M BBSW,0.008224999999493932
2019-12-20,AUD,1Y,3M BBSW,0.008100799331891336
2019-12-19,AUD,1Y,3M BBSW,0.007521936158972078
2019-12-18,AUD,1Y,3M BBSW,0.007187999999665049
2019-12-17,AUD,1Y,3M BBSW,0.0073800000001683005
2019-12-16,AUD,1Y,3M BBSW,0.007486999999664876
2019-12-13,AUD,1Y,3M BBSW,0.0074665438509210905
2019-12-12,AUD,1Y,3M BBSW,0.00717085168977178
2019-12-11,AUD,1Y,3M BBSW,0.007451999999722077
2019-12-10,AUD,1Y,3M BBSW,0.007401999999689164
2019-12-09,AUD,1Y,3M BBSW,0.0076080000000051
2019-12-06,AUD,1Y,3M BBSW,0.007542298476382575
2019-12-05,AUD,1Y,3M BBSW,0.007531883442596376
2019-12-04,AUD,1Y,3M BBSW,0.007734999999814786
2019-12-03,AUD,1Y,3M BBSW,0.007819999999187591
2019-12-02,AUD,1Y,3M BBSW,0.0074979999997576005
2019-11-29,AUD,1Y,3M BBSW,0.007419747084218806
2019-11-28,AUD,1Y,3M BBSW,0.007300215521278772
2019-11-27,AUD,1Y,3M BBSW,0.007629999999736501
2019-11-26,AUD,1Y,3M BBSW,0.007806999999753407
2019-11-25,AUD,1Y,3M BBSW,0.007849999999709131
2019-11-22,AUD,1Y,3M BBSW,0.007840475186589736
2019-11-21,AUD,1Y,3M BBSW,0.007725904716768657
2019-11-20,AUD,1Y,3M BBSW,0.007754999999651967
2019-11-19,AUD,1Y,3M BBSW,0.007861999999764436
2019-11-18,AUD,1Y,3M BBSW,0.008179999999683843
2019-11-15,AUD,1Y,3M BBSW,0.008191957409251525
2019-11-14,AUD,1Y,3M BBSW,0.008249893653612072
2019-11-13,AUD,1Y,3M BBSW,0.008596999999348907
2019-11-12,AUD,1Y,3M BBSW,0.008694999998942046
2019-11-11,AUD,1Y,3M BBSW,0.00870999999952295
2019-11-08,AUD,1Y,3M BBSW,0.00873599965987151
2019-11-07,AUD,1Y,3M BBSW,0.008814989059089229
2019-11-06,AUD,1Y,3M BBSW,0.008996999999380646
2019-11-05,AUD,1Y,3M BBSW,0.009014999998904531
2019-11-04,AUD,1Y,3M BBSW,0.00885999999955463
2019-11-01,AUD,1Y,3M BBSW,0.008942378344367268
2019-10-31,AUD,1Y,3M BBSW,0.008688663501881362
2019-10-30,AUD,1Y,3M BBSW,0.008459999997847082
2019-10-29,AUD,1Y,3M BBSW,0.008442999999265472
2019-10-28,AUD,1Y,3M BBSW,0.008107999999653608
2019-10-25,AUD,1Y,3M BBSW,0.007853315249596808
2019-10-24,AUD,1Y,3M BBSW,0.008049147970571116
2019-10-23,AUD,1Y,3M BBSW,0.008191999999745424
2019-10-22,AUD,1Y,3M BBSW,0.008344999999664721
2019-10-21,AUD,1Y,3M BBSW,0.008319999999979392
2019-10-18,AUD,1Y,3M BBSW,0.00829712024370079
2019-10-17,AUD,1Y,3M BBSW,0.007822378983020274
2019-10-16,AUD,1Y,3M BBSW,0.0076419999988589634
2019-10-15,AUD,1Y,3M BBSW,0.00744799999877107
2019-10-14,AUD,1Y,3M BBSW,0.0075249999998435076
2019-10-11,AUD,1Y,3M BBSW,0.0077107104561362425
2019-10-10,AUD,1Y,3M BBSW,0.006949993289251524
2019-10-09,AUD,1Y,3M BBSW,0.007081999999905331
2019-10-08,AUD,1Y,3M BBSW,0.007047999999883557
2019-10-04,AUD,1Y,3M BBSW,0.007220437427856774
2019-10-03,AUD,1Y,3M BBSW,0.00728345945954527
2019-10-02,AUD,1Y,3M BBSW,0.007526999999841549
2019-10-01,AUD,1Y,3M BBSW,0.008289954341357247
2019-09-30,AUD,1Y,3M BBSW,0.008342000001233231
2019-09-27,AUD,1Y,3M BBSW,0.0083651253518967
2019-09-26,AUD,1Y,3M BBSW,0.008392238428197672
2019-09-25,AUD,1Y,3M BBSW,0.008504912578046447
2019-09-24,AUD,1Y,3M BBSW,0.008517999999670418
2019-09-23,AUD,1Y,3M BBSW,0.008477999999665371
2019-09-20,AUD,1Y,3M BBSW,0.008441915332588729
2019-09-19,AUD,1Y,3M BBSW,0.008732436482391696
2019-09-18,AUD,1Y,3M BBSW,0.009351999999740063
2019-09-17,AUD,1Y,3M BBSW,0.00970299999986791
2019-09-16,AUD,1Y,3M BBSW,0.00985200000047404
2019-09-13,AUD,1Y,3M BBSW,0.009477079363516864
2019-09-12,AUD,1Y,3M BBSW,0.009411749326649024
2019-09-11,AUD,1Y,3M BBSW,0.009387999999673853
2019-09-10,AUD,1Y,3M BBSW,0.009257999999785813
2019-09-09,AUD,1Y,3M BBSW,0.009094999999827392
2019-09-06,AUD,1Y,3M BBSW,0.009025269737516994
2019-09-05,AUD,1Y,3M BBSW,0.008682704808004638
2019-09-04,AUD,1Y,3M BBSW,0.008411999999995354
2019-09-03,AUD,1Y,3M BBSW,0.008124999999818402
2019-09-02,AUD,1Y,3M BBSW,0.00810799999988672
2019-08-30,AUD,1Y,3M BBSW,0.008179852746563247
2019-08-29,AUD,1Y,3M BBSW,0.007986527425719245
2019-08-28,AUD,1Y,3M BBSW,0.008099999999882895
2019-08-27,AUD,1Y,3M BBSW,0.008019999999767661
2019-08-26,AUD,1Y,3M BBSW,0.008119999999893577
2019-08-23,AUD,1Y,3M BBSW,0.008154566331720403
2019-08-22,AUD,1Y,3M BBSW,0.008372297212485329
2019-08-21,AUD,1Y,3M BBSW,0.008249999999975374
2019-08-20,AUD,1Y,3M BBSW,0.008176999999941308
2019-08-19,AUD,1Y,3M BBSW,0.008111999999895661
2019-08-16,AUD,1Y,3M BBSW,0.00799800010869793
2019-08-15,AUD,1Y,3M BBSW,0.007956424629403575
2019-08-14,AUD,1Y,3M BBSW,0.007999999999285991
2019-08-13,AUD,1Y,3M BBSW,0.00787999999991534
2019-08-12,AUD,1Y,3M BBSW,0.008059999999888972
2019-08-09,AUD,1Y,3M BBSW,0.00817550637454001
2019-08-08,AUD,1Y,3M BBSW,0.008167415236719853
2019-08-07,AUD,1Y,3M BBSW,0.008095000000078761
2019-08-06,AUD,1Y,3M BBSW,0.008339999999944434
2019-08-02,AUD,1Y,3M BBSW,0.008670519184760653
2019-08-01,AUD,1Y,3M BBSW,0.009350507146727716
2019-07-31,AUD,1Y,3M BBSW,0.009117999999996957
2019-07-30,AUD,1Y,3M BBSW,0.009114999998692176
2019-07-29,AUD,1Y,3M BBSW,0.009158000000407316
2019-07-26,AUD,1Y,3M BBSW,0.009274455871899245
2019-07-25,AUD,1Y,3M BBSW,0.009552681306907744
2019-07-24,AUD,1Y,3M BBSW,0.009875000000624424
2019-07-23,AUD,1Y,3M BBSW,0.010289999999626029
2019-07-22,AUD,1Y,3M BBSW,0.010271999999634069
2019-07-19,AUD,1Y,3M BBSW,0.01035951492277073
2019-07-18,AUD,1Y,3M BBSW,0.01020616238344565
2019-07-17,AUD,1Y,3M BBSW,0.01025999999957219
2019-07-16,AUD,1Y,3M BBSW,0.01030999999980426
2019-07-15,AUD,1Y,3M BBSW,0.01047000000055995
2019-07-12,AUD,1Y,3M BBSW,0.01040331991362587
2019-07-11,AUD,1Y,3M BBSW,0.010241898984122479
2019-07-10,AUD,1Y,3M BBSW,0.010471728386798081
2019-07-09,AUD,1Y,3M BBSW,0.010499999999953739
2019-07-08,AUD,1Y,3M BBSW,0.01050299999957675
2019-07-05,AUD,1Y,3M BBSW,0.010261717754636619
2019-07-04,AUD,1Y,3M BBSW,0.010192238657529851
2019-07-03,AUD,1Y,3M BBSW,0.010135000000324359
2019-07-02,AUD,1Y,3M BBSW,0.01032199999972717
2019-07-01,AUD,1Y,3M BBSW,0.01053192581435968
2019-06-28,AUD,1Y,3M BBSW,0.01054285604882782
2019-06-27,AUD,1Y,3M BBSW,0.010492887061843769
2019-06-26,AUD,1Y,3M BBSW,0.010265929661100941
2019-06-25,AUD,1Y,3M BBSW,0.01013186437851562
2019-06-24,AUD,1Y,3M BBSW,0.01020799999989901
2019-06-21,AUD,1Y,3M BBSW,0.010199815587248839
2019-06-20,AUD,1Y,3M BBSW,0.010594331510246831
2019-06-19,AUD,1Y,3M BBSW,0.010901999999772021
2019-06-18,AUD,1Y,3M BBSW,0.011159999999234812
2019-06-17,AUD,1Y,3M BBSW,0.01137799999980083
2019-06-14,AUD,1Y,3M BBSW,0.01115192239244561
2019-06-13,AUD,1Y,3M BBSW,0.01134625987794486
2019-06-12,AUD,1Y,3M BBSW,0.012025999998457479
2019-06-11,AUD,1Y,3M BBSW,0.01196499999916181
2019-06-07,AUD,1Y,3M BBSW,0.011750507129467189
2019-06-06,AUD,1Y,3M BBSW,0.01186319276018576
2019-06-05,AUD,1Y,3M BBSW,0.012354999998725712
2019-06-04,AUD,1Y,3M BBSW,0.01241799999890598
2019-06-03,AUD,1Y,3M BBSW,0.01243200000015623
2019-05-31,AUD,1Y,3M BBSW,0.01254555884100838
2019-05-30,AUD,1Y,3M BBSW,0.01269273172310125
2019-05-29,AUD,1Y,3M BBSW,0.01246510108795571
2019-05-28,AUD,1Y,3M BBSW,0.01272299999842582
2019-05-27,AUD,1Y,3M BBSW,0.012679999998629031
2019-05-24,AUD,1Y,3M BBSW,0.01267022172254003
2019-05-23,AUD,1Y,3M BBSW,0.01289653044591893
2019-05-22,AUD,1Y,3M BBSW,0.013218778449480799
2019-05-21,AUD,1Y,3M BBSW,0.01348499999928891
2019-05-20,AUD,1Y,3M BBSW,0.013701999997977781
2019-05-17,AUD,1Y,3M BBSW,0.01332342009879818
2019-05-16,AUD,1Y,3M BBSW,0.013610628715732109
2019-05-15,AUD,1Y,3M BBSW,0.014088150181507131
2019-05-14,AUD,1Y,3M BBSW,0.0140900000003701
2019-05-13,AUD,1Y,3M BBSW,0.01432799999797771
2019-05-10,AUD,1Y,3M BBSW,0.01445729057996528
2019-05-09,AUD,1Y,3M BBSW,0.01450573762867835
2019-05-08,AUD,1Y,3M BBSW,0.01465172988928142
2019-05-07,AUD,1Y,3M BBSW,0.0137519999980739
2019-05-06,AUD,1Y,3M BBSW,0.01390199999764755
2019-05-03,AUD,1Y,3M BBSW,0.014059263388862219
2019-05-02,AUD,1Y,3M BBSW,0.01400845506260316
2019-05-01,AUD,1Y,3M BBSW,0.01412174853553849
2019-04-30,AUD,1Y,3M BBSW,0.0141420000004399
2019-04-29,AUD,1Y,3M BBSW,0.01419200000096875
2019-04-26,AUD,1Y,3M BBSW,0.0140732190571189
2019-04-24,AUD,1Y,3M BBSW,0.01400099999745283
2019-04-23,AUD,1Y,3M BBSW,0.01555200000055767
2019-04-18,AUD,1Y,3M BBSW,0.01569242523503815
2019-04-17,AUD,1Y,3M BBSW,0.01570199999726738
2019-04-16,AUD,1Y,3M BBSW,0.015690000000664298
2019-04-15,AUD,1Y,3M BBSW,0.0159200000007836
2019-04-12,AUD,1Y,3M BBSW,0.01593990039178452
2019-04-11,AUD,1Y,3M BBSW,0.0156600652602592
2019-04-10,AUD,1Y,3M BBSW,0.01531360287478674
2019-04-09,AUD,1Y,3M BBSW,0.015642000000580348
2019-04-08,AUD,1Y,3M BBSW,0.01576000000000104
2019-04-05,AUD,1Y,3M BBSW,0.015861246489838058
2019-04-04,AUD,1Y,3M BBSW,0.01587145196387342
2019-04-03,AUD,1Y,3M BBSW,0.01578800000000181
2019-04-02,AUD,1Y,3M BBSW,0.01579600000000204
2019-04-01,AUD,1Y,3M BBSW,0.01601483450546696
2019-03-29,AUD,1Y,3M BBSW,0.01578696508479493
2019-03-28,AUD,1Y,3M BBSW,0.01570701338585608
2019-03-27,AUD,1Y,3M BBSW,0.01601999999784848
2019-03-26,AUD,1Y,3M BBSW,0.01611983225865112
2019-03-25,AUD,1Y,3M BBSW,0.01616167069801413
2019-03-22,AUD,1Y,3M BBSW,0.01605769472287535
2019-03-21,AUD,1Y,3M BBSW,0.01651159742526849
2019-03-20,AUD,1Y,3M BBSW,0.016383000000007558
2019-03-19,AUD,1Y,3M BBSW,0.016855000000001463
2019-03-18,AUD,1Y,3M BBSW,0.016944999999999977
2019-03-15,AUD,1Y,3M BBSW,0.01710335951254962
2019-03-14,AUD,1Y,3M BBSW,0.0170118151821162
2019-03-13,AUD,1Y,3M BBSW,0.017295000000000088
2019-03-12,AUD,1Y,3M BBSW,0.01761200000045708
2019-03-11,AUD,1Y,3M BBSW,0.01752000000001609
2019-03-08,AUD,1Y,3M BBSW,0.01765104731928246
2019-03-07,AUD,1Y,3M BBSW,0.01779754327803008
2019-03-06,AUD,1Y,3M BBSW,0.01803700000000917
2019-03-05,AUD,1Y,3M BBSW,0.0181880000000076
2019-03-04,AUD,1Y,3M BBSW,0.0182300000005887
2019-03-01,AUD,1Y,3M BBSW,0.01815583840010786
2019-02-28,AUD,1Y,3M BBSW,0.01808000000001459
2019-02-27,AUD,1Y,3M BBSW,0.01805000000000748
2019-02-26,AUD,1Y,3M BBSW,0.018211776000310022
2019-02-25,AUD,1Y,3M BBSW,0.01825732384399838
2019-02-22,AUD,1Y,3M BBSW,0.01805175313422314
2019-02-21,AUD,1Y,3M BBSW,0.01807200000000098
2019-02-20,AUD,1Y,3M BBSW,0.01840000000000696
2019-02-19,AUD,1Y,3M BBSW,0.018564767210686717
2019-02-18,AUD,1Y,3M BBSW,0.01873128821598586
2019-02-15,AUD,1Y,3M BBSW,0.018840733954442537
2019-02-14,AUD,1Y,3M BBSW,0.01880500000000801
2019-02-13,AUD,1Y,3M BBSW,0.01876200000000536
2019-02-12,AUD,1Y,3M BBSW,0.01869776408509637
2019-02-11,AUD,1Y,3M BBSW,0.01858930001327418
2019-02-08,AUD,1Y,3M BBSW,0.018295430976545558
2019-02-07,AUD,1Y,3M BBSW,0.01873000000000256
2019-02-06,AUD,1Y,3M BBSW,0.01879800000216913
2019-02-05,AUD,1Y,3M BBSW,0.01926449152642827
2019-02-04,AUD,1Y,3M BBSW,0.01918699714040116
2019-02-01,AUD,1Y,3M BBSW,0.01917568763887433
2019-01-31,AUD,1Y,3M BBSW,0.01941200000004149
2019-01-30,AUD,1Y,3M BBSW,0.01953000000002318
2019-01-29,AUD,1Y,3M BBSW,0.01936200000059616
2019-01-25,AUD,1Y,3M BBSW,0.01923479736084404
2019-01-24,AUD,1Y,3M BBSW,0.01957000000000721
2019-01-23,AUD,1Y,3M BBSW,0.0196950000000042
2019-01-22,AUD,1Y,3M BBSW,0.019769735708449962
2019-01-21,AUD,1Y,3M BBSW,0.01977920808623974
2019-01-18,AUD,1Y,3M BBSW,0.01960835113282029
2019-01-17,AUD,1Y,3M BBSW,0.01958200000000694
2019-01-16,AUD,1Y,3M BBSW,0.019603000000000762
2019-01-15,AUD,1Y,3M BBSW,0.01955200000001798
2019-01-14,AUD,1Y,3M BBSW,0.019489482640687922
2019-01-11,AUD,1Y,3M BBSW,0.019372619031308082
2019-01-10,AUD,1Y,3M BBSW,0.01939500000000719
2019-01-09,AUD,1Y,3M BBSW,0.01945200000000799
2019-01-08,AUD,1Y,3M BBSW,0.0193980000000075
2019-01-07,AUD,1Y,3M BBSW,0.019329237351588213
2019-01-04,AUD,1Y,3M BBSW,0.01931493804016291
2019-01-03,AUD,1Y,3M BBSW,0.01914700000000068
2019-01-02,AUD,1Y,3M BBSW,0.01930400000000714
2018-12-31,AUD,1Y,3M BBSW,0.01958106791271348
2018-12-28,AUD,1Y,3M BBSW,0.01960087128515797
2018-12-27,AUD,1Y,3M BBSW,0.01973700000000948
2018-12-24,AUD,1Y,3M BBSW,0.019739739071597852
2018-12-21,AUD,1Y,3M BBSW,0.019614793354002732
2018-12-20,AUD,1Y,3M BBSW,0.01964500000001989
2018-12-19,AUD,1Y,3M BBSW,0.01956500000000988
2018-12-18,AUD,1Y,3M BBSW,0.019662000000012322
2018-12-17,AUD,1Y,3M BBSW,0.019699738450977
2018-12-14,AUD,1Y,3M BBSW,0.01969157602768555
2018-12-13,AUD,1Y,3M BBSW,0.01974200000000985
2018-12-12,AUD,1Y,3M BBSW,0.01950800000001558
2018-12-11,AUD,1Y,3M BBSW,0.01938000000001098
2018-12-10,AUD,1Y,3M BBSW,0.019299491474327298
2018-12-07,AUD,1Y,3M BBSW,0.01914833508347161
2018-12-06,AUD,1Y,3M BBSW,0.01925800000002114
2018-12-05,AUD,1Y,3M BBSW,0.01939800000001298
2018-12-04,AUD,1Y,3M BBSW,0.01950500000001309
2018-12-03,AUD,1Y,3M BBSW,0.01957973968231608
2018-11-30,AUD,1Y,3M BBSW,0.01956119694038122
2018-11-29,AUD,1Y,3M BBSW,0.01959774057390342
2018-11-28,AUD,1Y,3M BBSW,0.01958200000001069
2018-11-27,AUD,1Y,3M BBSW,0.01966800000001225
2018-11-26,AUD,1Y,3M BBSW,0.01962473656989534
2018-11-23,AUD,1Y,3M BBSW,0.01957797492000115
2018-11-22,AUD,1Y,3M BBSW,0.019692000000011728
2018-11-21,AUD,1Y,3M BBSW,0.019788000000292308
2018-11-20,AUD,1Y,3M BBSW,0.0197720000000152
2018-11-19,AUD,1Y,3M BBSW,0.01978473212067226
2018-11-16,AUD,1Y,3M BBSW,0.01972218665421781
2018-11-15,AUD,1Y,3M BBSW,0.01982199999999728
2018-11-14,AUD,1Y,3M BBSW,0.01973500000006731
2018-11-13,AUD,1Y,3M BBSW,0.0198100000000116
2018-11-12,AUD,1Y,3M BBSW,0.01982773079793428
2018-11-09,AUD,1Y,3M BBSW,0.019690361946830378
2018-11-08,AUD,1Y,3M BBSW,0.01982000000001009
2018-11-07,AUD,1Y,3M BBSW,0.01983500000002222
2018-11-06,AUD,1Y,3M BBSW,0.01975800000000808
2018-11-05,AUD,1Y,3M BBSW,0.01969146176412869
2018-11-02,AUD,1Y,3M BBSW,0.01961775554271885
2018-11-01,AUD,1Y,3M BBSW,0.019492000000011892
2018-10-31,AUD,1Y,3M BBSW,0.01927000000006938
2018-10-30,AUD,1Y,3M BBSW,0.01934500000002052
2018-10-29,AUD,1Y,3M BBSW,0.019355000000011068
2018-10-26,AUD,1Y,3M BBSW,0.01935196798805466
2018-10-25,AUD,1Y,3M BBSW,0.01951774235414478
2018-10-24,AUD,1Y,3M BBSW,0.01955800000000727
2018-10-23,AUD,1Y,3M BBSW,0.01962200000001823
2018-10-22,AUD,1Y,3M BBSW,0.01974773609613896
2018-10-19,AUD,1Y,3M BBSW,0.019701262540603538
2018-10-18,AUD,1Y,3M BBSW,0.01964200000001001
2018-10-17,AUD,1Y,3M BBSW,0.019475000000012982
2018-10-16,AUD,1Y,3M BBSW,0.01956000000001411
2018-10-15,AUD,1Y,3M BBSW,0.01952000000002636
2018-10-12,AUD,1Y,3M BBSW,0.01943575842850617
2018-10-11,AUD,1Y,3M BBSW,0.01947800000015365
2018-10-10,AUD,1Y,3M BBSW,0.01940800000001218
2018-10-09,AUD,1Y,3M BBSW,0.019350000000008902
2018-10-08,AUD,1Y,3M BBSW,0.01929200000001135
2018-10-05,AUD,1Y,3M BBSW,0.01901433930473887
2018-10-04,AUD,1Y,3M BBSW,0.01934200000096208
2018-10-03,AUD,1Y,3M BBSW,0.019238000000017477
2018-10-02,AUD,1Y,3M BBSW,0.01937800000001204
2018-09-28,AUD,1Y,3M BBSW,0.0193557261995846
2018-09-27,AUD,1Y,3M BBSW,0.0196380000000132
2018-09-26,AUD,1Y,3M BBSW,0.01977673070860741
2018-09-25,AUD,1Y,3M BBSW,0.019871461941522638
2018-09-24,AUD,1Y,3M BBSW,0.0197997316243099
2018-09-21,AUD,1Y,3M BBSW,0.01966108169111804
2018-09-20,AUD,1Y,3M BBSW,0.01971000000000866
2018-09-19,AUD,1Y,3M BBSW,0.01970800000001358
2018-09-18,AUD,1Y,3M BBSW,0.01954700000001357
2018-09-17,AUD,1Y,3M BBSW,0.01943474165400965
2018-09-14,AUD,1Y,3M BBSW,0.01949403154571177
2018-09-13,AUD,1Y,3M BBSW,0.0194600000000122
2018-09-12,AUD,1Y,3M BBSW,0.01934800000070036
2018-09-11,AUD,1Y,3M BBSW,0.01933800000001129
2018-09-10,AUD,1Y,3M BBSW,0.01941747893548645
2018-09-07,AUD,1Y,3M BBSW,0.019220457117954018
2018-09-06,AUD,1Y,3M BBSW,0.019516000000014452
2018-09-05,AUD,1Y,3M BBSW,0.01970200000001161
2018-09-04,AUD,1Y,3M BBSW,0.01958800000001048
2018-09-03,AUD,1Y,3M BBSW,0.01953973947700484
2018-08-31,AUD,1Y,3M BBSW,0.01958125761468554
2018-08-30,AUD,1Y,3M BBSW,0.01962500000001131
2018-08-29,AUD,1Y,3M BBSW,0.01982500000064912
2018-08-28,AUD,1Y,3M BBSW,0.0197920000000141
2018-08-27,AUD,1Y,3M BBSW,0.01968800000001158
2018-08-24,AUD,1Y,3M BBSW,0.01966424373738742
2018-08-23,AUD,1Y,3M BBSW,0.01965449579138288
2018-08-22,AUD,1Y,3M BBSW,0.01985500000000989
2018-08-21,AUD,1Y,3M BBSW,0.01988000000000982
2018-08-20,AUD,1Y,3M BBSW,0.019660000000009822
2018-08-17,AUD,1Y,3M BBSW,0.01963440705848774
2018-08-16,AUD,1Y,3M BBSW,0.01973149171283181
2018-08-15,AUD,1Y,3M BBSW,0.01972500000014573
2018-08-14,AUD,1Y,3M BBSW,0.01987000000002209
2018-08-13,AUD,1Y,3M BBSW,0.01997800000000916
2018-08-10,AUD,1Y,3M BBSW,0.0199705644001302
2018-08-09,AUD,1Y,3M BBSW,0.0201144715514377
2018-08-08,AUD,1Y,3M BBSW,0.020195000000009178
2018-08-07,AUD,1Y,3M BBSW,0.02023500000001136
2018-08-03,AUD,1Y,3M BBSW,0.02016467660356253
2018-08-02,AUD,1Y,3M BBSW,0.02034145912300275
2018-08-01,AUD,1Y,3M BBSW,0.020185000000012422
2018-07-31,AUD,1Y,3M BBSW,0.02017000000003223
2018-07-30,AUD,1Y,3M BBSW,0.02000800000001067
2018-07-27,AUD,1Y,3M BBSW,0.0199170552555529
2018-07-26,AUD,1Y,3M BBSW,0.01996721806037913
2018-07-25,AUD,1Y,3M BBSW,0.02005972246184028
2018-07-24,AUD,1Y,3M BBSW,0.020192000000009636
2018-07-23,AUD,1Y,3M BBSW,0.02029400000001202
2018-07-20,AUD,1Y,3M BBSW,0.02023528224194164
2018-07-19,AUD,1Y,3M BBSW,0.02035332834721073
2018-07-18,AUD,1Y,3M BBSW,0.020295000000050002
2018-07-17,AUD,1Y,3M BBSW,0.02039000000002011
2018-07-16,AUD,1Y,3M BBSW,0.020472000000009517
2018-07-13,AUD,1Y,3M BBSW,0.02033302860515461
2018-07-12,AUD,1Y,3M BBSW,0.02026445739980252
2018-07-11,AUD,1Y,3M BBSW,0.02039000000001385
2018-07-10,AUD,1Y,3M BBSW,0.02073300000001585
2018-07-09,AUD,1Y,3M BBSW,0.020430000000014877
2018-07-06,AUD,1Y,3M BBSW,0.020111255335095887
2018-07-05,AUD,1Y,3M BBSW,0.02006746778489815
2018-07-04,AUD,1Y,3M BBSW,0.02016500000000991
2018-07-03,AUD,1Y,3M BBSW,0.020103000000013818
2018-07-02,AUD,1Y,3M BBSW,0.02027000000001862
2018-06-29,AUD,1Y,3M BBSW,0.02040319452832777
2018-06-28,AUD,1Y,3M BBSW,0.02028200000237576
2018-06-27,AUD,1Y,3M BBSW,0.020311999999989578
2018-06-26,AUD,1Y,3M BBSW,0.02041972158511943
2018-06-25,AUD,1Y,3M BBSW,0.02049944512863688
2018-06-22,AUD,1Y,3M BBSW,0.02031042588239217
2018-06-21,AUD,1Y,3M BBSW,0.02062000000001647
2018-06-20,AUD,1Y,3M BBSW,0.02050000000001107
2018-06-19,AUD,1Y,3M BBSW,0.02013000000002378
2018-06-18,AUD,1Y,3M BBSW,0.02000500000034165
2018-06-15,AUD,1Y,3M BBSW,0.020062497051278473
2018-06-14,AUD,1Y,3M BBSW,0.020203000000023202
2018-06-13,AUD,1Y,3M BBSW,0.02018700000002338
2018-06-12,AUD,1Y,3M BBSW,0.020138000000149998
2018-06-08,AUD,1Y,3M BBSW,0.01988668761820794
2018-06-07,AUD,1Y,3M BBSW,0.020192000000016752
2018-06-06,AUD,1Y,3M BBSW,0.02012200000094434
2018-06-05,AUD,1Y,3M BBSW,0.02003000000001626
2018-06-04,AUD,1Y,3M BBSW,0.01996000000001217
2025-11-04,AUD,15M,3M BBSW,0.035649
2025-11-03,AUD,15M,3M BBSW,0.03557800000000001
2025-10-31,AUD,15M,3M BBSW,0.0352369999999999
2025-10-30,AUD,15M,3M BBSW,0.03525600000000019
2025-10-29,AUD,15M,3M BBSW,0.03543300000000004
2025-10-28,AUD,15M,3M BBSW,0.033956000000000076
2025-10-27,AUD,15M,3M BBSW,0.03398300000000018
2025-10-24,AUD,15M,3M BBSW,0.03328494860978259
2025-10-23,AUD,15M,3M BBSW,0.03343700000000021
2025-10-22,AUD,15M,3M BBSW,0.03306100000000018
2025-10-21,AUD,15M,3M BBSW,0.03326500000000027
2025-10-20,AUD,15M,3M BBSW,0.033083000000000126
2025-10-17,AUD,15M,3M BBSW,0.03308092656957301
2025-10-16,AUD,15M,3M BBSW,0.03288700000000004
2025-10-15,AUD,15M,3M BBSW,0.03438100000000015
2025-10-14,AUD,15M,3M BBSW,0.03435500000000006
2025-10-13,AUD,15M,3M BBSW,0.03436900000000012
2025-10-10,AUD,15M,3M BBSW,0.034832970014569906
2025-10-09,AUD,15M,3M BBSW,0.03485200000000024
2025-10-08,AUD,15M,3M BBSW,0.034516
2025-10-07,AUD,15M,3M BBSW,0.034482000000000165
2025-10-03,AUD,15M,3M BBSW,0.0343833110280119
2025-10-02,AUD,15M,3M BBSW,0.0342197603057335
2025-10-01,AUD,15M,3M BBSW,0.03429699768513522
2025-09-30,AUD,15M,3M BBSW,0.034796999999879084
2025-09-29,AUD,15M,3M BBSW,0.03435235966341951
2025-09-26,AUD,15M,3M BBSW,0.03433970481475225
2025-09-25,AUD,15M,3M BBSW,0.03428972853699977
2025-09-24,AUD,15M,3M BBSW,0.03447799999999986
2025-09-23,AUD,15M,3M BBSW,0.03333000000000033
2025-09-22,AUD,15M,3M BBSW,0.03348739340973555
2025-09-19,AUD,15M,3M BBSW,0.033047235014726624
2025-09-18,AUD,15M,3M BBSW,0.03311999999999986
2025-09-17,AUD,15M,3M BBSW,0.03323899999999999
2025-09-16,AUD,15M,3M BBSW,0.03324300000000358
2025-09-15,AUD,15M,3M BBSW,0.03325818770775304
2025-09-12,AUD,15M,3M BBSW,0.03326330403085434
2025-09-11,AUD,15M,3M BBSW,0.03328200000044746
2025-09-10,AUD,15M,3M BBSW,0.033106999999218095
2025-09-09,AUD,15M,3M BBSW,0.03343600000000174
2025-09-08,AUD,15M,3M BBSW,0.03317282353856685
2025-09-05,AUD,15M,3M BBSW,0.03298551027660621
2025-09-04,AUD,15M,3M BBSW,0.03336900000043659
2025-09-03,AUD,15M,3M BBSW,0.03352800000008763
2025-09-02,AUD,15M,3M BBSW,0.03307300000000212
2025-09-01,AUD,15M,3M BBSW,0.03302441235019629
2025-08-29,AUD,15M,3M BBSW,0.03281043334067039
2025-08-28,AUD,15M,3M BBSW,0.032664857386496
2025-08-27,AUD,15M,3M BBSW,0.03275700000012725
2025-08-26,AUD,15M,3M BBSW,0.0327220000002438
2025-08-25,AUD,15M,3M BBSW,0.03270800000006509
2025-08-22,AUD,15M,3M BBSW,0.03273762327679575
2025-08-21,AUD,15M,3M BBSW,0.03264826664427829
2025-08-20,AUD,15M,3M BBSW,0.032610000000172265
2025-08-19,AUD,15M,3M BBSW,0.03287300000005751
2025-08-18,AUD,15M,3M BBSW,0.03273400000006163
2025-08-15,AUD,15M,3M BBSW,0.03279371788586329
2025-08-14,AUD,15M,3M BBSW,0.03278546183351834
2025-08-13,AUD,15M,3M BBSW,0.03245000000022669
2025-08-12,AUD,15M,3M BBSW,0.03276600000007342
2025-08-11,AUD,15M,3M BBSW,0.03316900000007054
2025-08-08,AUD,15M,3M BBSW,0.033074865824136566
2025-08-07,AUD,15M,3M BBSW,0.03298082707332791
2025-08-06,AUD,15M,3M BBSW,0.03308300000020201
2025-08-05,AUD,15M,3M BBSW,0.033003000000073036
2025-08-01,AUD,15M,3M BBSW,0.03345035255623293
2025-07-31,AUD,15M,3M BBSW,0.03348366966414171
2025-07-30,AUD,15M,3M BBSW,0.03322800000025975
2025-07-29,AUD,15M,3M BBSW,0.03336100000007275
2025-07-28,AUD,15M,3M BBSW,0.0335610000000669
2025-07-25,AUD,15M,3M BBSW,0.0336198327275969
2025-07-24,AUD,15M,3M BBSW,0.033447216362611804
2025-07-23,AUD,15M,3M BBSW,0.0332410000002116
2025-07-22,AUD,15M,3M BBSW,0.03309100000007581
2025-07-21,AUD,15M,3M BBSW,0.03300300000007191
2025-07-18,AUD,15M,3M BBSW,0.03285726567267243
2025-07-17,AUD,15M,3M BBSW,0.03266716081419664
2025-07-16,AUD,15M,3M BBSW,0.03377900000019324
2025-07-15,AUD,15M,3M BBSW,0.03399600000037311
2025-07-14,AUD,15M,3M BBSW,0.03360899999931631
2025-07-11,AUD,15M,3M BBSW,0.03332814986086488
2025-07-10,AUD,15M,3M BBSW,0.03331735817988694
2025-07-09,AUD,15M,3M BBSW,0.03335200000025936
2025-07-08,AUD,15M,3M BBSW,0.03357699999996121
2025-07-07,AUD,15M,3M BBSW,0.03222800000006934
2025-07-04,AUD,15M,3M BBSW,0.03198033697043217
2025-07-03,AUD,15M,3M BBSW,0.03202382044092503
2025-07-02,AUD,15M,3M BBSW,0.03188000000036404
2025-07-01,AUD,15M,3M BBSW,0.031819476238577546
2025-06-30,AUD,15M,3M BBSW,0.03180101563595081
2025-06-27,AUD,15M,3M BBSW,0.03169851667868752
2025-06-26,AUD,15M,3M BBSW,0.031558408778790896
2025-06-25,AUD,15M,3M BBSW,0.03178991154402678
2025-06-24,AUD,15M,3M BBSW,0.03220000000008369
2025-06-23,AUD,15M,3M BBSW,0.03247000000007885
2025-06-20,AUD,15M,3M BBSW,0.03255950786644644
2025-06-19,AUD,15M,3M BBSW,0.03261746935733548
2025-06-18,AUD,15M,3M BBSW,0.03302900000023359
2025-06-17,AUD,15M,3M BBSW,0.0326880000000839
2025-06-16,AUD,15M,3M BBSW,0.03271000000008336
2025-06-13,AUD,15M,3M BBSW,0.03251361436575846
2025-06-12,AUD,15M,3M BBSW,0.032362537789866225
2025-06-11,AUD,15M,3M BBSW,0.03294000000023514
2025-06-10,AUD,15M,3M BBSW,0.03315900000007717
2025-06-06,AUD,15M,3M BBSW,0.03303981879904394
2025-06-05,AUD,15M,3M BBSW,0.03262244424816378
2025-06-04,AUD,15M,3M BBSW,0.03237500000024765
2025-06-03,AUD,15M,3M BBSW,0.03247500000005003
2025-06-02,AUD,15M,3M BBSW,0.03301000000009352
2025-05-30,AUD,15M,3M BBSW,0.03289200042439881
2025-05-29,AUD,15M,3M BBSW,0.03309059144879047
2025-05-28,AUD,15M,3M BBSW,0.03376556646511598
2025-05-27,AUD,15M,3M BBSW,0.03313900000005953
2025-05-26,AUD,15M,3M BBSW,0.03315700000036645
2025-05-23,AUD,15M,3M BBSW,0.033405124685531334
2025-05-22,AUD,15M,3M BBSW,0.03345417299989657
2025-05-21,AUD,15M,3M BBSW,0.033872853269847195
2025-05-20,AUD,15M,3M BBSW,0.03345900000008096
2025-05-19,AUD,15M,3M BBSW,0.03530099999988536
2025-05-16,AUD,15M,3M BBSW,0.035348682181360974
2025-05-15,AUD,15M,3M BBSW,0.03523293512419832
2025-05-14,AUD,15M,3M BBSW,0.03528875733080827
2025-05-13,AUD,15M,3M BBSW,0.03505600000021761
2025-05-12,AUD,15M,3M BBSW,0.03490400000009021
2025-05-09,AUD,15M,3M BBSW,0.03362763210048741
2025-05-08,AUD,15M,3M BBSW,0.03358858694115106
2025-05-07,AUD,15M,3M BBSW,0.03318993116722261
2025-05-06,AUD,15M,3M BBSW,0.03339499999933419
2025-05-05,AUD,15M,3M BBSW,0.03349499999927553
2025-05-02,AUD,15M,3M BBSW,0.0332523065218094
2025-05-01,AUD,15M,3M BBSW,0.03293842697729009
2025-04-30,AUD,15M,3M BBSW,0.03302500000047395
2025-04-29,AUD,15M,3M BBSW,0.03283600000019117
2025-04-28,AUD,15M,3M BBSW,0.03271400000009943
2025-04-24,AUD,15M,3M BBSW,0.03303039413332762
2025-04-23,AUD,15M,3M BBSW,0.03353299999986676
2025-04-22,AUD,15M,3M BBSW,0.03325700000010273
2025-04-17,AUD,15M,3M BBSW,0.03319292506024594
2025-04-16,AUD,15M,3M BBSW,0.03305699999965788
2025-04-15,AUD,15M,3M BBSW,0.03331600000011905
2025-04-14,AUD,15M,3M BBSW,0.03303600000013246
2025-04-11,AUD,15M,3M BBSW,0.03316699159451425
2025-04-10,AUD,15M,3M BBSW,0.03273697633129388
2025-04-09,AUD,15M,3M BBSW,0.03350600000012104
2025-04-08,AUD,15M,3M BBSW,0.03293900000013214
2025-04-07,AUD,15M,3M BBSW,0.034474000000056425
2025-04-04,AUD,15M,3M BBSW,0.03423208703162901
2025-03-28,AUD,15M,3M BBSW,0.037353304947364274
2025-03-27,AUD,15M,3M BBSW,0.0374381687882379
2025-03-26,AUD,15M,3M BBSW,0.03759684458532073
2025-03-25,AUD,15M,3M BBSW,0.037655113167413906
2025-03-24,AUD,15M,3M BBSW,0.03742000000005912
2025-03-21,AUD,15M,3M BBSW,0.037202667265712856
2025-03-20,AUD,15M,3M BBSW,0.03725198949127781
2025-03-19,AUD,15M,3M BBSW,0.03777099999994478
2025-03-18,AUD,15M,3M BBSW,0.03773500000005042
2025-03-17,AUD,15M,3M BBSW,0.03762200000005257
2025-03-14,AUD,15M,3M BBSW,0.03742965080674374
2025-03-13,AUD,15M,3M BBSW,0.0372659267781713
2025-03-12,AUD,15M,3M BBSW,0.03768399999994282
2025-03-11,AUD,15M,3M BBSW,0.03753300000005556
2025-03-10,AUD,15M,3M BBSW,0.03733000000005929
2025-03-07,AUD,15M,3M BBSW,0.0376041486707203
2025-03-06,AUD,15M,3M BBSW,0.03764936061797119
2025-03-05,AUD,15M,3M BBSW,0.03815900000016585
2025-03-04,AUD,15M,3M BBSW,0.03790600000005126
2025-03-03,AUD,15M,3M BBSW,0.03761400000005584
2025-02-28,AUD,15M,3M BBSW,0.03793871996988641
2025-02-27,AUD,15M,3M BBSW,0.038069000000007416
2025-02-26,AUD,15M,3M BBSW,0.03822199999999809
2025-02-25,AUD,15M,3M BBSW,0.03834322028042148
2025-02-24,AUD,15M,3M BBSW,0.0383566950323107
2025-02-21,AUD,15M,3M BBSW,0.03902744513032964
2025-02-20,AUD,15M,3M BBSW,0.039252000000003485
2025-02-19,AUD,15M,3M BBSW,0.039050999999256646
2025-02-18,AUD,15M,3M BBSW,0.03924818440368651
2025-02-17,AUD,15M,3M BBSW,0.03863108608685629
2025-02-14,AUD,15M,3M BBSW,0.03869289598947884
2025-02-13,AUD,15M,3M BBSW,0.03853700000000641
2025-02-12,AUD,15M,3M BBSW,0.03913599999969576
2025-02-11,AUD,15M,3M BBSW,0.03875920168109888
2025-02-10,AUD,15M,3M BBSW,0.038211019015344495
2025-02-07,AUD,15M,3M BBSW,0.0383285401300905
2025-02-06,AUD,15M,3M BBSW,0.03801000000000707
2025-02-05,AUD,15M,3M BBSW,0.03798900000034348
2025-02-04,AUD,15M,3M BBSW,0.03832441437129658
2025-02-03,AUD,15M,3M BBSW,0.03822119954769552
2025-01-31,AUD,15M,3M BBSW,0.03839802464923868
2025-01-30,AUD,15M,3M BBSW,0.03840400000000377
2025-01-29,AUD,15M,3M BBSW,0.03852900000000566
2025-01-28,AUD,15M,3M BBSW,0.03907800000007819
2025-01-24,AUD,15M,3M BBSW,0.03942565026984485
2025-01-23,AUD,15M,3M BBSW,0.03951499999992472
2025-01-22,AUD,15M,3M BBSW,0.03975100000005305
2025-01-21,AUD,15M,3M BBSW,0.03963216486639223
2025-01-20,AUD,15M,3M BBSW,0.03962949945790659
2025-01-17,AUD,15M,3M BBSW,0.039916393710033644
2025-01-16,AUD,15M,3M BBSW,0.03983000000013606
2025-01-15,AUD,15M,3M BBSW,0.03977999999990778
2025-01-14,AUD,15M,3M BBSW,0.04041500000004586
2025-01-13,AUD,15M,3M BBSW,0.040303951805806454
2025-01-10,AUD,15M,3M BBSW,0.03971146940817953
2025-01-09,AUD,15M,3M BBSW,0.03937699999980834
2025-01-08,AUD,15M,3M BBSW,0.03971799999990215
2025-01-07,AUD,15M,3M BBSW,0.040110000000081476
2025-01-06,AUD,15M,3M BBSW,0.03964866582409273
2025-01-03,AUD,15M,3M BBSW,0.03899900267158269
2025-01-02,AUD,15M,3M BBSW,0.03929900000004456
2024-12-31,AUD,15M,3M BBSW,0.03935300000018903
2024-12-30,AUD,15M,3M BBSW,0.03945145965365384
2024-12-27,AUD,15M,3M BBSW,0.03942885898065394
2024-12-24,AUD,15M,3M BBSW,0.03963999999927923
2024-12-23,AUD,15M,3M BBSW,0.03986598732806478
2024-12-20,AUD,15M,3M BBSW,0.04034367521276908
2024-12-19,AUD,15M,3M BBSW,0.04027299999945702
2024-12-18,AUD,15M,3M BBSW,0.0400799999998973
2024-12-17,AUD,15M,3M BBSW,0.0399159999998988
2024-12-16,AUD,15M,3M BBSW,0.04009271961691842
2024-12-13,AUD,15M,3M BBSW,0.04032773533161875
2024-12-12,AUD,15M,3M BBSW,0.04032499999944563
2024-12-11,AUD,15M,3M BBSW,0.03927299999990209
2024-12-10,AUD,15M,3M BBSW,0.039456999999892585
2024-12-09,AUD,15M,3M BBSW,0.04035916614459234
2024-12-06,AUD,15M,3M BBSW,0.04016875484011504
2024-12-05,AUD,15M,3M BBSW,0.04045899999983702
2024-12-04,AUD,15M,3M BBSW,0.04017299999989083
2024-12-03,AUD,15M,3M BBSW,0.04128599999990187
2024-12-02,AUD,15M,3M BBSW,0.041233068048172436
2024-11-29,AUD,15M,3M BBSW,0.041350897172832364
2024-11-28,AUD,15M,3M BBSW,0.04153808905176864
2024-11-27,AUD,15M,3M BBSW,0.04141799999990512
2024-11-26,AUD,15M,3M BBSW,0.041592000000065514
2024-11-25,AUD,15M,3M BBSW,0.04163705034368406
2024-11-22,AUD,15M,3M BBSW,0.041935100051820225
2024-11-21,AUD,15M,3M BBSW,0.042006909271833814
2024-11-20,AUD,15M,3M BBSW,0.04204499999963939
2024-11-19,AUD,15M,3M BBSW,0.04188299999983966
2024-11-18,AUD,15M,3M BBSW,0.04171004716672869
2024-11-15,AUD,15M,3M BBSW,0.04255555785220638
2024-11-14,AUD,15M,3M BBSW,0.042656258169869635
2024-11-13,AUD,15M,3M BBSW,0.042758999999919195
2024-11-12,AUD,15M,3M BBSW,0.04268400000006222
2024-11-11,AUD,15M,3M BBSW,0.042277017552592874
2024-11-08,AUD,15M,3M BBSW,0.041929051968607925
2024-11-07,AUD,15M,3M BBSW,0.04184856765250527
2024-11-06,AUD,15M,3M BBSW,0.04218899999963517
2024-11-05,AUD,15M,3M BBSW,0.0422120000000607
2024-11-04,AUD,15M,3M BBSW,0.041755119260034904
2024-11-01,AUD,15M,3M BBSW,0.04180660621433348
2024-10-31,AUD,15M,3M BBSW,0.042293659013155877
2024-10-30,AUD,15M,3M BBSW,0.04211499999994721
2024-10-29,AUD,15M,3M BBSW,0.041475000000051256
2024-10-28,AUD,15M,3M BBSW,0.04138100000005715
2024-10-24,AUD,15M,3M BBSW,0.040921665769540566
2024-10-23,AUD,15M,3M BBSW,0.04163099999989849
2024-10-22,AUD,15M,3M BBSW,0.041476999999934004
2024-10-21,AUD,15M,3M BBSW,0.041085082979028964
2024-10-17,AUD,15M,3M BBSW,0.04080989371288231
2024-10-16,AUD,15M,3M BBSW,0.04002600000034993
2024-10-15,AUD,15M,3M BBSW,0.04032600000006066
2024-10-14,AUD,15M,3M BBSW,0.040531000000059575
2024-10-11,AUD,15M,3M BBSW,0.040533067938760256
2024-10-10,AUD,15M,3M BBSW,0.040316939590017135
2024-10-09,AUD,15M,3M BBSW,0.04061999999983914
2024-10-08,AUD,15M,3M BBSW,0.04029600000006142
2024-10-04,AUD,15M,3M BBSW,0.0399845966394613
2024-10-03,AUD,15M,3M BBSW,0.03889587350580507
2024-10-02,AUD,15M,3M BBSW,0.03888500000007664
2024-10-01,AUD,15M,3M BBSW,0.0386822609013576
2024-09-30,AUD,15M,3M BBSW,0.03879118441666597
2024-09-27,AUD,15M,3M BBSW,0.03833643921705772
2024-09-26,AUD,15M,3M BBSW,0.03830560349272133
2024-09-25,AUD,15M,3M BBSW,0.0380144077131588
2024-09-24,AUD,15M,3M BBSW,0.038043000000083406
2024-09-23,AUD,15M,3M BBSW,0.03891317692065898
2024-09-20,AUD,15M,3M BBSW,0.03850373589409334
2024-09-19,AUD,15M,3M BBSW,0.03872900000005642
2024-09-18,AUD,15M,3M BBSW,0.038397000000054665
2024-09-17,AUD,15M,3M BBSW,0.03809000000005461
2024-09-16,AUD,15M,3M BBSW,0.03780522828655481
2024-09-13,AUD,15M,3M BBSW,0.03791326824135624
2024-09-12,AUD,15M,3M BBSW,0.03842800000005524
2024-09-11,AUD,15M,3M BBSW,0.038791999999890144
2024-09-10,AUD,15M,3M BBSW,0.03869999999989085
2024-09-09,AUD,15M,3M BBSW,0.03910339755394996
2024-09-06,AUD,15M,3M BBSW,0.03882236291948814
2024-09-05,AUD,15M,3M BBSW,0.03934699999982771
2024-09-04,AUD,15M,3M BBSW,0.03900900000006173
2024-09-03,AUD,15M,3M BBSW,0.03945399999994371
2024-09-02,AUD,15M,3M BBSW,0.039973124805611854
2024-08-30,AUD,15M,3M BBSW,0.03984932870405649
2024-08-29,AUD,15M,3M BBSW,0.03966519197086354
2024-08-27,AUD,15M,3M BBSW,0.03883099999994161
2024-08-26,AUD,15M,3M BBSW,0.03873599999994791
2024-08-23,AUD,15M,3M BBSW,0.03904650205609841
2024-08-22,AUD,15M,3M BBSW,0.03922586976280769
2024-08-21,AUD,15M,3M BBSW,0.039315000000184265
2024-08-20,AUD,15M,3M BBSW,0.039410999999805324
2024-08-19,AUD,15M,3M BBSW,0.03965499999995248
2024-08-16,AUD,15M,3M BBSW,0.03954634796924757
2024-08-15,AUD,15M,3M BBSW,0.03997803200457799
2024-08-14,AUD,15M,3M BBSW,0.03910100000017358
2024-08-13,AUD,15M,3M BBSW,0.03961799999980821
2024-08-12,AUD,15M,3M BBSW,0.04010099999994492
2024-08-09,AUD,15M,3M BBSW,0.040197831988112644
2024-08-08,AUD,15M,3M BBSW,0.0402375550978024
2024-08-07,AUD,15M,3M BBSW,0.04024100000022132
2024-08-06,AUD,15M,3M BBSW,0.040347000000043105
2024-08-02,AUD,15M,3M BBSW,0.03959043671291608
2024-08-01,AUD,15M,3M BBSW,0.04066670147043627
2024-07-31,AUD,15M,3M BBSW,0.041333999999944165
2024-07-30,AUD,15M,3M BBSW,0.04312399999971343
2024-07-29,AUD,15M,3M BBSW,0.04345799999989071
2024-07-26,AUD,15M,3M BBSW,0.04306077131814689
2024-07-24,AUD,15M,3M BBSW,0.04357899999974009
2024-07-23,AUD,15M,3M BBSW,0.04370499999990626
2024-07-22,AUD,15M,3M BBSW,0.04357399999989062
2024-07-19,AUD,15M,3M BBSW,0.04356254313319999
2024-07-18,AUD,15M,3M BBSW,0.04323774617654117
2024-07-17,AUD,15M,3M BBSW,0.043012000000233676
2024-07-16,AUD,15M,3M BBSW,0.04306899999995053
2024-07-15,AUD,15M,3M BBSW,0.043452999999890336
2024-07-12,AUD,15M,3M BBSW,0.04364066876650537
2024-07-11,AUD,15M,3M BBSW,0.04384813162045803
2024-07-10,AUD,15M,3M BBSW,0.044294000000240655
2024-07-09,AUD,15M,3M BBSW,0.044421999999778236
2024-07-08,AUD,15M,3M BBSW,0.044547999999939955
2024-07-05,AUD,15M,3M BBSW,0.044351284749770764
2024-07-04,AUD,15M,3M BBSW,0.044522993242240606
2024-07-03,AUD,15M,3M BBSW,0.04473300000020217
2024-07-02,AUD,15M,3M BBSW,0.044662999999933325
2024-07-01,AUD,15M,3M BBSW,0.04481190329560174
2024-06-28,AUD,15M,3M BBSW,0.04472019425866689
2024-06-27,AUD,15M,3M BBSW,0.04434218480515227
2024-06-26,AUD,15M,3M BBSW,0.04511688329869947
2024-06-24,AUD,15M,3M BBSW,0.043193000000216066
2024-06-21,AUD,15M,3M BBSW,0.043007862894252555
2024-06-20,AUD,15M,3M BBSW,0.0430336418172812
2024-06-19,AUD,15M,3M BBSW,0.043086999999779524
2024-06-18,AUD,15M,3M BBSW,0.042893999999946246
2024-06-17,AUD,15M,3M BBSW,0.042363999999942045
2024-06-14,AUD,15M,3M BBSW,0.04225260965319903
2024-06-13,AUD,15M,3M BBSW,0.04237837059665359
2024-06-12,AUD,15M,3M BBSW,0.04271499999973434
2024-06-11,AUD,15M,3M BBSW,0.043183999999940166
2024-06-07,AUD,15M,3M BBSW,0.04316543098933158
2024-06-06,AUD,15M,3M BBSW,0.042607427639199585
2024-06-05,AUD,15M,3M BBSW,0.042724999999788495
2024-06-04,AUD,15M,3M BBSW,0.042809999999941895
2024-06-03,AUD,15M,3M BBSW,0.04320999999994104
2024-05-31,AUD,15M,3M BBSW,0.04385594814774219
2024-05-30,AUD,15M,3M BBSW,0.043671556344276115
2024-05-29,AUD,15M,3M BBSW,0.043984000000153234
2024-05-28,AUD,15M,3M BBSW,0.04357700000004021
2024-05-27,AUD,15M,3M BBSW,0.04309699999995122
2024-05-24,AUD,15M,3M BBSW,0.043265372315438116
2024-05-23,AUD,15M,3M BBSW,0.043009723707479755
2024-05-22,AUD,15M,3M BBSW,0.043153051978104505
2024-05-21,AUD,15M,3M BBSW,0.042658999999824004
2024-05-20,AUD,15M,3M BBSW,0.04277599999994769
2024-05-17,AUD,15M,3M BBSW,0.042576073555616725
2024-05-16,AUD,15M,3M BBSW,0.042543728130728056
2024-05-15,AUD,15M,3M BBSW,0.043021300382244186
2024-05-14,AUD,15M,3M BBSW,0.04351699999982259
2024-05-13,AUD,15M,3M BBSW,0.04343299999994708
2024-05-10,AUD,15M,3M BBSW,0.0437243386495566
2024-05-09,AUD,15M,3M BBSW,0.0435563493888761
2024-05-08,AUD,15M,3M BBSW,0.043801987509875365
2024-05-07,AUD,15M,3M BBSW,0.043448999999761845
2024-05-06,AUD,15M,3M BBSW,0.0443629999993665
2024-05-03,AUD,15M,3M BBSW,0.0438926256302812
2024-05-02,AUD,15M,3M BBSW,0.043909839548129076
2024-05-01,AUD,15M,3M BBSW,0.04456790135760505
2024-04-30,AUD,15M,3M BBSW,0.04452199999991741
2024-04-29,AUD,15M,3M BBSW,0.044592000000197335
2024-04-26,AUD,15M,3M BBSW,0.044631087368999595
2024-04-24,AUD,15M,3M BBSW,0.0440569999999406
2024-04-23,AUD,15M,3M BBSW,0.042678000000134525
2024-04-22,AUD,15M,3M BBSW,0.04261399999990152
2024-04-19,AUD,15M,3M BBSW,0.042379235381912676
2024-04-18,AUD,15M,3M BBSW,0.04277028245121975
2024-04-17,AUD,15M,3M BBSW,0.042799999999793364
2024-04-16,AUD,15M,3M BBSW,0.04285399999995182
2024-04-15,AUD,15M,3M BBSW,0.04252000000078403
2024-04-12,AUD,15M,3M BBSW,0.04204166594758166
2024-04-11,AUD,15M,3M BBSW,0.04252509805081898
2024-04-10,AUD,15M,3M BBSW,0.04220699999985321
2024-04-09,AUD,15M,3M BBSW,0.041545999999953384
2024-04-08,AUD,15M,3M BBSW,0.04178000000075
2024-04-04,AUD,15M,3M BBSW,0.04146722142345725
2024-04-03,AUD,15M,3M BBSW,0.04159400000042918
2024-04-02,AUD,15M,3M BBSW,0.04155100000017681
2024-03-28,AUD,15M,3M BBSW,0.040984597164402545
2024-03-27,AUD,15M,3M BBSW,0.0411449999992847
2024-03-26,AUD,15M,3M BBSW,0.04127412145734258
2024-03-25,AUD,15M,3M BBSW,0.04114125818012689
2024-03-22,AUD,15M,3M BBSW,0.04110312300276561
2024-03-21,AUD,15M,3M BBSW,0.04123351326703975
2024-03-20,AUD,15M,3M BBSW,0.04102299999933388
2024-03-19,AUD,15M,3M BBSW,0.04117900000078034
2024-03-18,AUD,15M,3M BBSW,0.04165900000017803
2024-03-15,AUD,15M,3M BBSW,0.04195372794133277
2024-03-14,AUD,15M,3M BBSW,0.04174416675521328
2024-03-13,AUD,15M,3M BBSW,0.041334000000149515
2024-03-12,AUD,15M,3M BBSW,0.041092999999693056
2024-03-11,AUD,15M,3M BBSW,0.040951000000738536
2024-03-08,AUD,15M,3M BBSW,0.040902807302729605
2024-03-07,AUD,15M,3M BBSW,0.04109100661254323
2024-03-06,AUD,15M,3M BBSW,0.04132400000013003
2024-03-05,AUD,15M,3M BBSW,0.04135900000004139
2024-03-04,AUD,15M,3M BBSW,0.041682000000172185
2024-03-01,AUD,15M,3M BBSW,0.04152775434192643
2024-02-29,AUD,15M,3M BBSW,0.04172200000014108
2024-02-28,AUD,15M,3M BBSW,0.04160300000020151
2024-02-27,AUD,15M,3M BBSW,0.0420499999993591
2024-02-26,AUD,15M,3M BBSW,0.0418439319140009
2024-02-23,AUD,15M,3M BBSW,0.04188324516373796
2024-02-22,AUD,15M,3M BBSW,0.04178025678971399
2024-02-21,AUD,15M,3M BBSW,0.04176899999935786
2024-02-20,AUD,15M,3M BBSW,0.04150900000016911
2024-02-19,AUD,15M,3M BBSW,0.04175176797292077
2024-02-16,AUD,15M,3M BBSW,0.04203621860026107
2024-02-15,AUD,15M,3M BBSW,0.04176527848422465
2024-02-14,AUD,15M,3M BBSW,0.04235099999993926
2024-02-13,AUD,15M,3M BBSW,0.042485999999938545
2024-02-12,AUD,15M,3M BBSW,0.042011736708889996
2024-02-09,AUD,15M,3M BBSW,0.041907252175686936
2024-02-08,AUD,15M,3M BBSW,0.041513303737780415
2024-02-07,AUD,15M,3M BBSW,0.041446999999368524
2024-02-06,AUD,15M,3M BBSW,0.04129500000015489
2024-02-05,AUD,15M,3M BBSW,0.041486462836272636
2024-02-02,AUD,15M,3M BBSW,0.04102239836873549
2024-02-01,AUD,15M,3M BBSW,0.04037142181719751
2024-01-31,AUD,15M,3M BBSW,0.04033751730814116
2024-01-30,AUD,15M,3M BBSW,0.041520999999920136
2024-01-29,AUD,15M,3M BBSW,0.041538000000178
2024-01-25,AUD,15M,3M BBSW,0.04164506615153156
2024-01-24,AUD,15M,3M BBSW,0.04226500000018103
2024-01-23,AUD,15M,3M BBSW,0.04206900000012785
2024-01-22,AUD,15M,3M BBSW,0.04198900000015726
2024-01-19,AUD,15M,3M BBSW,0.04217442540316061
2024-01-18,AUD,15M,3M BBSW,0.041950765224530444
2024-01-17,AUD,15M,3M BBSW,0.04238699999936367
2024-01-16,AUD,15M,3M BBSW,0.04192399999993609
2024-01-15,AUD,15M,3M BBSW,0.04155600000019564
2024-01-12,AUD,15M,3M BBSW,0.04098715850080757
2024-01-11,AUD,15M,3M BBSW,0.041325310642142996
2024-01-10,AUD,15M,3M BBSW,0.04179400000005211
2024-01-09,AUD,15M,3M BBSW,0.041482999999340624
2024-01-08,AUD,15M,3M BBSW,0.04183799999937382
2024-01-05,AUD,15M,3M BBSW,0.042001804540931185
2024-01-04,AUD,15M,3M BBSW,0.0418442469532679
2024-01-03,AUD,15M,3M BBSW,0.04138099999937843
2024-01-02,AUD,15M,3M BBSW,0.041339999999938926
2023-12-29,AUD,15M,3M BBSW,0.040590369263111284
2023-12-28,AUD,15M,3M BBSW,0.040741653957736046
2023-12-27,AUD,15M,3M BBSW,0.04083399999974869
2023-12-22,AUD,15M,3M BBSW,0.041106672622943395
2023-12-21,AUD,15M,3M BBSW,0.04119354867776231
2023-12-20,AUD,15M,3M BBSW,0.04134100000004942
2023-12-19,AUD,15M,3M BBSW,0.041730999999371174
2023-12-18,AUD,15M,3M BBSW,0.041474999999333566
2023-12-15,AUD,15M,3M BBSW,0.041817691421797615
2023-12-14,AUD,15M,3M BBSW,0.041746434195085766
2023-12-13,AUD,15M,3M BBSW,0.041605999999854426
2023-12-12,AUD,15M,3M BBSW,0.043070000000150085
2023-12-11,AUD,15M,3M BBSW,0.04309400000016443
2023-12-07,AUD,15M,3M BBSW,0.042889156641691996
2023-12-06,AUD,15M,3M BBSW,0.042564000000341974
2023-12-05,AUD,15M,3M BBSW,0.04315500000074584
2023-12-04,AUD,15M,3M BBSW,0.04438599999993717
2023-12-01,AUD,15M,3M BBSW,0.043613674379296835
2023-11-30,AUD,15M,3M BBSW,0.0442919124607341
2023-11-29,AUD,15M,3M BBSW,0.04417306720523348
2023-11-28,AUD,15M,3M BBSW,0.04490600000017248
2023-11-27,AUD,15M,3M BBSW,0.0451159999999526
2023-11-24,AUD,15M,3M BBSW,0.045377138734847916
2023-11-23,AUD,15M,3M BBSW,0.04513249995559847
2023-11-22,AUD,15M,3M BBSW,0.04507759429796872
2023-11-21,AUD,15M,3M BBSW,0.04439099999994544
2023-11-20,AUD,15M,3M BBSW,0.04465599999995195
2023-11-17,AUD,15M,3M BBSW,0.0445592859308241
2023-11-16,AUD,15M,3M BBSW,0.04424443692288765
2023-11-15,AUD,15M,3M BBSW,0.045274109676593975
2023-11-14,AUD,15M,3M BBSW,0.04522600000005826
2023-11-13,AUD,15M,3M BBSW,0.04578399999993328
2023-11-10,AUD,15M,3M BBSW,0.0455402642747939
2023-11-09,AUD,15M,3M BBSW,0.045424852647366315
2023-11-08,AUD,15M,3M BBSW,0.044845552913390076
2023-11-07,AUD,15M,3M BBSW,0.04509499999993252
2023-11-06,AUD,15M,3M BBSW,0.045647999999934435
2023-11-03,AUD,15M,3M BBSW,0.04521712208847029
2023-11-02,AUD,15M,3M BBSW,0.04540887993574794
2023-11-01,AUD,15M,3M BBSW,0.045416220492651115
2023-10-31,AUD,15M,3M BBSW,0.04645199999971972
2023-10-30,AUD,15M,3M BBSW,0.04604400000005897
2023-10-26,AUD,15M,3M BBSW,0.0450484053158785
2023-10-25,AUD,15M,3M BBSW,0.044807046517234383
2023-10-24,AUD,15M,3M BBSW,0.04433299999927363
2023-10-23,AUD,15M,3M BBSW,0.04409800000017693
2023-10-20,AUD,15M,3M BBSW,0.04411786482334588
2023-10-19,AUD,15M,3M BBSW,0.04407079282136863
2023-10-18,AUD,15M,3M BBSW,0.044385537808151174
2023-10-17,AUD,15M,3M BBSW,0.0445009999999349
2023-10-16,AUD,15M,3M BBSW,0.04288599999995309
2023-10-12,AUD,15M,3M BBSW,0.04280256980032497
2023-10-11,AUD,15M,3M BBSW,0.042331068342977576
2023-10-10,AUD,15M,3M BBSW,0.04268200000070972
2023-10-09,AUD,15M,3M BBSW,0.04250600000070962
2023-10-05,AUD,15M,3M BBSW,0.04303304955161462
2023-10-04,AUD,15M,3M BBSW,0.04315167217203852
2023-10-03,AUD,15M,3M BBSW,0.04382600000016584
2023-09-29,AUD,15M,3M BBSW,0.04349001252664346
2023-09-28,AUD,15M,3M BBSW,0.04365409885389791
2023-09-27,AUD,15M,3M BBSW,0.04368500000009651
2023-09-26,AUD,15M,3M BBSW,0.04359121425807504
2023-09-25,AUD,15M,3M BBSW,0.04356833106012983
2023-09-22,AUD,15M,3M BBSW,0.043501762934378255
2023-09-21,AUD,15M,3M BBSW,0.04370189678003552
2023-09-20,AUD,15M,3M BBSW,0.043961999999944476
2023-09-19,AUD,15M,3M BBSW,0.043506999999334404
2023-09-18,AUD,15M,3M BBSW,0.04293200000015612
2023-09-15,AUD,15M,3M BBSW,0.04280292284952675
2023-09-14,AUD,15M,3M BBSW,0.042568292041293476
2023-09-13,AUD,15M,3M BBSW,0.04256600000018937
2023-09-12,AUD,15M,3M BBSW,0.04261400000017699
2023-09-11,AUD,15M,3M BBSW,0.04251300000018512
2023-09-08,AUD,15M,3M BBSW,0.04225957205992479
2023-09-07,AUD,15M,3M BBSW,0.042037011473982776
2023-09-06,AUD,15M,3M BBSW,0.04221900000073228
2023-09-05,AUD,15M,3M BBSW,0.04228100000016822
2023-09-04,AUD,15M,3M BBSW,0.042427000000147486
2023-09-01,AUD,15M,3M BBSW,0.042026084958323585
2023-08-31,AUD,15M,3M BBSW,0.04227024489010664
2023-08-30,AUD,15M,3M BBSW,0.04241365853725008
2023-08-28,AUD,15M,3M BBSW,0.04286699999994635
2023-08-25,AUD,15M,3M BBSW,0.04285313817997196
2023-08-24,AUD,15M,3M BBSW,0.04271277684416485
2023-08-23,AUD,15M,3M BBSW,0.04239579592284303
2023-08-22,AUD,15M,3M BBSW,0.04303899999984139
2023-08-21,AUD,15M,3M BBSW,0.043107999999949256
2023-08-18,AUD,15M,3M BBSW,0.042998587786716704
2023-08-17,AUD,15M,3M BBSW,0.04322161125706861
2023-08-16,AUD,15M,3M BBSW,0.043106845332956494
2023-08-15,AUD,15M,3M BBSW,0.04343199999979173
2023-08-14,AUD,15M,3M BBSW,0.04381899999994845
2023-08-11,AUD,15M,3M BBSW,0.04327475915699561
2023-08-10,AUD,15M,3M BBSW,0.042806568526021535
2023-08-09,AUD,15M,3M BBSW,0.04291163748714549
2023-08-08,AUD,15M,3M BBSW,0.04277099999974404
2023-08-04,AUD,15M,3M BBSW,0.0428665548042811
2023-08-03,AUD,15M,3M BBSW,0.04301311079225558
2023-08-02,AUD,15M,3M BBSW,0.0426367738632806
2023-08-01,AUD,15M,3M BBSW,0.04312999999967801
2023-07-31,AUD,15M,3M BBSW,0.0441089999998923
2023-07-28,AUD,15M,3M BBSW,0.04391479900135387
2023-07-27,AUD,15M,3M BBSW,0.04443665593731648
2023-07-25,AUD,15M,3M BBSW,0.04563085920467049
2023-07-24,AUD,15M,3M BBSW,0.04538599999988396
2023-07-21,AUD,15M,3M BBSW,0.04562714408279162
2023-07-20,AUD,15M,3M BBSW,0.04549311957564664
2023-07-19,AUD,15M,3M BBSW,0.04447911067434439
2023-07-18,AUD,15M,3M BBSW,0.044962999999745026
2023-07-17,AUD,15M,3M BBSW,0.0449589999998913
2023-07-14,AUD,15M,3M BBSW,0.04525365887991559
2023-07-13,AUD,15M,3M BBSW,0.04437580732204936
2023-07-12,AUD,15M,3M BBSW,0.04484360019401242
2023-07-11,AUD,15M,3M BBSW,0.04606899999977339
2023-07-10,AUD,15M,3M BBSW,0.046420999999888524
2023-07-07,AUD,15M,3M BBSW,0.047169525958992625
2023-07-06,AUD,15M,3M BBSW,0.0469335765205108
2023-07-05,AUD,15M,3M BBSW,0.04572347751689224
2023-07-04,AUD,15M,3M BBSW,0.045671999999944646
2023-07-03,AUD,15M,3M BBSW,0.04587899999994424
2023-06-30,AUD,15M,3M BBSW,0.0461300394084101
2023-06-29,AUD,15M,3M BBSW,0.045581030090086516
2023-06-28,AUD,15M,3M BBSW,0.0445677190881354
2023-06-27,AUD,15M,3M BBSW,0.04543000000071463
2023-06-26,AUD,15M,3M BBSW,0.04518786224013879
2023-06-22,AUD,15M,3M BBSW,0.04594074900103748
2023-06-21,AUD,15M,3M BBSW,0.044924246297585145
2023-06-20,AUD,15M,3M BBSW,0.04512899999995302
2023-06-19,AUD,15M,3M BBSW,0.04602800000018135
2023-06-15,AUD,15M,3M BBSW,0.04580236812582031
2023-06-14,AUD,15M,3M BBSW,0.0450382491167659
2023-06-13,AUD,15M,3M BBSW,0.04484899999994421
2023-06-09,AUD,15M,3M BBSW,0.044424333118819256
2023-06-08,AUD,15M,3M BBSW,0.04436815201601318
2023-06-07,AUD,15M,3M BBSW,0.044173383108765535
2023-06-06,AUD,15M,3M BBSW,0.04283300000005343
2023-06-05,AUD,15M,3M BBSW,0.04165500000014717
2023-06-01,AUD,15M,3M BBSW,0.04051460457964064
2023-05-31,AUD,15M,3M BBSW,0.04041849601491657
2023-05-30,AUD,15M,3M BBSW,0.0400180000002682
2023-05-29,AUD,15M,3M BBSW,0.03997099999995041
2023-05-26,AUD,15M,3M BBSW,0.040224273555023365
2023-05-25,AUD,15M,3M BBSW,0.040305331398688714
2023-05-24,AUD,15M,3M BBSW,0.03979994668747299
2023-05-23,AUD,15M,3M BBSW,0.03991600000004778
2023-05-22,AUD,15M,3M BBSW,0.03970200000017742
2023-05-19,AUD,15M,3M BBSW,0.03985230619331374
2023-05-18,AUD,15M,3M BBSW,0.03985139707644921
2023-05-17,AUD,15M,3M BBSW,0.03897346752417898
2023-05-16,AUD,15M,3M BBSW,0.038727000000053066
2023-05-15,AUD,15M,3M BBSW,0.03856099999993955
2023-05-12,AUD,15M,3M BBSW,0.03775263542381198
2023-05-11,AUD,15M,3M BBSW,0.0374200644593067
2023-05-10,AUD,15M,3M BBSW,0.0374888151483896
2023-05-09,AUD,15M,3M BBSW,0.03788300000006876
2023-05-08,AUD,15M,3M BBSW,0.03795700000014782
2023-05-05,AUD,15M,3M BBSW,0.03762044229642235
2023-05-04,AUD,15M,3M BBSW,0.03668708007933431
2023-05-03,AUD,15M,3M BBSW,0.037365253574950186
2023-05-02,AUD,15M,3M BBSW,0.03808500000035005
2023-05-01,AUD,15M,3M BBSW,0.036937000000155346
2023-04-28,AUD,15M,3M BBSW,0.03608560759155655
2023-04-27,AUD,15M,3M BBSW,0.03669844038531855
2023-04-26,AUD,15M,3M BBSW,0.03617189523210406
2023-04-24,AUD,15M,3M BBSW,0.03732200000014954
2023-04-21,AUD,15M,3M BBSW,0.03759117172665991
2023-04-20,AUD,15M,3M BBSW,0.037346598560216944
2023-04-19,AUD,15M,3M BBSW,0.0377099999992887
2023-04-18,AUD,15M,3M BBSW,0.03742900000006855
2023-04-17,AUD,15M,3M BBSW,0.0365619999999489
2023-04-14,AUD,15M,3M BBSW,0.03648463756493174
2023-04-13,AUD,15M,3M BBSW,0.0361309266299853
2023-04-12,AUD,15M,3M BBSW,0.035621999999916436
2023-04-11,AUD,15M,3M BBSW,0.03524400000015731
2023-04-06,AUD,15M,3M BBSW,0.03449509227904501
2023-04-05,AUD,15M,3M BBSW,0.034833000000145574
2023-04-04,AUD,15M,3M BBSW,0.03508399999984539
2023-04-03,AUD,15M,3M BBSW,0.03572700000005588
2023-03-31,AUD,15M,3M BBSW,0.03556764042057163
2023-03-30,AUD,15M,3M BBSW,0.03593791462101893
2023-03-29,AUD,15M,3M BBSW,0.03583053527310351
2023-03-28,AUD,15M,3M BBSW,0.0356690000003005
2023-03-27,AUD,15M,3M BBSW,0.03528400000015233
2023-03-24,AUD,15M,3M BBSW,0.03474049309665561
2023-03-23,AUD,15M,3M BBSW,0.0349817414207455
2023-03-22,AUD,15M,3M BBSW,0.03477273632068034
2023-03-21,AUD,15M,3M BBSW,0.03519099999983128
2023-03-20,AUD,15M,3M BBSW,0.03413699999990237
2023-03-17,AUD,15M,3M BBSW,0.03467578445999869
2023-03-16,AUD,15M,3M BBSW,0.035823016090325094
2023-03-15,AUD,15M,3M BBSW,0.03521569071872154
2023-03-14,AUD,15M,3M BBSW,0.03723699999985187
2023-03-13,AUD,15M,3M BBSW,0.03618799999989523
2023-03-10,AUD,15M,3M BBSW,0.03866896038453298
2023-03-09,AUD,15M,3M BBSW,0.03946193547524645
2023-03-08,AUD,15M,3M BBSW,0.04000435129724924
2023-03-07,AUD,15M,3M BBSW,0.040168999999228475
2023-03-06,AUD,15M,3M BBSW,0.040899999999939984
2023-03-03,AUD,15M,3M BBSW,0.04156481407839295
2023-03-02,AUD,15M,3M BBSW,0.041795772937337106
2023-03-01,AUD,15M,3M BBSW,0.041332376792954886
2023-02-28,AUD,15M,3M BBSW,0.0422440943563038
2023-02-27,AUD,15M,3M BBSW,0.041765390601267195
2023-02-24,AUD,15M,3M BBSW,0.04173511489289449
2023-02-23,AUD,15M,3M BBSW,0.0416459999996861
2023-02-22,AUD,15M,3M BBSW,0.041362000000056715
2023-02-21,AUD,15M,3M BBSW,0.04141508516077136
2023-02-20,AUD,15M,3M BBSW,0.0407752740466904
2023-02-17,AUD,15M,3M BBSW,0.040606178217569774
2023-02-16,AUD,15M,3M BBSW,0.04021200000000522
2023-02-15,AUD,15M,3M BBSW,0.040698000000011836
2023-02-14,AUD,15M,3M BBSW,0.040319119641657145
2023-02-13,AUD,15M,3M BBSW,0.04058424574887935
2023-02-10,AUD,15M,3M BBSW,0.040717183332752614
2023-02-09,AUD,15M,3M BBSW,0.03924800000013656
2023-02-08,AUD,15M,3M BBSW,0.03865700000006482
2023-02-07,AUD,15M,3M BBSW,0.038396399662085995
2023-02-06,AUD,15M,3M BBSW,0.03686306468292422
2023-02-03,AUD,15M,3M BBSW,0.03688753490201734
2023-02-02,AUD,15M,3M BBSW,0.03687600000009132
2023-02-01,AUD,15M,3M BBSW,0.03740900000019263
2023-01-31,AUD,15M,3M BBSW,0.03719581841874792
2023-01-30,AUD,15M,3M BBSW,0.03755805638165251
2023-01-27,AUD,15M,3M BBSW,0.03739752973532843
2023-01-25,AUD,15M,3M BBSW,0.0367682104927221
2023-01-24,AUD,15M,3M BBSW,0.03581899999995988
2023-01-23,AUD,15M,3M BBSW,0.03578461249457511
2023-01-20,AUD,15M,3M BBSW,0.03563013883423458
2023-01-19,AUD,15M,3M BBSW,0.03540700000001345
2023-01-18,AUD,15M,3M BBSW,0.03719800000004901
2023-01-17,AUD,15M,3M BBSW,0.03739900000004498
2023-01-16,AUD,15M,3M BBSW,0.03721550120459967
2023-01-13,AUD,15M,3M BBSW,0.037174487655124
2023-01-12,AUD,15M,3M BBSW,0.037458999999449294
2023-01-11,AUD,15M,3M BBSW,0.03820200000004402
2023-01-10,AUD,15M,3M BBSW,0.03838120030061285
2023-01-09,AUD,15M,3M BBSW,0.03871458403034277
2023-01-06,AUD,15M,3M BBSW,0.03834644112973123
2023-01-05,AUD,15M,3M BBSW,0.03879199999993396
2023-01-04,AUD,15M,3M BBSW,0.03879700000001725
2023-01-03,AUD,15M,3M BBSW,0.03912299999999993
2022-12-30,AUD,15M,3M BBSW,0.03944930618211416
2022-12-29,AUD,15M,3M BBSW,0.03936257136373981
2022-12-28,AUD,15M,3M BBSW,0.03912199999994863
2022-12-23,AUD,15M,3M BBSW,0.037779586654026136
2022-12-22,AUD,15M,3M BBSW,0.03756200000015185
2022-12-21,AUD,15M,3M BBSW,0.03697499999995095
2022-12-20,AUD,15M,3M BBSW,0.03753699999990216
2022-12-19,AUD,15M,3M BBSW,0.03717324693386788
2022-12-16,AUD,15M,3M BBSW,0.03707934958599724
2022-12-15,AUD,15M,3M BBSW,0.0369450000000874
2022-12-14,AUD,15M,3M BBSW,0.036129999999386764
2022-12-13,AUD,15M,3M BBSW,0.036147000000018956
2022-12-12,AUD,15M,3M BBSW,0.03598259259580692
2022-12-09,AUD,15M,3M BBSW,0.03582485227265511
2022-12-08,AUD,15M,3M BBSW,0.036172000000235675
2022-12-07,AUD,15M,3M BBSW,0.03598200000016777
2022-12-06,AUD,15M,3M BBSW,0.035973000000022994
2022-12-05,AUD,15M,3M BBSW,0.03521932219984525
2022-12-02,AUD,15M,3M BBSW,0.03500743403705595
2022-12-01,AUD,15M,3M BBSW,0.03623100000014485
2022-11-30,AUD,15M,3M BBSW,0.03656392744077429
2022-11-29,AUD,15M,3M BBSW,0.037311218040793584
2022-11-28,AUD,15M,3M BBSW,0.03730425057472663
2022-11-25,AUD,15M,3M BBSW,0.03767982621137791
2022-11-24,AUD,15M,3M BBSW,0.037461225183364644
2022-11-23,AUD,15M,3M BBSW,0.03745200000006217
2022-11-22,AUD,15M,3M BBSW,0.03667200000002349
2022-11-21,AUD,15M,3M BBSW,0.036627277475872425
2022-11-18,AUD,15M,3M BBSW,0.03672300876990492
2022-11-17,AUD,15M,3M BBSW,0.03664267836274661
2022-11-16,AUD,15M,3M BBSW,0.03720000000004135
2022-11-15,AUD,15M,3M BBSW,0.037499999999810615
2022-11-14,AUD,15M,3M BBSW,0.03749924451644687
2022-11-11,AUD,15M,3M BBSW,0.036817798368742334
2022-11-10,AUD,15M,3M BBSW,0.03743931836306274
2022-11-09,AUD,15M,3M BBSW,0.0390000000001189
2022-11-08,AUD,15M,3M BBSW,0.0392999999995094
2022-11-07,AUD,15M,3M BBSW,0.03869834118803611
2022-11-04,AUD,15M,3M BBSW,0.03871345437287157
2022-11-03,AUD,15M,3M BBSW,0.03972972588068366
2022-11-02,AUD,15M,3M BBSW,0.03900000000000499
2022-11-01,AUD,15M,3M BBSW,0.03859999999986897
2022-10-31,AUD,15M,3M BBSW,0.03880167468555893
2022-10-28,AUD,15M,3M BBSW,0.03891318628131118
2022-10-27,AUD,15M,3M BBSW,0.03923179957719531
2022-10-26,AUD,15M,3M BBSW,0.03994232580668253
2022-10-25,AUD,15M,3M BBSW,0.04029913981202235
2022-10-24,AUD,15M,3M BBSW,0.04039999999985023
2022-10-21,AUD,15M,3M BBSW,0.04090841716478253
2022-10-20,AUD,15M,3M BBSW,0.03982934459891684
2022-10-19,AUD,15M,3M BBSW,0.03860000000020063
2022-10-18,AUD,15M,3M BBSW,0.03830000000013059
2022-10-17,AUD,15M,3M BBSW,0.038200000000169695
2022-10-14,AUD,15M,3M BBSW,0.03811970868754542
2022-10-13,AUD,15M,3M BBSW,0.037041061260822336
2022-10-12,AUD,15M,3M BBSW,0.03720000000032089
2022-10-11,AUD,15M,3M BBSW,0.03760000000010095
2022-10-10,AUD,15M,3M BBSW,0.03719926578381594
2022-10-07,AUD,15M,3M BBSW,0.03701450085993984
2022-10-06,AUD,15M,3M BBSW,0.0361447904700241
2022-10-05,AUD,15M,3M BBSW,0.03480000000001584
2022-10-04,AUD,15M,3M BBSW,0.03419999999976191
2022-09-30,AUD,15M,3M BBSW,0.03948572908513073
2022-09-29,AUD,15M,3M BBSW,0.03929999999963374
2022-09-28,AUD,15M,3M BBSW,0.04029999999989527
2022-09-27,AUD,15M,3M BBSW,0.040699086559845575
2022-09-26,AUD,15M,3M BBSW,0.04031081198007236
2022-09-23,AUD,15M,3M BBSW,0.03945916487167289
2022-09-21,AUD,15M,3M BBSW,0.03730000000009971
2022-09-20,AUD,15M,3M BBSW,0.036700000000108826
2022-09-19,AUD,15M,3M BBSW,0.037199252959013517
2022-09-16,AUD,15M,3M BBSW,0.03693948859740575
2022-09-15,AUD,15M,3M BBSW,0.03639999999962977
2022-09-14,AUD,15M,3M BBSW,0.03630000000000487
2022-09-13,AUD,15M,3M BBSW,0.03459999999996872
2022-09-12,AUD,15M,3M BBSW,0.03439869261918106
2022-09-09,AUD,15M,3M BBSW,0.033952356703231816
2022-09-08,AUD,15M,3M BBSW,0.03420000000060397
2022-09-07,AUD,15M,3M BBSW,0.03539999999995324
2022-09-06,AUD,15M,3M BBSW,0.03490000000076944
2022-09-05,AUD,15M,3M BBSW,0.03559931931090619
2022-09-02,AUD,15M,3M BBSW,0.03524677716016587
2022-09-01,AUD,15M,3M BBSW,0.03569999999978692
2022-08-31,AUD,15M,3M BBSW,0.03519995655404828
2022-08-30,AUD,15M,3M BBSW,0.035799999999924365
2022-08-29,AUD,15M,3M BBSW,0.03659999999989183
2022-08-26,AUD,15M,3M BBSW,0.03502122854337506
2022-08-25,AUD,15M,3M BBSW,0.03534691895772989
2022-08-24,AUD,15M,3M BBSW,0.03520000000024625
2022-08-23,AUD,15M,3M BBSW,0.035900000000032725
2022-08-22,AUD,15M,3M BBSW,0.03469999999944711
2022-08-19,AUD,15M,3M BBSW,0.033923766256209256
2022-08-18,AUD,15M,3M BBSW,0.0333554187526573
2022-08-17,AUD,15M,3M BBSW,0.033000000000610326
2022-08-16,AUD,15M,3M BBSW,0.03300000000005412
2022-08-15,AUD,15M,3M BBSW,0.03420000000013684
2022-08-12,AUD,15M,3M BBSW,0.034422614701169835
2022-08-11,AUD,15M,3M BBSW,0.03395284288471428
2022-08-10,AUD,15M,3M BBSW,0.03360000000012565
2022-08-09,AUD,15M,3M BBSW,0.03330000000013141
2022-08-08,AUD,15M,3M BBSW,0.033100000000041215
2022-08-05,AUD,15M,3M BBSW,0.03282567100052324
2022-08-04,AUD,15M,3M BBSW,0.031463512728512326
2022-08-03,AUD,15M,3M BBSW,0.03110000000016667
2022-08-02,AUD,15M,3M BBSW,0.03099999999988131
2022-07-29,AUD,15M,3M BBSW,0.030731804872988308
2022-07-28,AUD,15M,3M BBSW,0.03156308151381933
2022-07-27,AUD,15M,3M BBSW,0.03280000000005824
2022-07-26,AUD,15M,3M BBSW,0.03429937946471266
2022-07-25,AUD,15M,3M BBSW,0.03379936650999824
2022-07-22,AUD,15M,3M BBSW,0.03352353693126878
2022-07-21,AUD,15M,3M BBSW,0.03504812895533003
2022-07-20,AUD,15M,3M BBSW,0.03530000000007707
2022-07-19,AUD,15M,3M BBSW,0.03459999999993596
2022-07-18,AUD,15M,3M BBSW,0.03349999999990151
2022-07-15,AUD,15M,3M BBSW,0.03347522741044222
2022-07-14,AUD,15M,3M BBSW,0.03419629071408651
2022-07-13,AUD,15M,3M BBSW,0.03199999999986457
2022-07-12,AUD,15M,3M BBSW,0.03219999999994326
2022-07-11,AUD,15M,3M BBSW,0.03329999999994254
2022-07-08,AUD,15M,3M BBSW,0.03292428828573946
2022-07-07,AUD,15M,3M BBSW,0.03205873300616978
2022-07-06,AUD,15M,3M BBSW,0.0318000000000666
2022-07-05,AUD,15M,3M BBSW,0.0328999999999444
2022-07-04,AUD,15M,3M BBSW,0.03169999999994618
2022-07-01,AUD,15M,3M BBSW,0.031559183834086804
2022-06-30,AUD,15M,3M BBSW,0.03337165847498675
2022-06-29,AUD,15M,3M BBSW,0.03369999999979944
2022-06-28,AUD,15M,3M BBSW,0.033599999999949504
2022-06-27,AUD,15M,3M BBSW,0.03309943526483585
2022-06-24,AUD,15M,3M BBSW,0.03302410827979154
2022-06-23,AUD,15M,3M BBSW,0.0337550163661168
2022-06-22,AUD,15M,3M BBSW,0.03449931611643516
2022-06-21,AUD,15M,3M BBSW,0.03619999999998772
2022-06-20,AUD,15M,3M BBSW,0.03709999999992735
2022-06-17,AUD,15M,3M BBSW,0.03761445404919085
2022-06-16,AUD,15M,3M BBSW,0.03733992604435305
2022-06-15,AUD,15M,3M BBSW,0.03739999999976755
2022-06-14,AUD,15M,3M BBSW,0.03600000000036659
2022-06-10,AUD,15M,3M BBSW,0.032625409961642926
2022-06-09,AUD,15M,3M BBSW,0.03086722053086045
2022-06-08,AUD,15M,3M BBSW,0.031200000000510642
2022-06-07,AUD,15M,3M BBSW,0.02949999999937223
2022-06-06,AUD,15M,3M BBSW,0.02850000000007527
2022-06-03,AUD,15M,3M BBSW,0.028635428966337848
2022-06-02,AUD,15M,3M BBSW,0.028576978985233058
2022-06-01,AUD,15M,3M BBSW,0.027800000000077638
2022-05-31,AUD,15M,3M BBSW,0.02710000000000103
2022-05-30,AUD,15M,3M BBSW,0.0261999999997251
2022-05-27,AUD,15M,3M BBSW,0.026241404164582968
2022-05-26,AUD,15M,3M BBSW,0.02558857600573765
2022-05-25,AUD,15M,3M BBSW,0.0254992193839866
2022-05-24,AUD,15M,3M BBSW,0.02600000000019032
2022-05-23,AUD,15M,3M BBSW,0.02570000000030697
2022-05-20,AUD,15M,3M BBSW,0.025443181722121042
2022-05-19,AUD,15M,3M BBSW,0.02648471525890451
2022-05-18,AUD,15M,3M BBSW,0.02719910509619134
2022-05-17,AUD,15M,3M BBSW,0.02690000000002137
2022-05-16,AUD,15M,3M BBSW,0.02599999999984222
2022-05-13,AUD,15M,3M BBSW,0.0261415874785736
2022-05-12,AUD,15M,3M BBSW,0.02668385253230718
2022-05-11,AUD,15M,3M BBSW,0.02689911206711848
2022-05-10,AUD,15M,3M BBSW,0.02700000000005565
2022-05-09,AUD,15M,3M BBSW,0.02770000000003668
2022-05-06,AUD,15M,3M BBSW,0.02787761181872131
2022-05-05,AUD,15M,3M BBSW,0.02692482958680265
2022-05-04,AUD,15M,3M BBSW,0.028099020612254527
2022-05-03,AUD,15M,3M BBSW,0.02460000000010042
2022-05-02,AUD,15M,3M BBSW,0.02410000000010851
2022-04-29,AUD,15M,3M BBSW,0.023995788373702028
2022-04-28,AUD,15M,3M BBSW,0.02349929357688466
2022-04-27,AUD,15M,3M BBSW,0.022900000000076123
2022-04-26,AUD,15M,3M BBSW,0.02169969001414258
2022-04-22,AUD,15M,3M BBSW,0.02180406208445172
2022-04-21,AUD,15M,3M BBSW,0.01939948523505852
2022-04-20,AUD,15M,3M BBSW,0.01910000000005436
2022-04-19,AUD,15M,3M BBSW,0.01809999999966179
2022-04-14,AUD,15M,3M BBSW,0.01800013540520735
2022-04-13,AUD,15M,3M BBSW,0.01790000000002637
2022-04-12,AUD,15M,3M BBSW,0.01820000000005159
2022-04-11,AUD,15M,3M BBSW,0.01850000000006104
2022-04-08,AUD,15M,3M BBSW,0.01821955309040039
2022-04-07,AUD,15M,3M BBSW,0.01799826789895278
2022-04-06,AUD,15M,3M BBSW,0.018500000000043138
2022-04-05,AUD,15M,3M BBSW,0.015199999999353531
2022-04-04,AUD,15M,3M BBSW,0.01559999999930032
2022-04-01,AUD,15M,3M BBSW,0.015730530674398238
2022-03-31,AUD,15M,3M BBSW,0.014999974558917191
2022-03-30,AUD,15M,3M BBSW,0.01549999999998739
2022-03-29,AUD,15M,3M BBSW,0.0160999999995695
2022-03-28,AUD,15M,3M BBSW,0.01540000000006185
2022-03-25,AUD,15M,3M BBSW,0.014367795736713169
2022-03-24,AUD,15M,3M BBSW,0.01383928024011332
2022-03-23,AUD,15M,3M BBSW,0.014200000000224009
2022-03-22,AUD,15M,3M BBSW,0.01319991699954707
2022-03-21,AUD,15M,3M BBSW,0.011999999999884079
2022-03-18,AUD,15M,3M BBSW,0.01187365601606634
2022-03-17,AUD,15M,3M BBSW,0.01125084154367596
2022-03-16,AUD,15M,3M BBSW,0.01099999999993011
2022-03-15,AUD,15M,3M BBSW,0.011599999999931561
2022-03-14,AUD,15M,3M BBSW,0.01139999999987581
2022-03-11,AUD,15M,3M BBSW,0.0111509835317152
2022-03-10,AUD,15M,3M BBSW,0.01102786507344732
2022-03-09,AUD,15M,3M BBSW,0.011299999999905498
2022-03-08,AUD,15M,3M BBSW,0.010499999999946339
2022-03-07,AUD,15M,3M BBSW,0.009599999999965091
2022-03-04,AUD,15M,3M BBSW,0.009279467845090724
2022-03-03,AUD,15M,3M BBSW,0.008562581016661148
2022-03-02,AUD,15M,3M BBSW,0.007999999999975256
2022-03-01,AUD,15M,3M BBSW,0.008299999999976809
2022-02-28,AUD,15M,3M BBSW,0.00838155433636046
2022-02-25,AUD,15M,3M BBSW,0.008899822799810435
2022-02-24,AUD,15M,3M BBSW,0.008599999999997405
2025-11-03,AUD,18M,3M BBSW,0.0355690000000001
2025-10-31,AUD,18M,3M BBSW,0.03521400248513013
2025-10-30,AUD,18M,3M BBSW,0.03523500000000012
2025-10-29,AUD,18M,3M BBSW,0.03541800000000013
2025-10-28,AUD,18M,3M BBSW,0.03393200000000006
2025-10-27,AUD,18M,3M BBSW,0.03394000000000005
2025-10-24,AUD,18M,3M BBSW,0.03324897024776193
2025-10-23,AUD,18M,3M BBSW,0.03339500000000013
2025-10-22,AUD,18M,3M BBSW,0.03299000000000023
2025-10-21,AUD,18M,3M BBSW,0.033219000000000116
2025-10-20,AUD,18M,3M BBSW,0.03301000000000011
2025-10-17,AUD,18M,3M BBSW,0.03309494943855165
2025-10-16,AUD,18M,3M BBSW,0.03281200000000007
2025-10-15,AUD,18M,3M BBSW,0.03432200000000011
2025-10-14,AUD,18M,3M BBSW,0.03429000000000011
2025-10-13,AUD,18M,3M BBSW,0.03432900000000016
2025-10-10,AUD,18M,3M BBSW,0.03479898187863651
2025-10-09,AUD,18M,3M BBSW,0.03483700000000012
2025-10-08,AUD,18M,3M BBSW,0.03447200000000016
2025-10-07,AUD,18M,3M BBSW,0.034441000000000145
2025-10-03,AUD,18M,3M BBSW,0.03427901186407701
2025-10-02,AUD,18M,3M BBSW,0.03432196716728147
2025-10-01,AUD,18M,3M BBSW,0.034466885102991555
2025-09-30,AUD,18M,3M BBSW,0.034772999999693084
2025-09-29,AUD,18M,3M BBSW,0.034261031941099016
2025-09-26,AUD,18M,3M BBSW,0.034269998530825324
2025-09-25,AUD,18M,3M BBSW,0.03454474591983221
2025-09-24,AUD,18M,3M BBSW,0.03439999999999993
2025-09-23,AUD,18M,3M BBSW,0.03324700000000021
2025-09-22,AUD,18M,3M BBSW,0.033415492458156504
2025-09-19,AUD,18M,3M BBSW,0.03311407076577193
2025-09-18,AUD,18M,3M BBSW,0.03303399999999979
2025-09-17,AUD,18M,3M BBSW,0.03315600000000006
2025-09-16,AUD,18M,3M BBSW,0.0331469999999993
2025-09-15,AUD,18M,3M BBSW,0.03315199269953959
2025-09-12,AUD,18M,3M BBSW,0.03330305651670774
2025-09-11,AUD,18M,3M BBSW,0.033150000000306074
2025-09-10,AUD,18M,3M BBSW,0.03296499999934125
2025-09-09,AUD,18M,3M BBSW,0.03330899999999966
2025-09-08,AUD,18M,3M BBSW,0.03302301805357664
2025-09-05,AUD,18M,3M BBSW,0.03292513630512478
2025-09-04,AUD,18M,3M BBSW,0.03324400000029694
2025-09-03,AUD,18M,3M BBSW,0.03341799999944854
2025-09-02,AUD,18M,3M BBSW,0.03294999999999974
2025-09-01,AUD,18M,3M BBSW,0.03288050944267487
2025-08-29,AUD,18M,3M BBSW,0.03281794802940692
2025-08-28,AUD,18M,3M BBSW,0.03273944947791935
2025-08-27,AUD,18M,3M BBSW,0.03265430670958345
2025-08-26,AUD,18M,3M BBSW,0.03255000000011714
2025-08-25,AUD,18M,3M BBSW,0.03254000000006575
2025-08-22,AUD,18M,3M BBSW,0.03264815083954573
2025-08-21,AUD,18M,3M BBSW,0.032571985020205634
2025-08-20,AUD,18M,3M BBSW,0.03230361879852139
2025-08-19,AUD,18M,3M BBSW,0.03270999999986524
2025-08-18,AUD,18M,3M BBSW,0.03255399999978609
2025-08-15,AUD,18M,3M BBSW,0.0324523909550145
2025-08-14,AUD,18M,3M BBSW,0.03246306554211352
2025-08-13,AUD,18M,3M BBSW,0.0321053009834664
2025-08-12,AUD,18M,3M BBSW,0.03254700000005041
2025-08-11,AUD,18M,3M BBSW,0.03296500000004855
2025-08-08,AUD,18M,3M BBSW,0.03294511909062355
2025-08-07,AUD,18M,3M BBSW,0.0328474764319238
2025-08-06,AUD,18M,3M BBSW,0.0327380887433038
2025-08-05,AUD,18M,3M BBSW,0.03277600000005018
2025-08-01,AUD,18M,3M BBSW,0.03341848900012766
2025-07-31,AUD,18M,3M BBSW,0.03334500524353438
2025-07-30,AUD,18M,3M BBSW,0.03308106042655506
2025-07-29,AUD,18M,3M BBSW,0.03315300000005009
2025-07-28,AUD,18M,3M BBSW,0.03337600000004594
2025-07-25,AUD,18M,3M BBSW,0.03349153220700173
2025-07-24,AUD,18M,3M BBSW,0.03333805633314758
2025-07-23,AUD,18M,3M BBSW,0.03289254641954622
2025-07-22,AUD,18M,3M BBSW,0.03287900000005209
2025-07-21,AUD,18M,3M BBSW,0.03277800000004945
2025-07-18,AUD,18M,3M BBSW,0.03271824390531239
2025-07-17,AUD,18M,3M BBSW,0.03253604809442724
2025-07-16,AUD,18M,3M BBSW,0.03345658178141641
2025-07-15,AUD,18M,3M BBSW,0.03382000000019814
2025-07-14,AUD,18M,3M BBSW,0.03341000000003454
2025-07-11,AUD,18M,3M BBSW,0.033173134758650684
2025-07-10,AUD,18M,3M BBSW,0.03316986541426115
2025-07-09,AUD,18M,3M BBSW,0.03298222236151274
2025-07-08,AUD,18M,3M BBSW,0.0333189999999812
2025-07-07,AUD,18M,3M BBSW,0.03203800000004766
2025-07-04,AUD,18M,3M BBSW,0.03191807797804622
2025-07-03,AUD,18M,3M BBSW,0.0319878454428673
2025-07-02,AUD,18M,3M BBSW,0.0315432675860841
2025-07-01,AUD,18M,3M BBSW,0.031419121121601334
2025-06-30,AUD,18M,3M BBSW,0.031542013003857956
2025-06-27,AUD,18M,3M BBSW,0.03138456118779945
2025-06-26,AUD,18M,3M BBSW,0.031259940979891494
2025-06-25,AUD,18M,3M BBSW,0.03129114793154898
2025-06-24,AUD,18M,3M BBSW,0.03190100000005675
2025-06-23,AUD,18M,3M BBSW,0.0321980000000533
2025-06-20,AUD,18M,3M BBSW,0.032288998920981055
2025-06-19,AUD,18M,3M BBSW,0.03235828966792711
2025-06-18,AUD,18M,3M BBSW,0.03276800000015621
2025-06-17,AUD,18M,3M BBSW,0.03241500000005684
2025-06-16,AUD,18M,3M BBSW,0.03244100000005637
2025-06-13,AUD,18M,3M BBSW,0.03228500966063865
2025-06-12,AUD,18M,3M BBSW,0.03207529159558041
2025-06-11,AUD,18M,3M BBSW,0.03263200000015702
2025-06-10,AUD,18M,3M BBSW,0.03288700000005379
2025-06-06,AUD,18M,3M BBSW,0.03275760099052436
2025-06-05,AUD,18M,3M BBSW,0.032376222033350596
2025-06-04,AUD,18M,3M BBSW,0.03203600000016515
2025-06-03,AUD,18M,3M BBSW,0.03214000000004165
2025-06-02,AUD,18M,3M BBSW,0.03268600000006222
2025-05-30,AUD,18M,3M BBSW,0.03266190731783787
2025-05-29,AUD,18M,3M BBSW,0.03285234438550505
2025-05-28,AUD,18M,3M BBSW,0.03337930512905106
2025-05-27,AUD,18M,3M BBSW,0.032847000000072006
2025-05-26,AUD,18M,3M BBSW,0.03287800000018476
2025-05-23,AUD,18M,3M BBSW,0.03325208420870538
2025-05-22,AUD,18M,3M BBSW,0.03328116578970454
2025-05-21,AUD,18M,3M BBSW,0.033544318746143824
2025-05-20,AUD,18M,3M BBSW,0.03316800000005572
2025-05-19,AUD,18M,3M BBSW,0.03505799999987966
2025-05-16,AUD,18M,3M BBSW,0.035125746503456436
2025-05-15,AUD,18M,3M BBSW,0.03500765912247882
2025-05-14,AUD,18M,3M BBSW,0.03514646925428254
2025-05-13,AUD,18M,3M BBSW,0.03482100000010083
2025-05-12,AUD,18M,3M BBSW,0.0346120000000586
2025-05-09,AUD,18M,3M BBSW,0.03332709461412151
2025-05-08,AUD,18M,3M BBSW,0.03332908810195546
2025-05-07,AUD,18M,3M BBSW,0.032657442899993144
2025-05-06,AUD,18M,3M BBSW,0.03301200000003754
2025-05-05,AUD,18M,3M BBSW,0.03308300000003917
2025-05-02,AUD,18M,3M BBSW,0.03290827132535028
2025-05-01,AUD,18M,3M BBSW,0.0326090162859645
2025-04-30,AUD,18M,3M BBSW,0.032546000000326696
2025-04-29,AUD,18M,3M BBSW,0.03232600000013382
2025-04-28,AUD,18M,3M BBSW,0.03225300000006985
2025-04-24,AUD,18M,3M BBSW,0.03243753888243085
2025-04-23,AUD,18M,3M BBSW,0.03314799999990715
2025-04-22,AUD,18M,3M BBSW,0.03278600000007222
2025-04-17,AUD,18M,3M BBSW,0.03262232238813771
2025-04-16,AUD,18M,3M BBSW,0.03262799999976138
2025-04-15,AUD,18M,3M BBSW,0.032889000000084
2025-04-14,AUD,18M,3M BBSW,0.03262300000009342
2025-04-11,AUD,18M,3M BBSW,0.03285100028424775
2025-04-10,AUD,18M,3M BBSW,0.03212807794279108
2025-04-09,AUD,18M,3M BBSW,0.03308200000008528
2025-04-08,AUD,18M,3M BBSW,0.03246200000009323
2025-04-07,AUD,18M,3M BBSW,0.03408800000004848
2025-04-04,AUD,18M,3M BBSW,0.03378375009478595
2025-03-28,AUD,18M,3M BBSW,0.03707376500231319
2025-03-27,AUD,18M,3M BBSW,0.03718416355571734
2025-03-26,AUD,18M,3M BBSW,0.03714492153009922
2025-03-25,AUD,18M,3M BBSW,0.03731860769975903
2025-03-24,AUD,18M,3M BBSW,0.03706300000004052
2025-03-21,AUD,18M,3M BBSW,0.03692280503165259
2025-03-20,AUD,18M,3M BBSW,0.03701948738644124
2025-03-19,AUD,18M,3M BBSW,0.0372891968883574
2025-03-18,AUD,18M,3M BBSW,0.03739700000003444
2025-03-17,AUD,18M,3M BBSW,0.03727900000003602
2025-03-14,AUD,18M,3M BBSW,0.03719132738107928
2025-03-13,AUD,18M,3M BBSW,0.03702447779212724
2025-03-12,AUD,18M,3M BBSW,0.03723837699403965
2025-03-11,AUD,18M,3M BBSW,0.03718200000003808
2025-03-10,AUD,18M,3M BBSW,0.03697300000004046
2025-03-07,AUD,18M,3M BBSW,0.03747443202655994
2025-03-06,AUD,18M,3M BBSW,0.03753586690946055
2025-03-05,AUD,18M,3M BBSW,0.03776057760580687
2025-03-04,AUD,18M,3M BBSW,0.03758300000006815
2025-03-03,AUD,18M,3M BBSW,0.03725500000003811
2025-02-28,AUD,18M,3M BBSW,0.03761759628925045
2025-02-27,AUD,18M,3M BBSW,0.03775799999999859
2025-02-26,AUD,18M,3M BBSW,0.037932000000000674
2025-02-25,AUD,18M,3M BBSW,0.038072335867249854
2025-02-24,AUD,18M,3M BBSW,0.03819537435515802
2025-02-21,AUD,18M,3M BBSW,0.03883670733456261
2025-02-20,AUD,18M,3M BBSW,0.03908000000064443
2025-02-19,AUD,18M,3M BBSW,0.03887699999942898
2025-02-18,AUD,18M,3M BBSW,0.03906430097971755
2025-02-17,AUD,18M,3M BBSW,0.03847934044725808
2025-02-14,AUD,18M,3M BBSW,0.03842474330803582
2025-02-13,AUD,18M,3M BBSW,0.03827599999999852
2025-02-12,AUD,18M,3M BBSW,0.03892599999973782
2025-02-11,AUD,18M,3M BBSW,0.03850231859824826
2025-02-10,AUD,18M,3M BBSW,0.03796041790033814
2025-02-07,AUD,18M,3M BBSW,0.03799479117105133
2025-02-06,AUD,18M,3M BBSW,0.0376579999999984
2025-02-05,AUD,18M,3M BBSW,0.03762100000018499
2025-02-04,AUD,18M,3M BBSW,0.03802766740618047
2025-02-03,AUD,18M,3M BBSW,0.03791188850482278
2025-01-31,AUD,18M,3M BBSW,0.0380506076477115
2025-01-30,AUD,18M,3M BBSW,0.03805299999999841
2025-01-29,AUD,18M,3M BBSW,0.038174999999998536
2025-01-28,AUD,18M,3M BBSW,0.03872400000005912
2025-01-24,AUD,18M,3M BBSW,0.03909204941286891
2025-01-23,AUD,18M,3M BBSW,0.03919199999994732
2025-01-22,AUD,18M,3M BBSW,0.03943399999984545
2025-01-21,AUD,18M,3M BBSW,0.039288302371852366
2025-01-20,AUD,18M,3M BBSW,0.039290917327896906
2025-01-17,AUD,18M,3M BBSW,0.03958866613784309
2025-01-16,AUD,18M,3M BBSW,0.039501999999887835
2025-01-15,AUD,18M,3M BBSW,0.03945100000005036
2025-01-14,AUD,18M,3M BBSW,0.0401539999999676
2025-01-13,AUD,18M,3M BBSW,0.04002616938196564
2025-01-10,AUD,18M,3M BBSW,0.03923373400785758
2025-01-09,AUD,18M,3M BBSW,0.03896499999986508
2025-01-08,AUD,18M,3M BBSW,0.03936399999993344
2025-01-07,AUD,18M,3M BBSW,0.039763999999937016
2025-01-06,AUD,18M,3M BBSW,0.03932782343396147
2025-01-03,AUD,18M,3M BBSW,0.03884821922055666
2025-01-02,AUD,18M,3M BBSW,0.03883599999937412
2024-12-31,AUD,18M,3M BBSW,0.0388744140111474
2024-12-30,AUD,18M,3M BBSW,0.03897947307125476
2024-12-27,AUD,18M,3M BBSW,0.03883668687562841
2024-12-24,AUD,18M,3M BBSW,0.039174999999413054
2024-12-23,AUD,18M,3M BBSW,0.03944076349226305
2024-12-20,AUD,18M,3M BBSW,0.03981016262492764
2024-12-19,AUD,18M,3M BBSW,0.03988199999944539
2024-12-18,AUD,18M,3M BBSW,0.03958600000005361
2024-12-17,AUD,18M,3M BBSW,0.03936099999992965
2024-12-16,AUD,18M,3M BBSW,0.03952778711512107
2024-12-13,AUD,18M,3M BBSW,0.03960888767797548
2024-12-12,AUD,18M,3M BBSW,0.03972800000026537
2024-12-11,AUD,18M,3M BBSW,0.03862599999993193
2024-12-10,AUD,18M,3M BBSW,0.03879899999992539
2024-12-09,AUD,18M,3M BBSW,0.03974430952299792
2024-12-06,AUD,18M,3M BBSW,0.03936448286695208
2024-12-05,AUD,18M,3M BBSW,0.03988499999938744
2024-12-04,AUD,18M,3M BBSW,0.03957599999992409
2024-12-03,AUD,18M,3M BBSW,0.040730999999931704
2024-12-02,AUD,18M,3M BBSW,0.04066826286899612
2024-11-29,AUD,18M,3M BBSW,0.04069569333853076
2024-11-28,AUD,18M,3M BBSW,0.0408996770813327
2024-11-27,AUD,18M,3M BBSW,0.04089200000005393
2024-11-26,AUD,18M,3M BBSW,0.04108400000004095
2024-11-25,AUD,18M,3M BBSW,0.04112421118995158
2024-11-22,AUD,18M,3M BBSW,0.041572637932183215
2024-11-21,AUD,18M,3M BBSW,0.04173157062333263
2024-11-20,AUD,18M,3M BBSW,0.0415759999997002
2024-11-19,AUD,18M,3M BBSW,0.04140400000003964
2024-11-18,AUD,18M,3M BBSW,0.0412122082341297
2024-11-15,AUD,18M,3M BBSW,0.042051675202145866
2024-11-14,AUD,18M,3M BBSW,0.04218279043833951
2024-11-13,AUD,18M,3M BBSW,0.04238399999995044
2024-11-12,AUD,18M,3M BBSW,0.04227300000003881
2024-11-11,AUD,18M,3M BBSW,0.04183118239697024
2024-11-08,AUD,18M,3M BBSW,0.041547589130645025
2024-11-07,AUD,18M,3M BBSW,0.04154858786642382
2024-11-06,AUD,18M,3M BBSW,0.041779999999712644
2024-11-05,AUD,18M,3M BBSW,0.04176000000003786
2024-11-04,AUD,18M,3M BBSW,0.04125743714073954
2024-11-01,AUD,18M,3M BBSW,0.04137901197572032
2024-10-31,AUD,18M,3M BBSW,0.04175922563268086
2024-10-30,AUD,18M,3M BBSW,0.04162399999996581
2024-10-29,AUD,18M,3M BBSW,0.04092900000003327
2024-10-28,AUD,18M,3M BBSW,0.04082300000003644
2024-10-24,AUD,18M,3M BBSW,0.040597988566358316
2024-10-23,AUD,18M,3M BBSW,0.04108899999993923
2024-10-22,AUD,18M,3M BBSW,0.040905999999958274
2024-10-21,AUD,18M,3M BBSW,0.04044924215977659
2024-10-17,AUD,18M,3M BBSW,0.04031569337726216
2024-10-16,AUD,18M,3M BBSW,0.03932000000023053
2024-10-15,AUD,18M,3M BBSW,0.03961000000003873
2024-10-14,AUD,18M,3M BBSW,0.03982700000003812
2024-10-11,AUD,18M,3M BBSW,0.03975907770827544
2024-10-10,AUD,18M,3M BBSW,0.03976873904690041
2024-10-09,AUD,18M,3M BBSW,0.03990899999986528
2024-10-08,AUD,18M,3M BBSW,0.03954700000003922
2024-10-04,AUD,18M,3M BBSW,0.0391091684678922
2024-10-03,AUD,18M,3M BBSW,0.03795643608992801
2024-10-02,AUD,18M,3M BBSW,0.03798999999986509
2024-10-01,AUD,18M,3M BBSW,0.03782505327733686
2024-09-30,AUD,18M,3M BBSW,0.03786833221428475
2024-09-27,AUD,18M,3M BBSW,0.03756776804722096
2024-09-26,AUD,18M,3M BBSW,0.037575334776143714
2024-09-25,AUD,18M,3M BBSW,0.03734713941577478
2024-09-24,AUD,18M,3M BBSW,0.0370180000000548
2024-09-23,AUD,18M,3M BBSW,0.03796132653726529
2024-09-20,AUD,18M,3M BBSW,0.03768677441901688
2024-09-19,AUD,18M,3M BBSW,0.03778000000003511
2024-09-18,AUD,18M,3M BBSW,0.03744500000003584
2024-09-17,AUD,18M,3M BBSW,0.037096000000035836
2024-09-16,AUD,18M,3M BBSW,0.03676637063565133
2024-09-13,AUD,18M,3M BBSW,0.03703786948593418
2024-09-12,AUD,18M,3M BBSW,0.037449000000034344
2024-09-11,AUD,18M,3M BBSW,0.037807999999929016
2024-09-10,AUD,18M,3M BBSW,0.03772699999992972
2024-09-09,AUD,18M,3M BBSW,0.038167688078403324
2024-09-06,AUD,18M,3M BBSW,0.038076704195611606
2024-09-05,AUD,18M,3M BBSW,0.03848499999988361
2024-09-04,AUD,18M,3M BBSW,0.03812999999996319
2024-09-03,AUD,18M,3M BBSW,0.03861699999996411
2024-09-02,AUD,18M,3M BBSW,0.03917028053529958
2024-08-30,AUD,18M,3M BBSW,0.03893466077640731
2024-08-29,AUD,18M,3M BBSW,0.038833326257499176
2024-08-27,AUD,18M,3M BBSW,0.03795199999996048
2024-08-26,AUD,18M,3M BBSW,0.03785799999996577
2024-08-23,AUD,18M,3M BBSW,0.03828543626124772
2024-08-22,AUD,18M,3M BBSW,0.03849493425199099
2024-08-21,AUD,18M,3M BBSW,0.03832051494752374
2024-08-20,AUD,18M,3M BBSW,0.03856299999986665
2024-08-19,AUD,18M,3M BBSW,0.038832000000636004
2024-08-16,AUD,18M,3M BBSW,0.038828322965904744
2024-08-15,AUD,18M,3M BBSW,0.03927934964761104
2024-08-14,AUD,18M,3M BBSW,0.03831696035094096
2024-08-13,AUD,18M,3M BBSW,0.03884899999986872
2024-08-12,AUD,18M,3M BBSW,0.0393429999999638
2024-08-09,AUD,18M,3M BBSW,0.03953216006643122
2024-08-08,AUD,18M,3M BBSW,0.03962681077866443
2024-08-07,AUD,18M,3M BBSW,0.03934797819424851
2024-08-06,AUD,18M,3M BBSW,0.0396020000000571
2024-08-02,AUD,18M,3M BBSW,0.03883165123502968
2024-08-01,AUD,18M,3M BBSW,0.03997515730863888
2024-07-31,AUD,18M,3M BBSW,0.04065227964225413
2024-07-30,AUD,18M,3M BBSW,0.04252699999980378
2024-07-29,AUD,18M,3M BBSW,0.04289399999992827
2024-07-26,AUD,18M,3M BBSW,0.042480196615136044
2024-07-24,AUD,18M,3M BBSW,0.042808135490927185
2024-07-23,AUD,18M,3M BBSW,0.043196999999940686
2024-07-22,AUD,18M,3M BBSW,0.043040999999928144
2024-07-19,AUD,18M,3M BBSW,0.04311393145350164
2024-07-18,AUD,18M,3M BBSW,0.04278057635185181
2024-07-17,AUD,18M,3M BBSW,0.04231278833404031
2024-07-16,AUD,18M,3M BBSW,0.0425409999998316
2024-07-15,AUD,18M,3M BBSW,0.04296999999992813
2024-07-12,AUD,18M,3M BBSW,0.043281964810096524
2024-07-11,AUD,18M,3M BBSW,0.043528454188974955
2024-07-10,AUD,18M,3M BBSW,0.04373592312065355
2024-07-09,AUD,18M,3M BBSW,0.044031999999848165
2024-07-08,AUD,18M,3M BBSW,0.044154000000516155
2024-07-05,AUD,18M,3M BBSW,0.04416776455159459
2024-07-04,AUD,18M,3M BBSW,0.04439297584680256
2024-07-03,AUD,18M,3M BBSW,0.04423621720270621
2024-07-02,AUD,18M,3M BBSW,0.04433199999984549
2024-07-01,AUD,18M,3M BBSW,0.04439442522640038
2024-06-28,AUD,18M,3M BBSW,0.044400736815995635
2024-06-27,AUD,18M,3M BBSW,0.04399311130483055
2024-06-26,AUD,18M,3M BBSW,0.04457773660558455
2024-06-24,AUD,18M,3M BBSW,0.042755000000145094
2024-06-21,AUD,18M,3M BBSW,0.04257588200127217
2024-06-20,AUD,18M,3M BBSW,0.04265083728790129
2024-06-19,AUD,18M,3M BBSW,0.04263999999985206
2024-06-18,AUD,18M,3M BBSW,0.042409999999966065
2024-06-17,AUD,18M,3M BBSW,0.04186999999996295
2024-06-14,AUD,18M,3M BBSW,0.04176976923883245
2024-06-13,AUD,18M,3M BBSW,0.04192439806286762
2024-06-12,AUD,18M,3M BBSW,0.04231399999982148
2024-06-11,AUD,18M,3M BBSW,0.04280200000004064
2024-06-07,AUD,18M,3M BBSW,0.042819528962462085
2024-06-06,AUD,18M,3M BBSW,0.04222035799268538
2024-06-05,AUD,18M,3M BBSW,0.042306999999858166
2024-06-04,AUD,18M,3M BBSW,0.0423979999999631
2024-06-03,AUD,18M,3M BBSW,0.042852999999962144
2024-05-31,AUD,18M,3M BBSW,0.04351529472967635
2024-05-30,AUD,18M,3M BBSW,0.043421678059584815
2024-05-29,AUD,18M,3M BBSW,0.04378561682829947
2024-05-28,AUD,18M,3M BBSW,0.043243000000053294
2024-05-27,AUD,18M,3M BBSW,0.042726000000649356
2024-05-24,AUD,18M,3M BBSW,0.043013893070818036
2024-05-23,AUD,18M,3M BBSW,0.04275605840364477
2024-05-22,AUD,18M,3M BBSW,0.04262515161630569
2024-05-21,AUD,18M,3M BBSW,0.04223599999987961
2024-05-20,AUD,18M,3M BBSW,0.042352999999965786
2024-05-17,AUD,18M,3M BBSW,0.04224815255614178
2024-05-16,AUD,18M,3M BBSW,0.04220911410050896
2024-05-15,AUD,18M,3M BBSW,0.04266267358016736
2024-05-14,AUD,18M,3M BBSW,0.043141999999878694
2024-05-13,AUD,18M,3M BBSW,0.0430309999999653
2024-05-10,AUD,18M,3M BBSW,0.043458818166270674
2024-05-09,AUD,18M,3M BBSW,0.04328204471851646
2024-05-08,AUD,18M,3M BBSW,0.04326688732955812
2024-05-07,AUD,18M,3M BBSW,0.04299299999983701
2024-05-06,AUD,18M,3M BBSW,0.043986000000660684
2024-05-03,AUD,18M,3M BBSW,0.043730315357015666
2024-05-02,AUD,18M,3M BBSW,0.043790243414584644
2024-05-01,AUD,18M,3M BBSW,0.04414979770175524
2024-04-30,AUD,18M,3M BBSW,0.044255999999952673
2024-04-29,AUD,18M,3M BBSW,0.04430500000013805
2024-04-26,AUD,18M,3M BBSW,0.044467939997005546
2024-04-24,AUD,18M,3M BBSW,0.04378699999995983
2024-04-23,AUD,18M,3M BBSW,0.04228300000011997
2024-04-22,AUD,18M,3M BBSW,0.042216999999933676
2024-04-19,AUD,18M,3M BBSW,0.042111826488926724
2024-04-18,AUD,18M,3M BBSW,0.04227595319357319
2024-04-17,AUD,18M,3M BBSW,0.042474999999855434
2024-04-16,AUD,18M,3M BBSW,0.04252300000065927
2024-04-15,AUD,18M,3M BBSW,0.042127000000628835
2024-04-12,AUD,18M,3M BBSW,0.04170442491112307
2024-04-11,AUD,18M,3M BBSW,0.04199008939462091
2024-04-10,AUD,18M,3M BBSW,0.041776999999897285
2024-04-09,AUD,18M,3M BBSW,0.04097899999949026
2024-04-08,AUD,18M,3M BBSW,0.041286000000601175
2024-04-04,AUD,18M,3M BBSW,0.04067928073683003
2024-04-03,AUD,18M,3M BBSW,0.04105700000030091
2024-04-02,AUD,18M,3M BBSW,0.040975000000123926
2024-03-28,AUD,18M,3M BBSW,0.04042983588246758
2024-03-27,AUD,18M,3M BBSW,0.04035453299058206
2024-03-26,AUD,18M,3M BBSW,0.04067227582376056
2024-03-25,AUD,18M,3M BBSW,0.040514565220968884
2024-03-22,AUD,18M,3M BBSW,0.04058323966374425
2024-03-21,AUD,18M,3M BBSW,0.04076018595888167
2024-03-20,AUD,18M,3M BBSW,0.04028178747886911
2024-03-19,AUD,18M,3M BBSW,0.04061799999989656
2024-03-18,AUD,18M,3M BBSW,0.041146000000122154
2024-03-15,AUD,18M,3M BBSW,0.041306488729782126
2024-03-14,AUD,18M,3M BBSW,0.041115801926409956
2024-03-13,AUD,18M,3M BBSW,0.04063059352048993
2024-03-12,AUD,18M,3M BBSW,0.04049200000005375
2024-03-11,AUD,18M,3M BBSW,0.04029900000058914
2024-03-08,AUD,18M,3M BBSW,0.04045840267744561
2024-03-07,AUD,18M,3M BBSW,0.04067566666251775
2024-03-06,AUD,18M,3M BBSW,0.040585742343342064
2024-03-05,AUD,18M,3M BBSW,0.040790000000054845
2024-03-04,AUD,18M,3M BBSW,0.041149000000151065
2024-03-01,AUD,18M,3M BBSW,0.04106981737831813
2024-02-29,AUD,18M,3M BBSW,0.041196000000101235
2024-02-28,AUD,18M,3M BBSW,0.04108000000027458
2024-02-27,AUD,18M,3M BBSW,0.04157799999947187
2024-02-26,AUD,18M,3M BBSW,0.04135972172505429
2024-02-23,AUD,18M,3M BBSW,0.04126759684152015
2024-02-22,AUD,18M,3M BBSW,0.04130155941186528
2024-02-21,AUD,18M,3M BBSW,0.04128099999947059
2024-02-20,AUD,18M,3M BBSW,0.041017000000120526
2024-02-19,AUD,18M,3M BBSW,0.04127358944336741
2024-02-16,AUD,18M,3M BBSW,0.04143499801661715
2024-02-15,AUD,18M,3M BBSW,0.04127905633409378
2024-02-14,AUD,18M,3M BBSW,0.041888999999955934
2024-02-13,AUD,18M,3M BBSW,0.04208199999995536
2024-02-12,AUD,18M,3M BBSW,0.04149156384746101
2024-02-09,AUD,18M,3M BBSW,0.04123470905080195
2024-02-08,AUD,18M,3M BBSW,0.04091860239103144
2024-02-07,AUD,18M,3M BBSW,0.04082699999947923
2024-02-06,AUD,18M,3M BBSW,0.04065000000011041
2024-02-05,AUD,18M,3M BBSW,0.04088984223247907
2024-02-02,AUD,18M,3M BBSW,0.04016287668163678
2024-02-01,AUD,18M,3M BBSW,0.03967670373825036
2024-01-31,AUD,18M,3M BBSW,0.03961700000013412
2024-01-30,AUD,18M,3M BBSW,0.040931999999945005
2024-01-29,AUD,18M,3M BBSW,0.04097300000012049
2024-01-25,AUD,18M,3M BBSW,0.04134798295815955
2024-01-24,AUD,18M,3M BBSW,0.04176900000012193
2024-01-23,AUD,18M,3M BBSW,0.04157000000008668
2024-01-22,AUD,18M,3M BBSW,0.04147900000010628
2024-01-19,AUD,18M,3M BBSW,0.04184630281580613
2024-01-18,AUD,18M,3M BBSW,0.04185456081644623
2024-01-17,AUD,18M,3M BBSW,0.041931999999477026
2024-01-16,AUD,18M,3M BBSW,0.041383999999956164
2024-01-15,AUD,18M,3M BBSW,0.0409490000001733
2024-01-12,AUD,18M,3M BBSW,0.04036546876141113
2024-01-11,AUD,18M,3M BBSW,0.04070160624967747
2024-01-10,AUD,18M,3M BBSW,0.041262999999466615
2024-01-09,AUD,18M,3M BBSW,0.04090300000003573
2024-01-08,AUD,18M,3M BBSW,0.041303999999485475
2024-01-05,AUD,18M,3M BBSW,0.041538383710933505
2024-01-04,AUD,18M,3M BBSW,0.041311550085888306
2024-01-03,AUD,18M,3M BBSW,0.04076499999948911
2024-01-02,AUD,18M,3M BBSW,0.04071899999995794
2023-12-29,AUD,18M,3M BBSW,0.04001367572357716
2023-12-28,AUD,18M,3M BBSW,0.03990905549238708
2023-12-27,AUD,18M,3M BBSW,0.04013899999991375
2023-12-22,AUD,18M,3M BBSW,0.040590386876831606
2023-12-21,AUD,18M,3M BBSW,0.04042718334968448
2023-12-20,AUD,18M,3M BBSW,0.04075500000003502
2023-12-19,AUD,18M,3M BBSW,0.04118099999948313
2023-12-18,AUD,18M,3M BBSW,0.04093099999945211
2023-12-15,AUD,18M,3M BBSW,0.041360121658404775
2023-12-14,AUD,18M,3M BBSW,0.041293777539121404
2023-12-13,AUD,18M,3M BBSW,0.041096999999895516
2023-12-12,AUD,18M,3M BBSW,0.04271000000010379
2023-12-11,AUD,18M,3M BBSW,0.042755000000113494
2023-12-07,AUD,18M,3M BBSW,0.04228431511544589
2023-12-06,AUD,18M,3M BBSW,0.04213000000024539
2023-12-05,AUD,18M,3M BBSW,0.04272000000060167
2023-12-04,AUD,18M,3M BBSW,0.04403799999995583
2023-12-01,AUD,18M,3M BBSW,0.04333994926247449
2023-11-30,AUD,18M,3M BBSW,0.04397449259364119
2023-11-29,AUD,18M,3M BBSW,0.0437880000002459
2023-11-28,AUD,18M,3M BBSW,0.04462500000014067
2023-11-27,AUD,18M,3M BBSW,0.044888000000626344
2023-11-24,AUD,18M,3M BBSW,0.04501744288767545
2023-11-23,AUD,18M,3M BBSW,0.045011316639422996
2023-11-22,AUD,18M,3M BBSW,0.045052285385399564
2023-11-21,AUD,18M,3M BBSW,0.04414699999996689
2023-11-20,AUD,18M,3M BBSW,0.04446600000063881
2023-11-17,AUD,18M,3M BBSW,0.04416630579914133
2023-11-16,AUD,18M,3M BBSW,0.044105432943748406
2023-11-15,AUD,18M,3M BBSW,0.045036903492120244
2023-11-14,AUD,18M,3M BBSW,0.04505000000003628
2023-11-13,AUD,18M,3M BBSW,0.04571999999995953
2023-11-10,AUD,18M,3M BBSW,0.04523527445156653
2023-11-09,AUD,18M,3M BBSW,0.045382254308125154
2023-11-08,AUD,18M,3M BBSW,0.04481130522621361
2023-11-07,AUD,18M,3M BBSW,0.04488599999995869
2023-11-06,AUD,18M,3M BBSW,0.045573999999960445
2023-11-03,AUD,18M,3M BBSW,0.044947155897985015
2023-11-02,AUD,18M,3M BBSW,0.045442225832901716
2023-11-01,AUD,18M,3M BBSW,0.045578206598485035
2023-10-31,AUD,18M,3M BBSW,0.04663395702450904
2023-10-30,AUD,18M,3M BBSW,0.046100999999967494
2023-10-26,AUD,18M,3M BBSW,0.04508201978081959
2023-10-25,AUD,18M,3M BBSW,0.044820936579475015
2023-10-24,AUD,18M,3M BBSW,0.044317999999399046
2023-10-23,AUD,18M,3M BBSW,0.04408900000011639
2023-10-20,AUD,18M,3M BBSW,0.04396288685473945
2023-10-19,AUD,18M,3M BBSW,0.04393447626800202
2023-10-18,AUD,18M,3M BBSW,0.04429197910803863
2023-10-17,AUD,18M,3M BBSW,0.04455299999995864
2023-10-16,AUD,18M,3M BBSW,0.04278000000062558
2023-10-12,AUD,18M,3M BBSW,0.04262212109060923
2023-10-11,AUD,18M,3M BBSW,0.042344460889049654
2023-10-10,AUD,18M,3M BBSW,0.04254100000059528
2023-10-09,AUD,18M,3M BBSW,0.04235200000059524
2023-10-05,AUD,18M,3M BBSW,0.04292320096908005
2023-10-04,AUD,18M,3M BBSW,0.043320359486297984
2023-10-03,AUD,18M,3M BBSW,0.04383000000013834
2023-09-29,AUD,18M,3M BBSW,0.04335785069885592
2023-09-28,AUD,18M,3M BBSW,0.04378658744534422
2023-09-27,AUD,18M,3M BBSW,0.04363300000006501
2023-09-26,AUD,18M,3M BBSW,0.04361459888904187
2023-09-25,AUD,18M,3M BBSW,0.043676029853022484
2023-09-22,AUD,18M,3M BBSW,0.04334336482362172
2023-09-21,AUD,18M,3M BBSW,0.04381558594416462
2023-09-20,AUD,18M,3M BBSW,0.043913999999963885
2023-09-19,AUD,18M,3M BBSW,0.04337799999945458
2023-09-18,AUD,18M,3M BBSW,0.04276900000009989
2023-09-15,AUD,18M,3M BBSW,0.0425079729142519
2023-09-14,AUD,18M,3M BBSW,0.04227987578776944
2023-09-13,AUD,18M,3M BBSW,0.04236500000012122
2023-09-12,AUD,18M,3M BBSW,0.04243900000011338
2023-09-11,AUD,18M,3M BBSW,0.04233500000011843
2023-09-08,AUD,18M,3M BBSW,0.041988442677100044
2023-09-07,AUD,18M,3M BBSW,0.04199891506202584
2023-09-06,AUD,18M,3M BBSW,0.04200200000058399
2023-09-05,AUD,18M,3M BBSW,0.042051000000143744
2023-09-04,AUD,18M,3M BBSW,0.042199000000126344
2023-09-01,AUD,18M,3M BBSW,0.041685358314848125
2023-08-31,AUD,18M,3M BBSW,0.04191057908875541
2023-08-30,AUD,18M,3M BBSW,0.042194846539910486
2023-08-28,AUD,18M,3M BBSW,0.042700999999963705
2023-08-25,AUD,18M,3M BBSW,0.04268375421225013
2023-08-24,AUD,18M,3M BBSW,0.04260990193566555
2023-08-23,AUD,18M,3M BBSW,0.04226162119756759
2023-08-22,AUD,18M,3M BBSW,0.04274072269878987
2023-08-21,AUD,18M,3M BBSW,0.04297999999996694
2023-08-18,AUD,18M,3M BBSW,0.042831112482615986
2023-08-17,AUD,18M,3M BBSW,0.043197775197757284
2023-08-16,AUD,18M,3M BBSW,0.04308413519590232
2023-08-15,AUD,18M,3M BBSW,0.043349220844615025
2023-08-14,AUD,18M,3M BBSW,0.04366799999996639
2023-08-11,AUD,18M,3M BBSW,0.043087250247679926
2023-08-10,AUD,18M,3M BBSW,0.04261991138419985
2023-08-09,AUD,18M,3M BBSW,0.04271780991085907
2023-08-08,AUD,18M,3M BBSW,0.04229621385851137
2023-08-04,AUD,18M,3M BBSW,0.04256027262499528
2023-08-03,AUD,18M,3M BBSW,0.042811052345907354
2023-08-02,AUD,18M,3M BBSW,0.04241335653563433
2023-08-01,AUD,18M,3M BBSW,0.042664939781326315
2023-07-31,AUD,18M,3M BBSW,0.04383899999992931
2023-07-28,AUD,18M,3M BBSW,0.043671078255671375
2023-07-27,AUD,18M,3M BBSW,0.04426746429411739
2023-07-25,AUD,18M,3M BBSW,0.04521638949737896
2023-07-24,AUD,18M,3M BBSW,0.045150999999926895
2023-07-21,AUD,18M,3M BBSW,0.045398548947998954
2023-07-20,AUD,18M,3M BBSW,0.04538539913084867
2023-07-19,AUD,18M,3M BBSW,0.04435087483389013
2023-07-18,AUD,18M,3M BBSW,0.044604314157525395
2023-07-17,AUD,18M,3M BBSW,0.044739999999928844
2023-07-14,AUD,18M,3M BBSW,0.04503116466380723
2023-07-13,AUD,18M,3M BBSW,0.04421376817343954
2023-07-12,AUD,18M,3M BBSW,0.04476712333359078
2023-07-11,AUD,18M,3M BBSW,0.04584808707757587
2023-07-10,AUD,18M,3M BBSW,0.04637799999992695
2023-07-07,AUD,18M,3M BBSW,0.04728565804847135
2023-07-06,AUD,18M,3M BBSW,0.04717477369690746
2023-07-05,AUD,18M,3M BBSW,0.04583328493054446
2023-07-04,AUD,18M,3M BBSW,0.045365715062967264
2023-07-03,AUD,18M,3M BBSW,0.04568199999996372
2023-06-30,AUD,18M,3M BBSW,0.045917878711398324
2023-06-29,AUD,18M,3M BBSW,0.04533775409915855
2023-06-28,AUD,18M,3M BBSW,0.044213667171298335
2023-06-27,AUD,18M,3M BBSW,0.04510800000060224
2023-06-26,AUD,18M,3M BBSW,0.0447617732537554
2023-06-22,AUD,18M,3M BBSW,0.045691351185882134
2023-06-21,AUD,18M,3M BBSW,0.04465810440923117
2023-06-20,AUD,18M,3M BBSW,0.044785000000625165
2023-06-19,AUD,18M,3M BBSW,0.045762000000115474
2023-06-15,AUD,18M,3M BBSW,0.04541031984474055
2023-06-14,AUD,18M,3M BBSW,0.04470874031900811
2023-06-13,AUD,18M,3M BBSW,0.044528999999963695
2023-06-09,AUD,18M,3M BBSW,0.04405182797940165
2023-06-08,AUD,18M,3M BBSW,0.04397565742063916
2023-06-07,AUD,18M,3M BBSW,0.043839993309948345
2023-06-06,AUD,18M,3M BBSW,0.04243200000003464
2023-06-05,AUD,18M,3M BBSW,0.041245000000125855
2023-06-01,AUD,18M,3M BBSW,0.0400208033160757
2023-05-31,AUD,18M,3M BBSW,0.03996448946702501
2023-05-30,AUD,18M,3M BBSW,0.039686410604898324
2023-05-29,AUD,18M,3M BBSW,0.03962499999996651
2023-05-26,AUD,18M,3M BBSW,0.03991872630164004
2023-05-25,AUD,18M,3M BBSW,0.04010261489540328
2023-05-24,AUD,18M,3M BBSW,0.03955508050591701
2023-05-23,AUD,18M,3M BBSW,0.03946398869428819
2023-05-22,AUD,18M,3M BBSW,0.03934400000012708
2023-05-19,AUD,18M,3M BBSW,0.03945776433072312
2023-05-18,AUD,18M,3M BBSW,0.03954975495543031
2023-05-17,AUD,18M,3M BBSW,0.0385639501973749
2023-05-16,AUD,18M,3M BBSW,0.03800298896267021
2023-05-15,AUD,18M,3M BBSW,0.03799899999995981
2023-05-12,AUD,18M,3M BBSW,0.03715904713292273
2023-05-11,AUD,18M,3M BBSW,0.03687937959447327
2023-05-10,AUD,18M,3M BBSW,0.03701185848506457
2023-05-09,AUD,18M,3M BBSW,0.03728050523573239
2023-05-08,AUD,18M,3M BBSW,0.03747800000013001
2023-05-05,AUD,18M,3M BBSW,0.03716782673731388
2023-05-04,AUD,18M,3M BBSW,0.03622398782942982
2023-05-03,AUD,18M,3M BBSW,0.03697336258982848
2023-05-02,AUD,18M,3M BBSW,0.03755857923034081
2023-05-01,AUD,18M,3M BBSW,0.03662600000010174
2023-04-28,AUD,18M,3M BBSW,0.03575411742547782
2023-04-27,AUD,18M,3M BBSW,0.0365084461542078
2023-04-26,AUD,18M,3M BBSW,0.03570004622492334
2023-04-24,AUD,18M,3M BBSW,0.03704500000013483
2023-04-21,AUD,18M,3M BBSW,0.03741080495377605
2023-04-20,AUD,18M,3M BBSW,0.037176140263317274
2023-04-19,AUD,18M,3M BBSW,0.03736403667784832
2023-04-18,AUD,18M,3M BBSW,0.03724000000004597
2023-04-17,AUD,18M,3M BBSW,0.0363189999999651
2023-04-14,AUD,18M,3M BBSW,0.036295457187532396
2023-04-13,AUD,18M,3M BBSW,0.03587767850342434
2023-04-12,AUD,18M,3M BBSW,0.03509986235398605
2023-04-11,AUD,18M,3M BBSW,0.03483400000010574
2023-04-06,AUD,18M,3M BBSW,0.03407938068757714
2023-04-05,AUD,18M,3M BBSW,0.034240777255756874
2023-04-04,AUD,18M,3M BBSW,0.03467200000012822
2023-04-03,AUD,18M,3M BBSW,0.0353649999999576
2023-03-31,AUD,18M,3M BBSW,0.03511725277731236
2023-03-30,AUD,18M,3M BBSW,0.03551834321562264
2023-03-29,AUD,18M,3M BBSW,0.0354051096917685
2023-03-28,AUD,18M,3M BBSW,0.03532333319950276
2023-03-27,AUD,18M,3M BBSW,0.03502800000013378
2023-03-24,AUD,18M,3M BBSW,0.03441487407360013
2023-03-23,AUD,18M,3M BBSW,0.03473918193107286
2023-03-22,AUD,18M,3M BBSW,0.03462233864093838
2023-03-21,AUD,18M,3M BBSW,0.0349167551237958
2023-03-20,AUD,18M,3M BBSW,0.03398599999993575
2023-03-17,AUD,18M,3M BBSW,0.03455691278084305
2023-03-16,AUD,18M,3M BBSW,0.03585394810947838
2023-03-15,AUD,18M,3M BBSW,0.03525315589864913
2023-03-14,AUD,18M,3M BBSW,0.03729504309106958
2023-03-13,AUD,18M,3M BBSW,0.03620099999993105
2023-03-10,AUD,18M,3M BBSW,0.03858144920772745
2023-03-09,AUD,18M,3M BBSW,0.03954624636012889
2023-03-08,AUD,18M,3M BBSW,0.04016267455368468
2023-03-07,AUD,18M,3M BBSW,0.04000122739968812
2023-03-06,AUD,18M,3M BBSW,0.04091999999996017
2023-03-03,AUD,18M,3M BBSW,0.041668502336816654
2023-03-02,AUD,18M,3M BBSW,0.042034188620482055
2023-03-01,AUD,18M,3M BBSW,0.04146306476891882
2023-02-28,AUD,18M,3M BBSW,0.04233624148238999
2023-02-27,AUD,18M,3M BBSW,0.04182980845370174
2023-02-24,AUD,18M,3M BBSW,0.04168806312346514
2023-02-23,AUD,18M,3M BBSW,0.04177799999973109
2023-02-22,AUD,18M,3M BBSW,0.04145600000003911
2023-02-21,AUD,18M,3M BBSW,0.04150923577363137
2023-02-20,AUD,18M,3M BBSW,0.04086371960017764
2023-02-17,AUD,18M,3M BBSW,0.040520154599367066
2023-02-16,AUD,18M,3M BBSW,0.04023900000005896
2023-02-15,AUD,18M,3M BBSW,0.04071699999999717
2023-02-14,AUD,18M,3M BBSW,0.04029926969011198
2023-02-13,AUD,18M,3M BBSW,0.040575708325957534
2023-02-10,AUD,18M,3M BBSW,0.040537085386999905
2023-02-09,AUD,18M,3M BBSW,0.03915899999980043
2023-02-08,AUD,18M,3M BBSW,0.03854899999988244
2023-02-07,AUD,18M,3M BBSW,0.038312668836007
2023-02-06,AUD,18M,3M BBSW,0.03674755971693011
2023-02-03,AUD,18M,3M BBSW,0.036568817005417566
2023-02-02,AUD,18M,3M BBSW,0.03678199999985612
2023-02-01,AUD,18M,3M BBSW,0.03736099999990776
2023-01-31,AUD,18M,3M BBSW,0.03711830441014987
2023-01-30,AUD,18M,3M BBSW,0.037496063146047455
2023-01-27,AUD,18M,3M BBSW,0.037403901396347104
2023-01-25,AUD,18M,3M BBSW,0.03678686756386456
2023-01-24,AUD,18M,3M BBSW,0.03575699999992215
2023-01-23,AUD,18M,3M BBSW,0.03576685193671198
2023-01-20,AUD,18M,3M BBSW,0.03561637769326961
2023-01-19,AUD,18M,3M BBSW,0.0352869999998802
2023-01-18,AUD,18M,3M BBSW,0.0372139999998812
2023-01-17,AUD,18M,3M BBSW,0.03744199999987792
2023-01-16,AUD,18M,3M BBSW,0.03727875762842318
2023-01-13,AUD,18M,3M BBSW,0.03727236979704269
2023-01-12,AUD,18M,3M BBSW,0.03754099999982429
2023-01-11,AUD,18M,3M BBSW,0.03836600000037373
2023-01-10,AUD,18M,3M BBSW,0.03856834288027641
2023-01-09,AUD,18M,3M BBSW,0.038961994526754834
2023-01-06,AUD,18M,3M BBSW,0.038607519453437454
2023-01-05,AUD,18M,3M BBSW,0.03914899999967659
2023-01-04,AUD,18M,3M BBSW,0.03917399999981361
2023-01-03,AUD,18M,3M BBSW,0.03959999999976227
2022-12-30,AUD,18M,3M BBSW,0.0399250104464877
2022-12-29,AUD,18M,3M BBSW,0.03988567755047424
2022-12-28,AUD,18M,3M BBSW,0.03963299999968167
2022-12-23,AUD,18M,3M BBSW,0.03829025433843366
2022-12-22,AUD,18M,3M BBSW,0.03779340222624259
2022-12-21,AUD,18M,3M BBSW,0.037281999999813256
2022-12-20,AUD,18M,3M BBSW,0.03792799999985226
2022-12-19,AUD,18M,3M BBSW,0.03747936959674842
2022-12-16,AUD,18M,3M BBSW,0.03746632100229339
2022-12-15,AUD,18M,3M BBSW,0.03725713621560831
2022-12-14,AUD,18M,3M BBSW,0.03636799999996387
2022-12-13,AUD,18M,3M BBSW,0.03643199999988253
2022-12-12,AUD,18M,3M BBSW,0.03624682012682563
2022-12-09,AUD,18M,3M BBSW,0.03611257139483005
2022-12-08,AUD,18M,3M BBSW,0.03627403429959065
2022-12-07,AUD,18M,3M BBSW,0.03631299999981354
2022-12-06,AUD,18M,3M BBSW,0.036317999999865805
2022-12-05,AUD,18M,3M BBSW,0.03557443207733092
2022-12-02,AUD,18M,3M BBSW,0.035439250208378764
2022-12-01,AUD,18M,3M BBSW,0.0365188533025425
2022-11-30,AUD,18M,3M BBSW,0.03701997657098817
2022-11-29,AUD,18M,3M BBSW,0.03779334579315368
2022-11-28,AUD,18M,3M BBSW,0.03775336332088418
2022-11-25,AUD,18M,3M BBSW,0.03812355118080519
2022-11-24,AUD,18M,3M BBSW,0.03810963681453422
2022-11-23,AUD,18M,3M BBSW,0.0379259999998325
2022-11-22,AUD,18M,3M BBSW,0.03714299999986436
2022-11-21,AUD,18M,3M BBSW,0.03708638592566409
2022-11-18,AUD,18M,3M BBSW,0.03713716117274178
2022-11-17,AUD,18M,3M BBSW,0.03713672837332953
2022-11-16,AUD,18M,3M BBSW,0.03769999999986577
2022-11-15,AUD,18M,3M BBSW,0.03818499999971249
2022-11-14,AUD,18M,3M BBSW,0.03812735513422158
2022-11-11,AUD,18M,3M BBSW,0.03735138346123361
2022-11-10,AUD,18M,3M BBSW,0.03812063030780849
2022-11-09,AUD,18M,3M BBSW,0.039574999999834
2022-11-08,AUD,18M,3M BBSW,0.040256999999515326
2022-11-07,AUD,18M,3M BBSW,0.03933858414383314
2022-11-04,AUD,18M,3M BBSW,0.03936401083235166
2022-11-03,AUD,18M,3M BBSW,0.04059842221722704
2022-11-02,AUD,18M,3M BBSW,0.03966499999980193
2022-11-01,AUD,18M,3M BBSW,0.03927799999973627
2022-10-31,AUD,18M,3M BBSW,0.03928073972960763
2022-10-28,AUD,18M,3M BBSW,0.039444265063845886
2022-10-27,AUD,18M,3M BBSW,0.03975712618441495
2022-10-26,AUD,18M,3M BBSW,0.04096675403896485
2022-10-25,AUD,18M,3M BBSW,0.04101443492157755
2022-10-24,AUD,18M,3M BBSW,0.04135699999953656
2022-10-21,AUD,18M,3M BBSW,0.04167180573215773
2022-10-20,AUD,18M,3M BBSW,0.04051945363179975
2022-10-19,AUD,18M,3M BBSW,0.039201999999872145
2022-10-18,AUD,18M,3M BBSW,0.0389879999998252
2022-10-17,AUD,18M,3M BBSW,0.03891999999983875
2022-10-14,AUD,18M,3M BBSW,0.03874361534923386
2022-10-13,AUD,18M,3M BBSW,0.037863838020903644
2022-10-12,AUD,18M,3M BBSW,0.03802999999977599
2022-10-11,AUD,18M,3M BBSW,0.03830999999980944
2022-10-10,AUD,18M,3M BBSW,0.03773437586254145
2022-10-07,AUD,18M,3M BBSW,0.03774196352924649
2022-10-06,AUD,18M,3M BBSW,0.03676970060764035
2022-10-05,AUD,18M,3M BBSW,0.03535999999994241
2022-10-04,AUD,18M,3M BBSW,0.03473199999991135
2022-09-30,AUD,18M,3M BBSW,0.04010239027032261
2022-09-29,AUD,18M,3M BBSW,0.03996317817772066
2022-09-28,AUD,18M,3M BBSW,0.04106999999982943
2022-09-27,AUD,18M,3M BBSW,0.04142423887907749
2022-09-26,AUD,18M,3M BBSW,0.04107495311379088
2022-09-23,AUD,18M,3M BBSW,0.04020414724329625
2022-09-21,AUD,18M,3M BBSW,0.03765199999983444
2022-09-20,AUD,18M,3M BBSW,0.03704799999991845
2022-09-19,AUD,18M,3M BBSW,0.03762436709001772
2022-09-16,AUD,18M,3M BBSW,0.0374736001656668
2022-09-15,AUD,18M,3M BBSW,0.03686199999993541
2022-09-14,AUD,18M,3M BBSW,0.03673999999981721
2022-09-13,AUD,18M,3M BBSW,0.03508999999957733
2022-09-12,AUD,18M,3M BBSW,0.034963887247716714
2022-09-09,AUD,18M,3M BBSW,0.03444159090689451
2022-09-08,AUD,18M,3M BBSW,0.03474499999990606
2022-09-07,AUD,18M,3M BBSW,0.03610000000040197
2022-09-06,AUD,18M,3M BBSW,0.03556999999986563
2022-09-05,AUD,18M,3M BBSW,0.03628441890537106
2022-09-02,AUD,18M,3M BBSW,0.03582755461977274
2022-09-01,AUD,18M,3M BBSW,0.03655999999948164
2022-08-31,AUD,18M,3M BBSW,0.036014921525295784
2022-08-30,AUD,18M,3M BBSW,0.0366449613304587
2022-08-29,AUD,18M,3M BBSW,0.037544999999698424
2022-08-26,AUD,18M,3M BBSW,0.035926324806376024
2022-08-25,AUD,18M,3M BBSW,0.03622119433183709
2022-08-24,AUD,18M,3M BBSW,0.03578472802909676
2022-08-23,AUD,18M,3M BBSW,0.03670999999978074
2022-08-22,AUD,18M,3M BBSW,0.0354549999997766
2022-08-19,AUD,18M,3M BBSW,0.0347985565603945
2022-08-18,AUD,18M,3M BBSW,0.03389054983708537
2022-08-17,AUD,18M,3M BBSW,0.03330928862638637
2022-08-16,AUD,18M,3M BBSW,0.03337999999990751
2022-08-15,AUD,18M,3M BBSW,0.03458799999991211
2022-08-12,AUD,18M,3M BBSW,0.03476656982434904
2022-08-11,AUD,18M,3M BBSW,0.03444451738276262
2022-08-10,AUD,18M,3M BBSW,0.03388427333944334
2022-08-09,AUD,18M,3M BBSW,0.03352299999992889
2022-08-08,AUD,18M,3M BBSW,0.03345999999989502
2022-08-05,AUD,18M,3M BBSW,0.03340130465587328
2022-08-04,AUD,18M,3M BBSW,0.031913223748667695
2022-08-03,AUD,18M,3M BBSW,0.03119065792248641
2022-08-02,AUD,18M,3M BBSW,0.03130999999991191
2022-07-29,AUD,18M,3M BBSW,0.03086089527034455
2022-07-28,AUD,18M,3M BBSW,0.03198907799716508
2022-07-27,AUD,18M,3M BBSW,0.03311196712668774
2022-07-26,AUD,18M,3M BBSW,0.03446733983737011
2022-07-25,AUD,18M,3M BBSW,0.034312462275159376
2022-07-22,AUD,18M,3M BBSW,0.03399075496717141
2022-07-21,AUD,18M,3M BBSW,0.03566422041629587
2022-07-20,AUD,18M,3M BBSW,0.03576076989350195
2022-07-19,AUD,18M,3M BBSW,0.03525699999984428
2022-07-18,AUD,18M,3M BBSW,0.03410499999983478
2022-07-15,AUD,18M,3M BBSW,0.033998701415717376
2022-07-14,AUD,18M,3M BBSW,0.0345716248617423
2022-07-13,AUD,18M,3M BBSW,0.0327213880900005
2022-07-12,AUD,18M,3M BBSW,0.03296299999984955
2022-07-11,AUD,18M,3M BBSW,0.034189999999802795
2022-07-08,AUD,18M,3M BBSW,0.0338032120477596
2022-07-07,AUD,18M,3M BBSW,0.03307208135222073
2022-07-06,AUD,18M,3M BBSW,0.0324114727846118
2022-07-05,AUD,18M,3M BBSW,0.03380199999980445
2022-07-04,AUD,18M,3M BBSW,0.03259799999980914
2022-07-01,AUD,18M,3M BBSW,0.03217535946604768
2022-06-30,AUD,18M,3M BBSW,0.03468740659843242
2022-06-29,AUD,18M,3M BBSW,0.03503799999995986
2022-06-28,AUD,18M,3M BBSW,0.0348919999997459
2022-06-27,AUD,18M,3M BBSW,0.03447450717497351
2022-06-24,AUD,18M,3M BBSW,0.034132650237226184
2022-06-23,AUD,18M,3M BBSW,0.03508378479354037
2022-06-22,AUD,18M,3M BBSW,0.03589952266731937
2022-06-21,AUD,18M,3M BBSW,0.03767299999965451
2022-06-20,AUD,18M,3M BBSW,0.038479999999623524
2022-06-17,AUD,18M,3M BBSW,0.03896573569537841
2022-06-16,AUD,18M,3M BBSW,0.03865906657312378
2022-06-15,AUD,18M,3M BBSW,0.03895300000002824
2022-06-14,AUD,18M,3M BBSW,0.03720999999992272
2022-06-10,AUD,18M,3M BBSW,0.03401985494741272
2022-06-09,AUD,18M,3M BBSW,0.03241619146818035
2022-06-08,AUD,18M,3M BBSW,0.03277799999983491
2022-06-07,AUD,18M,3M BBSW,0.03125799999987206
2022-06-06,AUD,18M,3M BBSW,0.030244999999884482
2022-06-03,AUD,18M,3M BBSW,0.030420565501013953
2022-06-02,AUD,18M,3M BBSW,0.030295768259412038
2022-06-01,AUD,18M,3M BBSW,0.029534999999896637
2022-05-31,AUD,18M,3M BBSW,0.02871496468166932
2022-05-30,AUD,18M,3M BBSW,0.02770799999994567
2022-05-27,AUD,18M,3M BBSW,0.02775077462739833
2022-05-26,AUD,18M,3M BBSW,0.02712974191131921
2022-05-25,AUD,18M,3M BBSW,0.026992890924067158
2022-05-24,AUD,18M,3M BBSW,0.02774799999991223
2022-05-23,AUD,18M,3M BBSW,0.02750299999991777
2022-05-20,AUD,18M,3M BBSW,0.027097831541026893
2022-05-19,AUD,18M,3M BBSW,0.028285559692232592
2022-05-18,AUD,18M,3M BBSW,0.028749654297325237
2022-05-17,AUD,18M,3M BBSW,0.028609999999898342
2022-05-16,AUD,18M,3M BBSW,0.02762699999994701
2022-05-13,AUD,18M,3M BBSW,0.027854705528728832
2022-05-12,AUD,18M,3M BBSW,0.028527101976770587
2022-05-11,AUD,18M,3M BBSW,0.02849755811606664
2022-05-10,AUD,18M,3M BBSW,0.028809999999908152
2022-05-09,AUD,18M,3M BBSW,0.02961299999991023
2022-05-06,AUD,18M,3M BBSW,0.02991479819601785
2022-05-05,AUD,18M,3M BBSW,0.028823060137969998
2022-05-04,AUD,18M,3M BBSW,0.02993050153813253
2022-05-03,AUD,18M,3M BBSW,0.026609999999963174
2022-05-02,AUD,18M,3M BBSW,0.02602300000022671
2022-04-29,AUD,18M,3M BBSW,0.02613394084107175
2022-04-28,AUD,18M,3M BBSW,0.02530675990117746
2022-04-27,AUD,18M,3M BBSW,0.02490200000019366
2022-04-26,AUD,18M,3M BBSW,0.02395771415107975
2022-04-22,AUD,18M,3M BBSW,0.024103578562181868
2022-04-21,AUD,18M,3M BBSW,0.02141469706190369
2022-04-20,AUD,18M,3M BBSW,0.0211920000000881
2022-04-19,AUD,18M,3M BBSW,0.02023799999985963
2022-04-14,AUD,18M,3M BBSW,0.01998425676709424
2022-04-13,AUD,18M,3M BBSW,0.020126999999926478
2022-04-12,AUD,18M,3M BBSW,0.0205099999997717
2022-04-11,AUD,18M,3M BBSW,0.02087999999979639
2022-04-08,AUD,18M,3M BBSW,0.02075571024544409
2022-04-07,AUD,18M,3M BBSW,0.02015305784539585
2022-04-06,AUD,18M,3M BBSW,0.020829999999735352
2022-04-05,AUD,18M,3M BBSW,0.01744799999984103
2022-04-04,AUD,18M,3M BBSW,0.01790799999982719
2022-04-01,AUD,18M,3M BBSW,0.01808334389675601
2022-03-31,AUD,18M,3M BBSW,0.01740928292542014
2022-03-30,AUD,18M,3M BBSW,0.017894106635662863
2022-03-29,AUD,18M,3M BBSW,0.01852500000013065
2022-03-28,AUD,18M,3M BBSW,0.01775000000000253
2022-03-25,AUD,18M,3M BBSW,0.01728067705333004
2022-03-24,AUD,18M,3M BBSW,0.01590035185843292
2022-03-23,AUD,18M,3M BBSW,0.01632932984635239
2022-03-22,AUD,18M,3M BBSW,0.01543991897211664
2022-03-21,AUD,18M,3M BBSW,0.0141079999999759
2022-03-18,AUD,18M,3M BBSW,0.014007272886999
2022-03-17,AUD,18M,3M BBSW,0.01328549581956532
2022-03-16,AUD,18M,3M BBSW,0.013057962719475619
2022-03-15,AUD,18M,3M BBSW,0.01376000000001729
2022-03-14,AUD,18M,3M BBSW,0.013414999999983518
2022-03-11,AUD,18M,3M BBSW,0.01314913989487592
2022-03-10,AUD,18M,3M BBSW,0.01304581039215575
2022-03-09,AUD,18M,3M BBSW,0.01312073555573271
2022-03-08,AUD,18M,3M BBSW,0.01241999999999622
2022-03-07,AUD,18M,3M BBSW,0.01151999999940534
2022-03-04,AUD,18M,3M BBSW,0.01082455303436584
2022-03-03,AUD,18M,3M BBSW,0.010348962118863709
2022-03-02,AUD,18M,3M BBSW,0.009829510206620035
2022-03-01,AUD,18M,3M BBSW,0.010309999999515368
2022-02-28,AUD,18M,3M BBSW,0.010334797260103789
2022-02-25,AUD,18M,3M BBSW,0.01107781622749821
2022-02-24,AUD,18M,3M BBSW,0.0106349999999462
2025-11-04,AUD,21M,3M BBSW,0.035696
2025-11-03,AUD,21M,3M BBSW,0.03561300000000013
2025-10-31,AUD,21M,3M BBSW,0.03523599999983802
2025-10-30,AUD,21M,3M BBSW,0.03526799999995087
2025-10-29,AUD,21M,3M BBSW,0.03546100000000004
2025-10-28,AUD,21M,3M BBSW,0.03395300000010599
2025-10-27,AUD,21M,3M BBSW,0.03395800000007913
2025-10-24,AUD,21M,3M BBSW,0.03324897058462902
2025-10-23,AUD,21M,3M BBSW,0.03340900000005044
2025-10-22,AUD,21M,3M BBSW,0.03300700000007493
2025-10-21,AUD,21M,3M BBSW,0.03322400000000849
2025-10-20,AUD,21M,3M BBSW,0.03301100000000138
2025-10-17,AUD,21M,3M BBSW,0.03293695666169625
2025-10-16,AUD,21M,3M BBSW,0.03278700000000008
2025-10-15,AUD,21M,3M BBSW,0.03429400000000014
2025-10-14,AUD,21M,3M BBSW,0.03428900000000005
2025-10-13,AUD,21M,3M BBSW,0.03433300000000576
2025-10-10,AUD,21M,3M BBSW,0.0348379843714003
2025-10-09,AUD,21M,3M BBSW,0.0348709999999648
2025-10-08,AUD,21M,3M BBSW,0.034496000000137104
2025-10-07,AUD,21M,3M BBSW,0.03446400000012659
2025-10-03,AUD,21M,3M BBSW,0.03432465888497037
2025-10-02,AUD,21M,3M BBSW,0.03433011055570139
2025-10-01,AUD,21M,3M BBSW,0.034479174899124054
2025-09-30,AUD,21M,3M BBSW,0.03478999999977811
2025-09-29,AUD,21M,3M BBSW,0.03434808210588135
2025-09-26,AUD,21M,3M BBSW,0.03444925804513953
2025-09-25,AUD,21M,3M BBSW,0.03457539543728402
2025-09-24,AUD,21M,3M BBSW,0.03441700000007475
2025-09-23,AUD,21M,3M BBSW,0.03325700000003027
2025-09-22,AUD,21M,3M BBSW,0.03342356374762385
2025-09-19,AUD,21M,3M BBSW,0.03301934856149007
2025-09-18,AUD,21M,3M BBSW,0.033038000000006805
2025-09-17,AUD,21M,3M BBSW,0.03315700000000149
2025-09-16,AUD,21M,3M BBSW,0.0331510000000003
2025-09-15,AUD,21M,3M BBSW,0.0331358526031544
2025-09-12,AUD,21M,3M BBSW,0.033131337135738265
2025-09-11,AUD,21M,3M BBSW,0.03310900000023238
2025-09-10,AUD,21M,3M BBSW,0.03294699999943458
2025-09-09,AUD,21M,3M BBSW,0.03328000000000011
2025-09-08,AUD,21M,3M BBSW,0.03297815739925943
2025-09-05,AUD,21M,3M BBSW,0.032897749765222126
2025-09-04,AUD,21M,3M BBSW,0.03324900000022572
2025-09-03,AUD,21M,3M BBSW,0.03343000000002658
2025-09-02,AUD,21M,3M BBSW,0.03293600000000005
2025-09-01,AUD,21M,3M BBSW,0.032852578847969986
2025-08-29,AUD,21M,3M BBSW,0.03253372424088296
2025-08-28,AUD,21M,3M BBSW,0.03254137473663684
2025-08-27,AUD,21M,3M BBSW,0.03254039081073281
2025-08-26,AUD,21M,3M BBSW,0.032532000000089406
2025-08-25,AUD,21M,3M BBSW,0.03249100000005461
2025-08-22,AUD,21M,3M BBSW,0.03249909534420614
2025-08-21,AUD,21M,3M BBSW,0.03258100398308311
2025-08-20,AUD,21M,3M BBSW,0.0323372317831158
2025-08-19,AUD,21M,3M BBSW,0.03263899999977445
2025-08-18,AUD,21M,3M BBSW,0.03247899999971078
2025-08-15,AUD,21M,3M BBSW,0.03231384797341661
2025-08-14,AUD,21M,3M BBSW,0.032397513342712216
2025-08-13,AUD,21M,3M BBSW,0.03211624546500906
2025-08-12,AUD,21M,3M BBSW,0.03243100000003452
2025-08-11,AUD,21M,3M BBSW,0.03287500000003306
2025-08-08,AUD,21M,3M BBSW,0.03270046363662619
2025-08-07,AUD,21M,3M BBSW,0.03276699370657051
2025-08-06,AUD,21M,3M BBSW,0.03270622449923748
2025-08-05,AUD,21M,3M BBSW,0.03265100000003455
2025-08-01,AUD,21M,3M BBSW,0.03308779454575416
2025-07-31,AUD,21M,3M BBSW,0.03312679808889257
2025-07-30,AUD,21M,3M BBSW,0.03290839908118712
2025-07-29,AUD,21M,3M BBSW,0.033018000000034874
2025-07-28,AUD,21M,3M BBSW,0.03328400000003204
2025-07-25,AUD,21M,3M BBSW,0.03337221218491089
2025-07-24,AUD,21M,3M BBSW,0.0332539229119269
2025-07-23,AUD,21M,3M BBSW,0.03291219896171474
2025-07-22,AUD,21M,3M BBSW,0.03274000000003659
2025-07-21,AUD,21M,3M BBSW,0.03266400000003451
2025-07-18,AUD,21M,3M BBSW,0.03257800545796453
2025-07-17,AUD,21M,3M BBSW,0.03239600699910945
2025-07-16,AUD,21M,3M BBSW,0.03347717152073812
2025-07-15,AUD,21M,3M BBSW,0.03380600000014938
2025-07-14,AUD,21M,3M BBSW,0.0333360000000251
2025-07-11,AUD,21M,3M BBSW,0.033062184305312534
2025-07-10,AUD,21M,3M BBSW,0.03301308912088393
2025-07-09,AUD,21M,3M BBSW,0.03295920328684079
2025-07-08,AUD,21M,3M BBSW,0.03318199999998064
2025-07-07,AUD,21M,3M BBSW,0.03196200000003339
2025-07-04,AUD,21M,3M BBSW,0.03178620253995586
2025-07-03,AUD,21M,3M BBSW,0.03188069963457278
2025-07-02,AUD,21M,3M BBSW,0.03158525806279924
2025-07-01,AUD,21M,3M BBSW,0.03149052593976828
2025-06-30,AUD,21M,3M BBSW,0.03141101839472905
2025-06-27,AUD,21M,3M BBSW,0.03129083586165428
2025-06-26,AUD,21M,3M BBSW,0.03112732008471757
2025-06-25,AUD,21M,3M BBSW,0.03143104159120766
2025-06-24,AUD,21M,3M BBSW,0.03175600000004049
2025-06-23,AUD,21M,3M BBSW,0.03208300000003809
2025-06-20,AUD,21M,3M BBSW,0.03211550931380097
2025-06-19,AUD,21M,3M BBSW,0.03233945895669665
2025-06-18,AUD,21M,3M BBSW,0.03266100000011192
2025-06-17,AUD,21M,3M BBSW,0.03233400000004058
2025-06-16,AUD,21M,3M BBSW,0.032338000000040286
2025-06-13,AUD,21M,3M BBSW,0.03211651131637631
2025-06-12,AUD,21M,3M BBSW,0.03199750235275737
2025-06-11,AUD,21M,3M BBSW,0.03248700000011241
2025-06-10,AUD,21M,3M BBSW,0.03278200000003706
2025-06-06,AUD,21M,3M BBSW,0.03276702478896074
2025-06-05,AUD,21M,3M BBSW,0.032401445677287116
2025-06-04,AUD,21M,3M BBSW,0.03187100000011835
2025-06-03,AUD,21M,3M BBSW,0.031985000000030774
2025-06-02,AUD,21M,3M BBSW,0.03253500000004196
2025-05-30,AUD,21M,3M BBSW,0.03253626870346178
2025-05-29,AUD,21M,3M BBSW,0.03284911491788571
2025-05-28,AUD,21M,3M BBSW,0.03350156567614663
2025-05-27,AUD,21M,3M BBSW,0.032749889047743695
2025-05-26,AUD,21M,3M BBSW,0.03276100000014734
2025-05-23,AUD,21M,3M BBSW,0.03303152152510877
2025-05-22,AUD,21M,3M BBSW,0.03323850416754009
2025-05-21,AUD,21M,3M BBSW,0.03356523860397714
2025-05-20,AUD,21M,3M BBSW,0.03292471154514415
2025-05-19,AUD,21M,3M BBSW,0.03493699999992028
2025-05-16,AUD,21M,3M BBSW,0.03512819316503137
2025-05-15,AUD,21M,3M BBSW,0.03474386811303735
2025-05-14,AUD,21M,3M BBSW,0.03493690108390723
2025-05-13,AUD,21M,3M BBSW,0.03459976503778425
2025-05-12,AUD,21M,3M BBSW,0.034441000000039225
2025-05-09,AUD,21M,3M BBSW,0.03309752271894233
2025-05-08,AUD,21M,3M BBSW,0.03311954430563
2025-05-07,AUD,21M,3M BBSW,0.03239411791798087
2025-05-06,AUD,21M,3M BBSW,0.03266047114012367
2025-05-05,AUD,21M,3M BBSW,0.032837000000029974
2025-05-02,AUD,21M,3M BBSW,0.03275580637149626
2025-05-01,AUD,21M,3M BBSW,0.03229831006418234
2025-04-30,AUD,21M,3M BBSW,0.032222209342910986
2025-04-29,AUD,21M,3M BBSW,0.0319660000000975
2025-04-28,AUD,21M,3M BBSW,0.031961000000027766
2025-04-24,AUD,21M,3M BBSW,0.03225685562064188
2025-04-23,AUD,21M,3M BBSW,0.0328128548499981
2025-04-22,AUD,21M,3M BBSW,0.03248700000005253
2025-04-17,AUD,21M,3M BBSW,0.03241997822031521
2025-04-16,AUD,21M,3M BBSW,0.0322076368256108
2025-04-15,AUD,21M,3M BBSW,0.032585000000060906
2025-04-14,AUD,21M,3M BBSW,0.03236600000006787
2025-04-11,AUD,21M,3M BBSW,0.03269387018009994
2025-04-10,AUD,21M,3M BBSW,0.03186786414338909
2025-04-09,AUD,21M,3M BBSW,0.03274503777768066
2025-04-08,AUD,21M,3M BBSW,0.03213800000006773
2025-04-07,AUD,21M,3M BBSW,0.03385400000003618
2025-04-04,AUD,21M,3M BBSW,0.03365541556450031
2025-03-28,AUD,21M,3M BBSW,0.03677444926015257
2025-03-27,AUD,21M,3M BBSW,0.03691910720116139
2025-03-26,AUD,21M,3M BBSW,0.03691007484686412
2025-03-25,AUD,21M,3M BBSW,0.036864704518406934
2025-03-24,AUD,21M,3M BBSW,0.03682300000002894
2025-03-21,AUD,21M,3M BBSW,0.03675141565054567
2025-03-20,AUD,21M,3M BBSW,0.03681344266042066
2025-03-19,AUD,21M,3M BBSW,0.03707622863433067
2025-03-18,AUD,21M,3M BBSW,0.037185000000024504
2025-03-17,AUD,21M,3M BBSW,0.03707700000002574
2025-03-14,AUD,21M,3M BBSW,0.03696761934356779
2025-03-13,AUD,21M,3M BBSW,0.03683041493170331
2025-03-12,AUD,21M,3M BBSW,0.03707124218638616
2025-03-11,AUD,21M,3M BBSW,0.03697000000002715
2025-03-10,AUD,21M,3M BBSW,0.03673600000002879
2025-03-07,AUD,21M,3M BBSW,0.03719229321738808
2025-03-06,AUD,21M,3M BBSW,0.03736199182918501
2025-03-05,AUD,21M,3M BBSW,0.03761262295955083
2025-03-04,AUD,21M,3M BBSW,0.037355000000044075
2025-03-03,AUD,21M,3M BBSW,0.03700100000005025
2025-02-28,AUD,21M,3M BBSW,0.03726482516813398
2025-02-27,AUD,21M,3M BBSW,0.03756000000000062
2025-02-26,AUD,21M,3M BBSW,0.03772800000000012
2025-02-25,AUD,21M,3M BBSW,0.03786043511490685
2025-02-24,AUD,21M,3M BBSW,0.03805776093893796
2025-02-21,AUD,21M,3M BBSW,0.03857137584217884
2025-02-20,AUD,21M,3M BBSW,0.03899300000046852
2025-02-19,AUD,21M,3M BBSW,0.0387819999995913
2025-02-18,AUD,21M,3M BBSW,0.03897240111912521
2025-02-17,AUD,21M,3M BBSW,0.038350731360029464
2025-02-14,AUD,21M,3M BBSW,0.03832356315334705
2025-02-13,AUD,21M,3M BBSW,0.03808200000000008
2025-02-12,AUD,21M,3M BBSW,0.038823999999817255
2025-02-11,AUD,21M,3M BBSW,0.03832441881780758
2025-02-10,AUD,21M,3M BBSW,0.03776380082627615
2025-02-07,AUD,21M,3M BBSW,0.03770398365993806
2025-02-06,AUD,21M,3M BBSW,0.03739400000000038
2025-02-05,AUD,21M,3M BBSW,0.03733900000014673
2025-02-04,AUD,21M,3M BBSW,0.03778086533334051
2025-02-03,AUD,21M,3M BBSW,0.037735707063066816
2025-01-31,AUD,21M,3M BBSW,0.03784924069766134
2025-01-30,AUD,21M,3M BBSW,0.03780599999999982
2025-01-29,AUD,21M,3M BBSW,0.03793500000000012
2025-01-28,AUD,21M,3M BBSW,0.03850400000004381
2025-01-24,AUD,21M,3M BBSW,0.038762217158733014
2025-01-23,AUD,21M,3M BBSW,0.03895899999996079
2025-01-22,AUD,21M,3M BBSW,0.03921499999980633
2025-01-21,AUD,21M,3M BBSW,0.039050399240951494
2025-01-20,AUD,21M,3M BBSW,0.039041213038049104
2025-01-17,AUD,21M,3M BBSW,0.0392802167096122
2025-01-16,AUD,21M,3M BBSW,0.03926899999991695
2025-01-15,AUD,21M,3M BBSW,0.03924199999995199
2025-01-14,AUD,21M,3M BBSW,0.039969000000554346
2025-01-13,AUD,21M,3M BBSW,0.03985245524027494
2025-01-10,AUD,21M,3M BBSW,0.039201500159577456
2025-01-09,AUD,21M,3M BBSW,0.03867299999956198
2025-01-08,AUD,21M,3M BBSW,0.0391159999999521
2025-01-07,AUD,21M,3M BBSW,0.03950499999995454
2025-01-06,AUD,21M,3M BBSW,0.03904517730325416
2025-01-03,AUD,21M,3M BBSW,0.0384091379579898
2025-01-02,AUD,21M,3M BBSW,0.03855999999948077
2024-12-31,AUD,21M,3M BBSW,0.03856850016147802
2024-12-30,AUD,21M,3M BBSW,0.03872754977151218
2024-12-27,AUD,21M,3M BBSW,0.038626911422653454
2024-12-24,AUD,21M,3M BBSW,0.03891599999950711
2024-12-23,AUD,21M,3M BBSW,0.03912866345189232
2024-12-20,AUD,21M,3M BBSW,0.03948848578539728
2024-12-19,AUD,21M,3M BBSW,0.03948691214557318
2024-12-18,AUD,21M,3M BBSW,0.03922099999994974
2024-12-17,AUD,21M,3M BBSW,0.03892899999995063
2024-12-16,AUD,21M,3M BBSW,0.03911124645774658
2024-12-13,AUD,21M,3M BBSW,0.03922793633253614
2024-12-12,AUD,21M,3M BBSW,0.03912294126317347
2024-12-11,AUD,21M,3M BBSW,0.03811200000003685
2024-12-10,AUD,21M,3M BBSW,0.038248999999947374
2024-12-09,AUD,21M,3M BBSW,0.03921661206257897
2024-12-06,AUD,21M,3M BBSW,0.038998777219422666
2024-12-05,AUD,21M,3M BBSW,0.03928746510767357
2024-12-04,AUD,21M,3M BBSW,0.039088999999946555
2024-12-03,AUD,21M,3M BBSW,0.04027799999995208
2024-12-02,AUD,21M,3M BBSW,0.040187798794900545
2024-11-29,AUD,21M,3M BBSW,0.04011345985473303
2024-11-28,AUD,21M,3M BBSW,0.04042757552911779
2024-11-27,AUD,21M,3M BBSW,0.04042999999995571
2024-11-26,AUD,21M,3M BBSW,0.04066200000003155
2024-11-25,AUD,21M,3M BBSW,0.04069832866095155
2024-11-22,AUD,21M,3M BBSW,0.041029390833030914
2024-11-21,AUD,21M,3M BBSW,0.04135778164022936
2024-11-20,AUD,21M,3M BBSW,0.04118099999976079
2024-11-19,AUD,21M,3M BBSW,0.04100000000003066
2024-11-18,AUD,21M,3M BBSW,0.0407893260708655
2024-11-15,AUD,21M,3M BBSW,0.041545423406119025
2024-11-14,AUD,21M,3M BBSW,0.041850674537369244
2024-11-13,AUD,21M,3M BBSW,0.04205699999976338
2024-11-12,AUD,21M,3M BBSW,0.0419230000000299
2024-11-11,AUD,21M,3M BBSW,0.041470302853438196
2024-11-08,AUD,21M,3M BBSW,0.04100043019990441
2024-11-07,AUD,21M,3M BBSW,0.04118079624296116
2024-11-06,AUD,21M,3M BBSW,0.04138199999975784
2024-11-05,AUD,21M,3M BBSW,0.041359000000029233
2024-11-04,AUD,21M,3M BBSW,0.04082167013535013
2024-11-01,AUD,21M,3M BBSW,0.04080341369015652
2024-10-31,AUD,21M,3M BBSW,0.04131960976699936
2024-10-30,AUD,21M,3M BBSW,0.041195999999974725
2024-10-29,AUD,21M,3M BBSW,0.0404619999999742
2024-10-28,AUD,21M,3M BBSW,0.040356000000037986
2024-10-24,AUD,21M,3M BBSW,0.04011428794003055
2024-10-23,AUD,21M,3M BBSW,0.04065999999995716
2024-10-22,AUD,21M,3M BBSW,0.0404289999999693
2024-10-21,AUD,21M,3M BBSW,0.03992335568742698
2024-10-17,AUD,21M,3M BBSW,0.03975989003152549
2024-10-16,AUD,21M,3M BBSW,0.03872700000017177
2024-10-15,AUD,21M,3M BBSW,0.03901100000002841
2024-10-14,AUD,21M,3M BBSW,0.03924200000002792
2024-10-11,AUD,21M,3M BBSW,0.03919833551563249
2024-10-10,AUD,21M,3M BBSW,0.03917893006544657
2024-10-09,AUD,21M,3M BBSW,0.03931399999989877
2024-10-08,AUD,21M,3M BBSW,0.03892300000002886
2024-10-04,AUD,21M,3M BBSW,0.03857558401386354
2024-10-03,AUD,21M,3M BBSW,0.03752913699132701
2024-10-02,AUD,21M,3M BBSW,0.03726199999990214
2024-10-01,AUD,21M,3M BBSW,0.03706559835009898
2024-09-30,AUD,21M,3M BBSW,0.03710243766780605
2024-09-27,AUD,21M,3M BBSW,0.0365962816941685
2024-09-26,AUD,21M,3M BBSW,0.03677844605336114
2024-09-25,AUD,21M,3M BBSW,0.03650419993125277
2024-09-24,AUD,21M,3M BBSW,0.03617400000003078
2024-09-23,AUD,21M,3M BBSW,0.03717443317843489
2024-09-20,AUD,21M,3M BBSW,0.03687645656856416
2024-09-19,AUD,21M,3M BBSW,0.03698600000002547
2024-09-18,AUD,21M,3M BBSW,0.03667100000002701
2024-09-17,AUD,21M,3M BBSW,0.03629300000002693
2024-09-16,AUD,21M,3M BBSW,0.03592047162751242
2024-09-13,AUD,21M,3M BBSW,0.036127747496126184
2024-09-12,AUD,21M,3M BBSW,0.03662700000002491
2024-09-11,AUD,21M,3M BBSW,0.03697899999994715
2024-09-10,AUD,21M,3M BBSW,0.03690199999994764
2024-09-09,AUD,21M,3M BBSW,0.03737789574048514
2024-09-06,AUD,21M,3M BBSW,0.03714886787261959
2024-09-05,AUD,21M,3M BBSW,0.037751999999911544
2024-09-04,AUD,21M,3M BBSW,0.03734999999997192
2024-09-03,AUD,21M,3M BBSW,0.0379089999995349
2024-09-02,AUD,21M,3M BBSW,0.03848039240222347
2024-08-30,AUD,21M,3M BBSW,0.03817725103824401
2024-08-29,AUD,21M,3M BBSW,0.03800597920493108
2024-08-27,AUD,21M,3M BBSW,0.03722999999997338
2024-08-26,AUD,21M,3M BBSW,0.03713000000056985
2024-08-23,AUD,21M,3M BBSW,0.037482590741548576
2024-08-22,AUD,21M,3M BBSW,0.03788738141501268
2024-08-21,AUD,21M,3M BBSW,0.03774406667750418
2024-08-20,AUD,21M,3M BBSW,0.0378699999999091
2024-08-19,AUD,21M,3M BBSW,0.03818800000054563
2024-08-16,AUD,21M,3M BBSW,0.03805680016817456
2024-08-15,AUD,21M,3M BBSW,0.03854001613722465
2024-08-14,AUD,21M,3M BBSW,0.03757659129581639
2024-08-13,AUD,21M,3M BBSW,0.03821399999991042
2024-08-12,AUD,21M,3M BBSW,0.03873700000043864
2024-08-09,AUD,21M,3M BBSW,0.03879050473229773
2024-08-08,AUD,21M,3M BBSW,0.03910918494274547
2024-08-07,AUD,21M,3M BBSW,0.03885199431326705
2024-08-06,AUD,21M,3M BBSW,0.03899500000006674
2024-08-02,AUD,21M,3M BBSW,0.03802631929797293
2024-08-01,AUD,21M,3M BBSW,0.0393751514910381
2024-07-31,AUD,21M,3M BBSW,0.03998358847591386
2024-07-30,AUD,21M,3M BBSW,0.041991999999863215
2024-07-29,AUD,21M,3M BBSW,0.042377999999951996
2024-07-26,AUD,21M,3M BBSW,0.041951443789764904
2024-07-24,AUD,21M,3M BBSW,0.04253412029090123
2024-07-23,AUD,21M,3M BBSW,0.04272799999996195
2024-07-22,AUD,21M,3M BBSW,0.04257699999995182
2024-07-19,AUD,21M,3M BBSW,0.042551190923486824
2024-07-18,AUD,21M,3M BBSW,0.0422057407116964
2024-07-17,AUD,21M,3M BBSW,0.041946784947430524
2024-07-16,AUD,21M,3M BBSW,0.04204499999988283
2024-07-15,AUD,21M,3M BBSW,0.042533999999951784
2024-07-12,AUD,21M,3M BBSW,0.04278473700740395
2024-07-11,AUD,21M,3M BBSW,0.04305691738139386
2024-07-10,AUD,21M,3M BBSW,0.04348167066027685
2024-07-09,AUD,21M,3M BBSW,0.043634999999969934
2024-07-08,AUD,21M,3M BBSW,0.0437679999999739
2024-07-05,AUD,21M,3M BBSW,0.04365703679259637
2024-07-04,AUD,21M,3M BBSW,0.043924979445628336
2024-07-03,AUD,21M,3M BBSW,0.04375847457967439
2024-07-02,AUD,21M,3M BBSW,0.043976999999892505
2024-07-01,AUD,21M,3M BBSW,0.04411752957072121
2024-06-28,AUD,21M,3M BBSW,0.04399561115497505
2024-06-27,AUD,21M,3M BBSW,0.043766234155532845
2024-06-26,AUD,21M,3M BBSW,0.044488084792789345
2024-06-24,AUD,21M,3M BBSW,0.042356000000103554
2024-06-21,AUD,21M,3M BBSW,0.042098114338377346
2024-06-20,AUD,21M,3M BBSW,0.042398414744632726
2024-06-19,AUD,21M,3M BBSW,0.04220699999989466
2024-06-18,AUD,21M,3M BBSW,0.04196199999997658
2024-06-17,AUD,21M,3M BBSW,0.041411999999974386
2024-06-14,AUD,21M,3M BBSW,0.041425998024139175
2024-06-13,AUD,21M,3M BBSW,0.04161952968689572
2024-06-12,AUD,21M,3M BBSW,0.04191299999987292
2024-06-11,AUD,21M,3M BBSW,0.04243500000002852
2024-06-07,AUD,21M,3M BBSW,0.042404382148137854
2024-06-06,AUD,21M,3M BBSW,0.041976465564503795
2024-06-05,AUD,21M,3M BBSW,0.041901999999898874
2024-06-04,AUD,21M,3M BBSW,0.0420079999995254
2024-06-03,AUD,21M,3M BBSW,0.042498999999974474
2024-05-31,AUD,21M,3M BBSW,0.04313824313646184
2024-05-30,AUD,21M,3M BBSW,0.04305487351001329
2024-05-29,AUD,21M,3M BBSW,0.0434980931053343
2024-05-28,AUD,21M,3M BBSW,0.042962928351377536
2024-05-27,AUD,21M,3M BBSW,0.042358000000539485
2024-05-24,AUD,21M,3M BBSW,0.04266653696134884
2024-05-23,AUD,21M,3M BBSW,0.04247884505827517
2024-05-22,AUD,21M,3M BBSW,0.04234130890738232
2024-05-21,AUD,21M,3M BBSW,0.04171079722382957
2024-05-20,AUD,21M,3M BBSW,0.041964000000570725
2024-05-17,AUD,21M,3M BBSW,0.04185076500036129
2024-05-16,AUD,21M,3M BBSW,0.041862982623451866
2024-05-15,AUD,21M,3M BBSW,0.04228446328209226
2024-05-14,AUD,21M,3M BBSW,0.042827031678318306
2024-05-13,AUD,21M,3M BBSW,0.04264699999997558
2024-05-10,AUD,21M,3M BBSW,0.04309247633881445
2024-05-09,AUD,21M,3M BBSW,0.042969745429216236
2024-05-08,AUD,21M,3M BBSW,0.04296431787509215
2024-05-07,AUD,21M,3M BBSW,0.04243068453544403
2024-05-06,AUD,21M,3M BBSW,0.04361200000054871
2024-05-03,AUD,21M,3M BBSW,0.04337694291184836
2024-05-02,AUD,21M,3M BBSW,0.043532919847011374
2024-05-01,AUD,21M,3M BBSW,0.04394175612288163
2024-04-30,AUD,21M,3M BBSW,0.04395999999996354
2024-04-29,AUD,21M,3M BBSW,0.044008000000100085
2024-04-26,AUD,21M,3M BBSW,0.04418138802310399
2024-04-24,AUD,21M,3M BBSW,0.0433084444072382
2024-04-23,AUD,21M,3M BBSW,0.04191099999996478
2024-04-22,AUD,21M,3M BBSW,0.0418299999999535
2024-04-19,AUD,21M,3M BBSW,0.04183698766585541
2024-04-18,AUD,21M,3M BBSW,0.04203399636001619
2024-04-17,AUD,21M,3M BBSW,0.042039649952906946
2024-04-16,AUD,21M,3M BBSW,0.04222700000054738
2024-04-15,AUD,21M,3M BBSW,0.041759000000546706
2024-04-12,AUD,21M,3M BBSW,0.0413697848862002
2024-04-11,AUD,21M,3M BBSW,0.04171418860696738
2024-04-10,AUD,21M,3M BBSW,0.041260907125308034
2024-04-09,AUD,21M,3M BBSW,0.04048799999957076
2024-04-08,AUD,21M,3M BBSW,0.040826000000522236
2024-04-04,AUD,21M,3M BBSW,0.040324839744017515
2024-04-03,AUD,21M,3M BBSW,0.04045524669517597
2024-04-02,AUD,21M,3M BBSW,0.04048000000011168
2024-03-28,AUD,21M,3M BBSW,0.039858286850578156
2024-03-27,AUD,21M,3M BBSW,0.03979905637769404
2024-03-26,AUD,21M,3M BBSW,0.03995444995291697
2024-03-25,AUD,21M,3M BBSW,0.03973549483377007
2024-03-22,AUD,21M,3M BBSW,0.040033857281380175
2024-03-21,AUD,21M,3M BBSW,0.04023963979149079
2024-03-20,AUD,21M,3M BBSW,0.03978110699004108
2024-03-19,AUD,21M,3M BBSW,0.040125999999927
2024-03-18,AUD,21M,3M BBSW,0.04069300000010722
2024-03-15,AUD,21M,3M BBSW,0.04086194995353666
2024-03-14,AUD,21M,3M BBSW,0.0406799857509091
2024-03-13,AUD,21M,3M BBSW,0.04015399610263706
2024-03-12,AUD,21M,3M BBSW,0.03995400000005969
2024-03-11,AUD,21M,3M BBSW,0.03974900000050996
2024-03-08,AUD,21M,3M BBSW,0.03991003616355214
2024-03-07,AUD,21M,3M BBSW,0.040155200545661504
2024-03-06,AUD,21M,3M BBSW,0.040070246260280704
2024-03-05,AUD,21M,3M BBSW,0.040269000000061055
2024-03-04,AUD,21M,3M BBSW,0.0406800000001034
2024-03-01,AUD,21M,3M BBSW,0.040573490338077584
2024-02-29,AUD,21M,3M BBSW,0.04078496754498899
2024-02-28,AUD,21M,3M BBSW,0.04059800000019876
2024-02-27,AUD,21M,3M BBSW,0.04114499999955298
2024-02-26,AUD,21M,3M BBSW,0.04091463197045213
2024-02-23,AUD,21M,3M BBSW,0.040921707203806126
2024-02-22,AUD,21M,3M BBSW,0.04074399192719227
2024-02-21,AUD,21M,3M BBSW,0.04084599999955167
2024-02-20,AUD,21M,3M BBSW,0.04056999999996577
2024-02-19,AUD,21M,3M BBSW,0.04083751818439386
2024-02-16,AUD,21M,3M BBSW,0.0411034085499558
2024-02-15,AUD,21M,3M BBSW,0.04089400403903484
2024-02-14,AUD,21M,3M BBSW,0.04146899999996849
2024-02-13,AUD,21M,3M BBSW,0.0416909999999681
2024-02-12,AUD,21M,3M BBSW,0.04101649829504172
2024-02-09,AUD,21M,3M BBSW,0.04083585241710553
2024-02-08,AUD,21M,3M BBSW,0.04027139611347588
2024-02-07,AUD,21M,3M BBSW,0.040292999999559015
2024-02-06,AUD,21M,3M BBSW,0.040073000000077366
2024-02-05,AUD,21M,3M BBSW,0.0403591908873214
2024-02-02,AUD,21M,3M BBSW,0.03974807958230269
2024-02-01,AUD,21M,3M BBSW,0.0389623176499683
2024-01-31,AUD,21M,3M BBSW,0.03903000000009334
2024-01-30,AUD,21M,3M BBSW,0.04039999999995977
2024-01-29,AUD,21M,3M BBSW,0.040472000000086716
2024-01-25,AUD,21M,3M BBSW,0.040714062200931246
2024-01-24,AUD,21M,3M BBSW,0.041313000000087724
2024-01-23,AUD,21M,3M BBSW,0.04109300000006244
2024-01-22,AUD,21M,3M BBSW,0.04100700000007659
2024-01-19,AUD,21M,3M BBSW,0.041513841039402484
2024-01-18,AUD,21M,3M BBSW,0.041312780564476015
2024-01-17,AUD,21M,3M BBSW,0.04150899999955601
2024-01-16,AUD,21M,3M BBSW,0.04086599999996787
2024-01-15,AUD,21M,3M BBSW,0.04041100000015475
2024-01-12,AUD,21M,3M BBSW,0.03987329061423624
2024-01-11,AUD,21M,3M BBSW,0.04002112821442533
2024-01-10,AUD,21M,3M BBSW,0.040781999999547264
2024-01-09,AUD,21M,3M BBSW,0.04036599999954003
2024-01-08,AUD,21M,3M BBSW,0.040810999999525324
2024-01-05,AUD,21M,3M BBSW,0.04110308288868538
2024-01-04,AUD,21M,3M BBSW,0.04063755161040936
2024-01-03,AUD,21M,3M BBSW,0.040216999999566336
2024-01-02,AUD,21M,3M BBSW,0.04015099999996973
2023-12-29,AUD,21M,3M BBSW,0.03949057590939409
2023-12-28,AUD,21M,3M BBSW,0.03938277595974419
2023-12-27,AUD,21M,3M BBSW,0.03940529673370527
2023-12-22,AUD,21M,3M BBSW,0.04009775428892317
2023-12-21,AUD,21M,3M BBSW,0.039952821837420986
2023-12-20,AUD,21M,3M BBSW,0.04011224065045746
2023-12-19,AUD,21M,3M BBSW,0.040707999999914736
2023-12-18,AUD,21M,3M BBSW,0.040444999999535707
2023-12-15,AUD,21M,3M BBSW,0.040755816749730875
2023-12-14,AUD,21M,3M BBSW,0.040704918196816514
2023-12-13,AUD,21M,3M BBSW,0.04049612970280694
2023-12-12,AUD,21M,3M BBSW,0.04236800000007265
2023-12-11,AUD,21M,3M BBSW,0.04241000000007919
2023-12-07,AUD,21M,3M BBSW,0.0420646489252821
2023-12-06,AUD,21M,3M BBSW,0.04158595577905431
2023-12-05,AUD,21M,3M BBSW,0.04230500000052305
2023-12-04,AUD,21M,3M BBSW,0.04365899999996856
2023-12-01,AUD,21M,3M BBSW,0.043027015837148366
2023-11-30,AUD,21M,3M BBSW,0.04371250916176045
2023-11-29,AUD,21M,3M BBSW,0.04338600000018694
2023-11-28,AUD,21M,3M BBSW,0.044294000000107324
2023-11-27,AUD,21M,3M BBSW,0.044594000000552386
2023-11-24,AUD,21M,3M BBSW,0.044830363180388494
2023-11-23,AUD,21M,3M BBSW,0.04459072269765663
2023-11-22,AUD,21M,3M BBSW,0.04477353327457638
2023-11-21,AUD,21M,3M BBSW,0.043832999999975045
2023-11-20,AUD,21M,3M BBSW,0.04422700000056354
2023-11-17,AUD,21M,3M BBSW,0.04397646896814853
2023-11-16,AUD,21M,3M BBSW,0.0436944341722518
2023-11-15,AUD,21M,3M BBSW,0.0448127738276308
2023-11-14,AUD,21M,3M BBSW,0.04480800000002794
2023-11-13,AUD,21M,3M BBSW,0.04558499999996914
2023-11-10,AUD,21M,3M BBSW,0.04510015493560112
2023-11-09,AUD,21M,3M BBSW,0.045033391026542205
2023-11-08,AUD,21M,3M BBSW,0.04452455061082601
2023-11-07,AUD,21M,3M BBSW,0.04460799999996892
2023-11-06,AUD,21M,3M BBSW,0.04542199999996974
2023-11-03,AUD,21M,3M BBSW,0.044780774544722846
2023-11-02,AUD,21M,3M BBSW,0.04510596661577611
2023-11-01,AUD,21M,3M BBSW,0.04548145937318784
2023-10-31,AUD,21M,3M BBSW,0.04659900000017779
2023-10-30,AUD,21M,3M BBSW,0.04608600000002825
2023-10-26,AUD,21M,3M BBSW,0.045058392011973696
2023-10-25,AUD,21M,3M BBSW,0.04497164470877649
2023-10-24,AUD,21M,3M BBSW,0.04425100000007729
2023-10-23,AUD,21M,3M BBSW,0.044025000000086675
2023-10-20,AUD,21M,3M BBSW,0.0439967111848232
2023-10-19,AUD,21M,3M BBSW,0.043999350493408036
2023-10-18,AUD,21M,3M BBSW,0.044555519351395165
2023-10-17,AUD,21M,3M BBSW,0.04451699999996982
2023-10-16,AUD,21M,3M BBSW,0.04263800000054707
2023-10-12,AUD,21M,3M BBSW,0.04246383905933776
2023-10-11,AUD,21M,3M BBSW,0.04213567982248634
2023-10-10,AUD,21M,3M BBSW,0.04234900000002916
2023-10-09,AUD,21M,3M BBSW,0.04215900000049226
2023-10-05,AUD,21M,3M BBSW,0.04283794831866576
2023-10-04,AUD,21M,3M BBSW,0.04324858794963991
2023-10-03,AUD,21M,3M BBSW,0.04375000000010004
2023-09-29,AUD,21M,3M BBSW,0.04328611662218644
2023-09-28,AUD,21M,3M BBSW,0.043503327367554384
2023-09-27,AUD,21M,3M BBSW,0.04348900000004944
2023-09-26,AUD,21M,3M BBSW,0.04344866549816826
2023-09-25,AUD,21M,3M BBSW,0.04350119945350395
2023-09-22,AUD,21M,3M BBSW,0.04323017472941029
2023-09-21,AUD,21M,3M BBSW,0.04350232783187567
2023-09-20,AUD,21M,3M BBSW,0.043745999999972855
2023-09-19,AUD,21M,3M BBSW,0.043137999999535916
2023-09-18,AUD,21M,3M BBSW,0.0425050000000739
2023-09-15,AUD,21M,3M BBSW,0.04226320480206608
2023-09-14,AUD,21M,3M BBSW,0.042034237314540875
2023-09-13,AUD,21M,3M BBSW,0.04209600000008972
2023-09-12,AUD,21M,3M BBSW,0.04218400000008388
2023-09-11,AUD,21M,3M BBSW,0.04208800000008779
2023-09-08,AUD,21M,3M BBSW,0.04173467095997957
2023-09-07,AUD,21M,3M BBSW,0.041524386620749434
2023-09-06,AUD,21M,3M BBSW,0.041716000000513107
2023-09-05,AUD,21M,3M BBSW,0.04174100000049643
2023-09-04,AUD,21M,3M BBSW,0.04191000000009353
2023-09-01,AUD,21M,3M BBSW,0.04141922016249751
2023-08-31,AUD,21M,3M BBSW,0.04156838657632131
2023-08-30,AUD,21M,3M BBSW,0.041715654218098065
2023-08-28,AUD,21M,3M BBSW,0.04243299999997558
2023-08-25,AUD,21M,3M BBSW,0.042352068879498696
2023-08-24,AUD,21M,3M BBSW,0.042206495782926096
2023-08-23,AUD,21M,3M BBSW,0.04202804340055107
2023-08-22,AUD,21M,3M BBSW,0.04265570250691013
2023-08-21,AUD,21M,3M BBSW,0.04276700000057523
2023-08-18,AUD,21M,3M BBSW,0.04251713822502775
2023-08-17,AUD,21M,3M BBSW,0.04285549545429694
2023-08-16,AUD,21M,3M BBSW,0.0429379331956328
2023-08-15,AUD,21M,3M BBSW,0.043017833274594644
2023-08-14,AUD,21M,3M BBSW,0.04340000000056473
2023-08-11,AUD,21M,3M BBSW,0.042742927418462424
2023-08-10,AUD,21M,3M BBSW,0.0421307123360579
2023-08-09,AUD,21M,3M BBSW,0.04240902305367004
2023-08-08,AUD,21M,3M BBSW,0.04203777368131403
2023-08-04,AUD,21M,3M BBSW,0.04213396909598581
2023-08-03,AUD,21M,3M BBSW,0.04232540436726241
2023-08-02,AUD,21M,3M BBSW,0.04208305964182554
2023-08-01,AUD,21M,3M BBSW,0.04242374747072471
2023-07-31,AUD,21M,3M BBSW,0.04355574924657396
2023-07-28,AUD,21M,3M BBSW,0.04333843574975318
2023-07-27,AUD,21M,3M BBSW,0.04397944175504401
2023-07-25,AUD,21M,3M BBSW,0.044934396610839616
2023-07-24,AUD,21M,3M BBSW,0.04479499999995282
2023-07-21,AUD,21M,3M BBSW,0.04496305197260897
2023-07-20,AUD,21M,3M BBSW,0.04489371871464387
2023-07-19,AUD,21M,3M BBSW,0.04384298972271512
2023-07-18,AUD,21M,3M BBSW,0.044136770912686626
2023-07-17,AUD,21M,3M BBSW,0.04436199999995237
2023-07-14,AUD,21M,3M BBSW,0.04465842056461645
2023-07-13,AUD,21M,3M BBSW,0.043760492928848746
2023-07-12,AUD,21M,3M BBSW,0.04438364608309222
2023-07-11,AUD,21M,3M BBSW,0.04575849550260527
2023-07-10,AUD,21M,3M BBSW,0.046141999999951076
2023-07-07,AUD,21M,3M BBSW,0.047068372810281235
2023-07-06,AUD,21M,3M BBSW,0.046908210560347004
2023-07-05,AUD,21M,3M BBSW,0.04547357638495384
2023-07-04,AUD,21M,3M BBSW,0.045187551110034196
2023-07-03,AUD,21M,3M BBSW,0.045313999999975735
2023-06-30,AUD,21M,3M BBSW,0.04546529527965212
2023-06-29,AUD,21M,3M BBSW,0.0448773298007352
2023-06-28,AUD,21M,3M BBSW,0.04386424928653944
2023-06-27,AUD,21M,3M BBSW,0.04465000000049257
2023-06-26,AUD,21M,3M BBSW,0.044384502643291385
2023-06-22,AUD,21M,3M BBSW,0.04525895642858258
2023-06-21,AUD,21M,3M BBSW,0.04441614482542541
2023-06-20,AUD,21M,3M BBSW,0.04436200000054151
2023-06-19,AUD,21M,3M BBSW,0.04539800000007915
2023-06-15,AUD,21M,3M BBSW,0.04486264442551095
2023-06-14,AUD,21M,3M BBSW,0.04424557933897069
2023-06-13,AUD,21M,3M BBSW,0.04411799999948997
2023-06-09,AUD,21M,3M BBSW,0.043534953760321786
2023-06-08,AUD,21M,3M BBSW,0.04343579395679073
2023-06-07,AUD,21M,3M BBSW,0.04354527660928944
2023-06-06,AUD,21M,3M BBSW,0.04195900000002409
2023-06-05,AUD,21M,3M BBSW,0.04080300000002475
2023-06-01,AUD,21M,3M BBSW,0.0394527324985173
2023-05-31,AUD,21M,3M BBSW,0.03943542588987499
2023-05-30,AUD,21M,3M BBSW,0.03929604410926394
2023-05-29,AUD,21M,3M BBSW,0.03928901710642529
2023-05-26,AUD,21M,3M BBSW,0.039565085262643296
2023-05-25,AUD,21M,3M BBSW,0.0397632568953104
2023-05-24,AUD,21M,3M BBSW,0.03923010094353239
2023-05-23,AUD,21M,3M BBSW,0.03917862148197647
2023-05-22,AUD,21M,3M BBSW,0.0388204984663303
2023-05-19,AUD,21M,3M BBSW,0.039004125871602076
2023-05-18,AUD,21M,3M BBSW,0.03910338718897103
2023-05-17,AUD,21M,3M BBSW,0.038095302058212585
2023-05-16,AUD,21M,3M BBSW,0.03746624553329858
2023-05-15,AUD,21M,3M BBSW,0.03748337347384682
2023-05-12,AUD,21M,3M BBSW,0.03656737202568941
2023-05-11,AUD,21M,3M BBSW,0.03625993731821317
2023-05-10,AUD,21M,3M BBSW,0.03651954449753663
2023-05-09,AUD,21M,3M BBSW,0.03687713112854176
2023-05-08,AUD,21M,3M BBSW,0.03687518705519736
2023-05-05,AUD,21M,3M BBSW,0.03662420246810041
2023-05-04,AUD,21M,3M BBSW,0.03562960485103966
2023-05-03,AUD,21M,3M BBSW,0.0364700692929384
2023-05-02,AUD,21M,3M BBSW,0.03719765057381328
2023-05-01,AUD,21M,3M BBSW,0.03616631822056788
2023-04-28,AUD,21M,3M BBSW,0.03533554960248027
2023-04-27,AUD,21M,3M BBSW,0.03619553014045974
2023-04-26,AUD,21M,3M BBSW,0.03535514930891328
2023-04-24,AUD,21M,3M BBSW,0.0367220000000945
2023-04-21,AUD,21M,3M BBSW,0.03709227445400893
2023-04-20,AUD,21M,3M BBSW,0.03692034823509561
2023-04-19,AUD,21M,3M BBSW,0.037148625665028946
2023-04-18,AUD,21M,3M BBSW,0.03688305480699636
2023-04-17,AUD,21M,3M BBSW,0.03603999999997532
2023-04-14,AUD,21M,3M BBSW,0.03597953711041014
2023-04-13,AUD,21M,3M BBSW,0.035558645389023404
2023-04-12,AUD,21M,3M BBSW,0.03476027588156198
2023-04-11,AUD,21M,3M BBSW,0.0343096057384946
2023-04-06,AUD,21M,3M BBSW,0.03376761735886207
2023-04-05,AUD,21M,3M BBSW,0.03396607646690121
2023-04-04,AUD,21M,3M BBSW,0.034186966463032056
2023-04-03,AUD,21M,3M BBSW,0.03503399999996975
2023-03-31,AUD,21M,3M BBSW,0.03483670225211787
2023-03-30,AUD,21M,3M BBSW,0.03526986063383485
2023-03-29,AUD,21M,3M BBSW,0.035159041591901447
2023-03-28,AUD,21M,3M BBSW,0.0351422692638866
2023-03-27,AUD,21M,3M BBSW,0.0347910000000916
2023-03-24,AUD,21M,3M BBSW,0.03413321418373122
2023-03-23,AUD,21M,3M BBSW,0.03444388416132159
2023-03-22,AUD,21M,3M BBSW,0.03442132460584521
2023-03-21,AUD,21M,3M BBSW,0.03480428688704206
2023-03-20,AUD,21M,3M BBSW,0.03389599999995572
2023-03-17,AUD,21M,3M BBSW,0.03444310197400101
2023-03-16,AUD,21M,3M BBSW,0.03579651370113475
2023-03-15,AUD,21M,3M BBSW,0.03515239799696331
2023-03-14,AUD,21M,3M BBSW,0.03725902370052166
2023-03-13,AUD,21M,3M BBSW,0.03617099999995262
2023-03-10,AUD,21M,3M BBSW,0.0383028928174109
2023-03-09,AUD,21M,3M BBSW,0.0393320660955273
2023-03-08,AUD,21M,3M BBSW,0.040006018443899484
2023-03-07,AUD,21M,3M BBSW,0.03987314267887845
2023-03-06,AUD,21M,3M BBSW,0.04079499999997257
2023-03-03,AUD,21M,3M BBSW,0.04159302407447826
2023-03-02,AUD,21M,3M BBSW,0.04200499083117766
2023-03-01,AUD,21M,3M BBSW,0.04130361992739488
2023-02-28,AUD,21M,3M BBSW,0.042203362277064886
2023-02-27,AUD,21M,3M BBSW,0.04164915313298458
2023-02-24,AUD,21M,3M BBSW,0.041655206498191905
2023-02-23,AUD,21M,3M BBSW,0.04154905658834516
2023-02-22,AUD,21M,3M BBSW,0.041335000000027426
2023-02-21,AUD,21M,3M BBSW,0.041379354453315156
2023-02-20,AUD,21M,3M BBSW,0.04073605975780828
2023-02-17,AUD,21M,3M BBSW,0.040448102825819295
2023-02-16,AUD,21M,3M BBSW,0.03993974545495254
2023-02-15,AUD,21M,3M BBSW,0.040511000000000165
2023-02-14,AUD,21M,3M BBSW,0.04007238524216197
2023-02-13,AUD,21M,3M BBSW,0.040368058500604424
2023-02-10,AUD,21M,3M BBSW,0.04039020443049301
2023-02-09,AUD,21M,3M BBSW,0.03879107354145575
2023-02-08,AUD,21M,3M BBSW,0.038278999999975666
2023-02-07,AUD,21M,3M BBSW,0.03806787138791607
2023-02-06,AUD,21M,3M BBSW,0.03648893357099736
2023-02-03,AUD,21M,3M BBSW,0.03645398558018792
2023-02-02,AUD,21M,3M BBSW,0.03644500733097984
2023-02-01,AUD,21M,3M BBSW,0.03717299999997522
2023-01-31,AUD,21M,3M BBSW,0.03690111516756797
2023-01-30,AUD,21M,3M BBSW,0.03728155486236433
2023-01-27,AUD,21M,3M BBSW,0.0372980313243855
2023-01-25,AUD,21M,3M BBSW,0.03657703820207482
2023-01-24,AUD,21M,3M BBSW,0.03555399999997771
2023-01-23,AUD,21M,3M BBSW,0.03559601998630873
2023-01-20,AUD,21M,3M BBSW,0.0354990028455869
2023-01-19,AUD,21M,3M BBSW,0.0349294963284409
2023-01-18,AUD,21M,3M BBSW,0.037055999999958546
2023-01-17,AUD,21M,3M BBSW,0.037315999999954316
2023-01-16,AUD,21M,3M BBSW,0.03716993658912537
2023-01-13,AUD,21M,3M BBSW,0.03724410014559913
2023-01-12,AUD,21M,3M BBSW,0.037336408521593756
2023-01-11,AUD,21M,3M BBSW,0.03833999999994254
2023-01-10,AUD,21M,3M BBSW,0.03855143712149937
2023-01-09,AUD,21M,3M BBSW,0.03900127553661401
2023-01-06,AUD,21M,3M BBSW,0.03865400720131122
2023-01-05,AUD,21M,3M BBSW,0.03909492905152955
2023-01-04,AUD,21M,3M BBSW,0.0393139999999022
2023-01-03,AUD,21M,3M BBSW,0.03980699999986234
2022-12-30,AUD,21M,3M BBSW,0.04001487727509466
2022-12-29,AUD,21M,3M BBSW,0.040005707553939035
2022-12-28,AUD,21M,3M BBSW,0.03974958228078281
2022-12-23,AUD,21M,3M BBSW,0.038560562447123005
2022-12-22,AUD,21M,3M BBSW,0.038023175379613666
2022-12-21,AUD,21M,3M BBSW,0.037268834961658205
2022-12-20,AUD,21M,3M BBSW,0.038095999999911354
2022-12-19,AUD,21M,3M BBSW,0.03757146327371166
2022-12-16,AUD,21M,3M BBSW,0.03762704345941458
2022-12-15,AUD,21M,3M BBSW,0.037346596171093614
2022-12-14,AUD,21M,3M BBSW,0.03646563387417943
2022-12-13,AUD,21M,3M BBSW,0.03653899999994304
2022-12-12,AUD,21M,3M BBSW,0.03633298688990444
2022-12-09,AUD,21M,3M BBSW,0.03631280349956203
2022-12-08,AUD,21M,3M BBSW,0.0365149706204793
2022-12-07,AUD,21M,3M BBSW,0.03631665578744193
2022-12-06,AUD,21M,3M BBSW,0.03645599999990814
2022-12-05,AUD,21M,3M BBSW,0.03571551447396183
2022-12-02,AUD,21M,3M BBSW,0.03564243339980484
2022-12-01,AUD,21M,3M BBSW,0.03676810178371362
2022-11-30,AUD,21M,3M BBSW,0.03721198798717604
2022-11-29,AUD,21M,3M BBSW,0.03802044343705999
2022-11-28,AUD,21M,3M BBSW,0.037966449232136344
2022-11-25,AUD,21M,3M BBSW,0.03847235721368489
2022-11-24,AUD,21M,3M BBSW,0.0382416434779886
2022-11-23,AUD,21M,3M BBSW,0.038172999999915136
2022-11-22,AUD,21M,3M BBSW,0.03741499999991866
2022-11-21,AUD,21M,3M BBSW,0.03732646838976227
2022-11-18,AUD,21M,3M BBSW,0.03746306509890894
2022-11-17,AUD,21M,3M BBSW,0.037185827866896747
2022-11-16,AUD,21M,3M BBSW,0.037999999999925704
2022-11-15,AUD,21M,3M BBSW,0.0383999999997778
2022-11-14,AUD,21M,3M BBSW,0.03839944127349009
2022-11-11,AUD,21M,3M BBSW,0.03773859881504878
2022-11-10,AUD,21M,3M BBSW,0.038282521699443246
2022-11-09,AUD,21M,3M BBSW,0.03999999999992586
2022-11-08,AUD,21M,3M BBSW,0.0404999999995784
2022-11-07,AUD,21M,3M BBSW,0.03969877059590769
2022-11-04,AUD,21M,3M BBSW,0.03967512550565328
2022-11-03,AUD,21M,3M BBSW,0.0409126667910752
2022-11-02,AUD,21M,3M BBSW,0.040099999999873376
2022-11-01,AUD,21M,3M BBSW,0.03959999999999424
2022-10-31,AUD,21M,3M BBSW,0.03960123473672182
2022-10-28,AUD,21M,3M BBSW,0.03973598304529352
2022-10-27,AUD,21M,3M BBSW,0.040075858140831436
2022-10-26,AUD,21M,3M BBSW,0.041197292441085616
2022-10-25,AUD,21M,3M BBSW,0.041598654551963266
2022-10-24,AUD,21M,3M BBSW,0.04179999999968394
2022-10-21,AUD,21M,3M BBSW,0.0423315053430049
2022-10-20,AUD,21M,3M BBSW,0.04107280267657738
2022-10-19,AUD,21M,3M BBSW,0.039699999999969406
2022-10-18,AUD,21M,3M BBSW,0.03949999999992005
2022-10-17,AUD,21M,3M BBSW,0.03949999999993302
2022-10-14,AUD,21M,3M BBSW,0.03943999189353647
2022-10-13,AUD,21M,3M BBSW,0.03838104209049821
2022-10-12,AUD,21M,3M BBSW,0.038499999999850563
2022-10-11,AUD,21M,3M BBSW,0.03879999999990154
2022-10-10,AUD,21M,3M BBSW,0.03829945403899703
2022-10-07,AUD,21M,3M BBSW,0.03813640283976893
2022-10-06,AUD,21M,3M BBSW,0.03728439955232017
2022-10-05,AUD,21M,3M BBSW,0.03579999999995867
2022-10-04,AUD,21M,3M BBSW,0.0351000000000837
2022-09-30,AUD,21M,3M BBSW,0.040324930376581525
2022-09-29,AUD,21M,3M BBSW,0.040261705022454866
2022-09-28,AUD,21M,3M BBSW,0.04139999999973585
2022-09-27,AUD,21M,3M BBSW,0.04179934130079216
2022-09-26,AUD,21M,3M BBSW,0.041397375148151776
2022-09-23,AUD,21M,3M BBSW,0.04073281853140168
2022-09-21,AUD,21M,3M BBSW,0.03779999999993374
2022-09-20,AUD,21M,3M BBSW,0.03730000000054641
2022-09-19,AUD,21M,3M BBSW,0.0377994530474265
2022-09-16,AUD,21M,3M BBSW,0.03773918297550712
2022-09-15,AUD,21M,3M BBSW,0.03716312871667915
2022-09-14,AUD,21M,3M BBSW,0.0369999999998977
2022-09-13,AUD,21M,3M BBSW,0.03529999999991797
2022-09-12,AUD,21M,3M BBSW,0.03509903945662904
2022-09-09,AUD,21M,3M BBSW,0.0346913816966359
2022-09-08,AUD,21M,3M BBSW,0.0350399772462524
2022-09-07,AUD,21M,3M BBSW,0.03639999999987467
2022-09-06,AUD,21M,3M BBSW,0.03589999999964521
2022-09-05,AUD,21M,3M BBSW,0.03649949724311175
2022-09-02,AUD,21M,3M BBSW,0.03624162264905845
2022-09-01,AUD,21M,3M BBSW,0.036688453589632374
2022-08-31,AUD,21M,3M BBSW,0.03629999999975844
2022-08-30,AUD,21M,3M BBSW,0.03699999999984671
2022-08-29,AUD,21M,3M BBSW,0.03789999999979954
2022-08-26,AUD,21M,3M BBSW,0.036042054445656425
2022-08-25,AUD,21M,3M BBSW,0.03648644317642693
2022-08-24,AUD,21M,3M BBSW,0.03629894540920739
2022-08-23,AUD,21M,3M BBSW,0.03709999999987661
2022-08-22,AUD,21M,3M BBSW,0.03569999999986838
2022-08-19,AUD,21M,3M BBSW,0.0349438685870304
2022-08-18,AUD,21M,3M BBSW,0.03409384116398616
2022-08-17,AUD,21M,3M BBSW,0.03359912397511877
2022-08-16,AUD,21M,3M BBSW,0.03349999999996075
2022-08-15,AUD,21M,3M BBSW,0.03480000000048231
2022-08-12,AUD,21M,3M BBSW,0.03494383695217592
2022-08-11,AUD,21M,3M BBSW,0.03439289814447583
2022-08-10,AUD,21M,3M BBSW,0.03399913185216151
2022-08-09,AUD,21M,3M BBSW,0.03360000000019851
2022-08-08,AUD,21M,3M BBSW,0.033499999999939335
2022-08-05,AUD,21M,3M BBSW,0.03334601434859513
2022-08-04,AUD,21M,3M BBSW,0.03190061265354945
2022-08-03,AUD,21M,3M BBSW,0.03129926224034358
2022-08-02,AUD,21M,3M BBSW,0.0311999999999434
2022-07-29,AUD,21M,3M BBSW,0.03079821659058778
2022-07-28,AUD,21M,3M BBSW,0.03194931514181693
2022-07-27,AUD,21M,3M BBSW,0.03309836536480387
2022-07-26,AUD,21M,3M BBSW,0.03459819970968642
2022-07-25,AUD,21M,3M BBSW,0.03424742894694548
2022-07-22,AUD,21M,3M BBSW,0.03409636863097597
2022-07-21,AUD,21M,3M BBSW,0.0358430312032522
2022-07-20,AUD,21M,3M BBSW,0.03588996178810559
2022-07-19,AUD,21M,3M BBSW,0.03549999999989351
2022-07-18,AUD,21M,3M BBSW,0.034199999999883726
2022-07-15,AUD,21M,3M BBSW,0.03400322103099384
2022-07-14,AUD,21M,3M BBSW,0.0347477138752584
2022-07-13,AUD,21M,3M BBSW,0.032998686956036444
2022-07-12,AUD,21M,3M BBSW,0.033199999999896736
2022-07-11,AUD,21M,3M BBSW,0.03449999999986636
2022-07-08,AUD,21M,3M BBSW,0.034095879834905876
2022-07-07,AUD,21M,3M BBSW,0.03324551111151619
2022-07-06,AUD,21M,3M BBSW,0.03259989982594116
2022-07-05,AUD,21M,3M BBSW,0.0340999999997934
2022-07-04,AUD,21M,3M BBSW,0.0327999999998725
2022-07-01,AUD,21M,3M BBSW,0.03254544622237881
2022-06-30,AUD,21M,3M BBSW,0.03520812147458464
2022-06-29,AUD,21M,3M BBSW,0.03565419586417596
2022-06-28,AUD,21M,3M BBSW,0.03549999999981927
2022-06-27,AUD,21M,3M BBSW,0.03509956766449254
2022-06-24,AUD,21M,3M BBSW,0.034841196688433905
2022-06-23,AUD,21M,3M BBSW,0.03588759939241646
2022-06-22,AUD,21M,3M BBSW,0.03679967516948666
2022-06-21,AUD,21M,3M BBSW,0.038499999999765416
2022-06-20,AUD,21M,3M BBSW,0.03919999999973869
2022-06-17,AUD,21M,3M BBSW,0.0398345516935444
2022-06-16,AUD,21M,3M BBSW,0.03947768357093863
2022-06-15,AUD,21M,3M BBSW,0.03969999999954831
2022-06-14,AUD,21M,3M BBSW,0.03829999999957054
2022-06-10,AUD,21M,3M BBSW,0.03474268756492332
2022-06-09,AUD,21M,3M BBSW,0.03309726000957884
2022-06-08,AUD,21M,3M BBSW,0.033599999999875736
2022-06-07,AUD,21M,3M BBSW,0.03229999999989585
2022-06-06,AUD,21M,3M BBSW,0.03119999999990332
2022-06-03,AUD,21M,3M BBSW,0.03124919683654627
2022-06-02,AUD,21M,3M BBSW,0.0313027847420704
2022-06-01,AUD,21M,3M BBSW,0.03039999999992037
2022-05-31,AUD,21M,3M BBSW,0.02959992398673871
2022-05-30,AUD,21M,3M BBSW,0.02849996387863639
2022-05-27,AUD,21M,3M BBSW,0.02859804883887282
2022-05-26,AUD,21M,3M BBSW,0.02809803678796903
2022-05-25,AUD,21M,3M BBSW,0.02805592490001384
2022-05-24,AUD,21M,3M BBSW,0.028612913462322517
2022-05-23,AUD,21M,3M BBSW,0.028399999999925818
2022-05-20,AUD,21M,3M BBSW,0.028098082454235153
2022-05-19,AUD,21M,3M BBSW,0.029297850404628522
2022-05-18,AUD,21M,3M BBSW,0.02975324560639518
2022-05-17,AUD,21M,3M BBSW,0.02951025329773314
2022-05-16,AUD,21M,3M BBSW,0.02869999999995981
2022-05-13,AUD,21M,3M BBSW,0.028897966015206233
2022-05-12,AUD,21M,3M BBSW,0.029697787924529102
2022-05-11,AUD,21M,3M BBSW,0.029753223253767058
2022-05-10,AUD,21M,3M BBSW,0.029909100346456753
2022-05-09,AUD,21M,3M BBSW,0.030799999999923448
2022-05-06,AUD,21M,3M BBSW,0.03099717381338107
2022-05-05,AUD,21M,3M BBSW,0.0300972901275216
2022-05-04,AUD,21M,3M BBSW,0.03125085617891934
2022-05-03,AUD,21M,3M BBSW,0.02811449556658726
2022-05-02,AUD,21M,3M BBSW,0.02769999999968288
2022-04-29,AUD,21M,3M BBSW,0.02759843262270547
2022-04-28,AUD,21M,3M BBSW,0.02685771455685414
2022-04-27,AUD,21M,3M BBSW,0.02661882760924831
2022-04-26,AUD,21M,3M BBSW,0.02578176898475828
2022-04-22,AUD,21M,3M BBSW,0.02629748188677548
2022-04-21,AUD,21M,3M BBSW,0.02356289302061406
2022-04-20,AUD,21M,3M BBSW,0.023328717045284702
2022-04-19,AUD,21M,3M BBSW,0.02239999999988123
2022-04-14,AUD,21M,3M BBSW,0.02226632558415993
2022-04-13,AUD,21M,3M BBSW,0.022331723852331828
2022-04-12,AUD,21M,3M BBSW,0.02299999999958516
2022-04-11,AUD,21M,3M BBSW,0.02339999999983525
2022-04-08,AUD,21M,3M BBSW,0.02319768406764156
2022-04-07,AUD,21M,3M BBSW,0.022762985135010648
2022-04-06,AUD,21M,3M BBSW,0.023428462282228862
2022-04-05,AUD,21M,3M BBSW,0.02019999999982188
2022-04-04,AUD,21M,3M BBSW,0.020599999999796063
2022-04-01,AUD,21M,3M BBSW,0.020765999750348228
2022-03-31,AUD,21M,3M BBSW,0.019961564156322262
2022-03-30,AUD,21M,3M BBSW,0.02063186437062398
2022-03-29,AUD,21M,3M BBSW,0.02110000000020669
2022-03-28,AUD,21M,3M BBSW,0.020299999999857713
2022-03-25,AUD,21M,3M BBSW,0.0191400541570815
2022-03-24,AUD,21M,3M BBSW,0.01831444019398876
2022-03-23,AUD,21M,3M BBSW,0.01868494410066948
2022-03-22,AUD,21M,3M BBSW,0.017899919176650042
2022-03-21,AUD,21M,3M BBSW,0.01620000000000494
2022-03-18,AUD,21M,3M BBSW,0.01609926434025093
2022-03-17,AUD,21M,3M BBSW,0.015475450996257589
2022-03-16,AUD,21M,3M BBSW,0.01505336635965826
2022-03-15,AUD,21M,3M BBSW,0.015700000000059
2022-03-14,AUD,21M,3M BBSW,0.015400000000001699
2022-03-11,AUD,21M,3M BBSW,0.01529911760950212
2022-03-10,AUD,21M,3M BBSW,0.014976119854125369
2022-03-09,AUD,21M,3M BBSW,0.01505336610274848
2022-03-08,AUD,21M,3M BBSW,0.01430000000001067
2022-03-07,AUD,21M,3M BBSW,0.0133999999999177
2022-03-04,AUD,21M,3M BBSW,0.01309950251494236
2022-03-03,AUD,21M,3M BBSW,0.01228057931178071
2022-03-02,AUD,21M,3M BBSW,0.01166380046440863
2022-03-01,AUD,21M,3M BBSW,0.012299999999996229
2022-02-28,AUD,21M,3M BBSW,0.012499769384913779
2022-02-25,AUD,21M,3M BBSW,0.013059447433218449
2022-02-24,AUD,21M,3M BBSW,0.01280000000000588
2025-11-03,AUD,2Y,3M BBSW,0.03570000000000015
2025-10-31,AUD,2Y,3M BBSW,0.03528499999975724
2025-10-30,AUD,2Y,3M BBSW,0.03533600000000015
2025-10-29,AUD,2Y,3M BBSW,0.03554700000000003
2025-10-28,AUD,2Y,3M BBSW,0.033998000000000125
2025-10-27,AUD,2Y,3M BBSW,0.03399800000000015
2025-10-24,AUD,2Y,3M BBSW,0.03324897523122021
2025-10-23,AUD,2Y,3M BBSW,0.033441999999952066
2025-10-22,AUD,2Y,3M BBSW,0.033045000000000074
2025-10-21,AUD,2Y,3M BBSW,0.03323700000003299
2025-10-20,AUD,2Y,3M BBSW,0.03301400000000274
2025-10-17,AUD,2Y,3M BBSW,0.03277796208974251
2025-10-16,AUD,2Y,3M BBSW,0.03277800000000009
2025-10-15,AUD,2Y,3M BBSW,0.03428300000000013
2025-10-14,AUD,2Y,3M BBSW,0.034289000000000194
2025-10-13,AUD,2Y,3M BBSW,0.03434400000002344
2025-10-10,AUD,2Y,3M BBSW,0.03491498622790894
2025-10-09,AUD,2Y,3M BBSW,0.034940000000000124
2025-10-08,AUD,2Y,3M BBSW,0.03454600000000007
2025-10-07,AUD,2Y,3M BBSW,0.03451400000000016
2025-10-03,AUD,2Y,3M BBSW,0.03439595134940384
2025-10-02,AUD,2Y,3M BBSW,0.03421376799183671
2025-10-01,AUD,2Y,3M BBSW,0.03450639084878731
2025-09-30,AUD,2Y,3M BBSW,0.03482799999979716
2025-09-29,AUD,2Y,3M BBSW,0.03440419304121916
2025-09-26,AUD,2Y,3M BBSW,0.03458937690381872
2025-09-25,AUD,2Y,3M BBSW,0.03455094396362307
2025-09-24,AUD,2Y,3M BBSW,0.03445499999999889
2025-09-23,AUD,2Y,3M BBSW,0.03328200000011865
2025-09-22,AUD,2Y,3M BBSW,0.03344461690898735
2025-09-19,AUD,2Y,3M BBSW,0.03309176417483699
2025-09-18,AUD,2Y,3M BBSW,0.03296025339605298
2025-09-17,AUD,2Y,3M BBSW,0.0331590000000016
2025-09-16,AUD,2Y,3M BBSW,0.03316100000000005
2025-09-15,AUD,2Y,3M BBSW,0.03313074808042819
2025-09-12,AUD,2Y,3M BBSW,0.033231199382225275
2025-09-11,AUD,2Y,3M BBSW,0.03300512818780895
2025-09-10,AUD,2Y,3M BBSW,0.0329409999995038
2025-09-09,AUD,2Y,3M BBSW,0.033269000000469104
2025-09-08,AUD,2Y,3M BBSW,0.03296126098616063
2025-09-05,AUD,2Y,3M BBSW,0.03306782134964201
2025-09-04,AUD,2Y,3M BBSW,0.03317369694130571
2025-09-03,AUD,2Y,3M BBSW,0.03345800000001906
2025-09-02,AUD,2Y,3M BBSW,0.03293100000000005
2025-09-01,AUD,2Y,3M BBSW,0.03284263055047881
2025-08-29,AUD,2Y,3M BBSW,0.03256336488749176
2025-08-28,AUD,2Y,3M BBSW,0.032420955050127674
2025-08-27,AUD,2Y,3M BBSW,0.03251734267738913
2025-08-26,AUD,2Y,3M BBSW,0.03252600000007121
2025-08-25,AUD,2Y,3M BBSW,0.03247200000004272
2025-08-22,AUD,2Y,3M BBSW,0.032534818326050534
2025-08-21,AUD,2Y,3M BBSW,0.03247574441896848
2025-08-20,AUD,2Y,3M BBSW,0.03230332665284307
2025-08-19,AUD,2Y,3M BBSW,0.03260999999976914
2025-08-18,AUD,2Y,3M BBSW,0.03244799999971407
2025-08-15,AUD,2Y,3M BBSW,0.03225679901626471
2025-08-14,AUD,2Y,3M BBSW,0.03238530240266672
2025-08-13,AUD,2Y,3M BBSW,0.03207233888426049
2025-08-12,AUD,2Y,3M BBSW,0.03238000000002804
2025-08-11,AUD,2Y,3M BBSW,0.03283700000002701
2025-08-08,AUD,2Y,3M BBSW,0.03268760355568509
2025-08-07,AUD,2Y,3M BBSW,0.03261635726121694
2025-08-06,AUD,2Y,3M BBSW,0.03263832095343672
2025-08-05,AUD,2Y,3M BBSW,0.032596000000028116
2025-08-01,AUD,2Y,3M BBSW,0.03289310040126673
2025-07-31,AUD,2Y,3M BBSW,0.03312553496976401
2025-07-30,AUD,2Y,3M BBSW,0.03285735017139797
2025-07-29,AUD,2Y,3M BBSW,0.03295600000002723
2025-07-28,AUD,2Y,3M BBSW,0.033245000000025
2025-07-25,AUD,2Y,3M BBSW,0.03335087228043498
2025-07-24,AUD,2Y,3M BBSW,0.03325053896668973
2025-07-23,AUD,2Y,3M BBSW,0.032871296916370134
2025-07-22,AUD,2Y,3M BBSW,0.03267600000002845
2025-07-21,AUD,2Y,3M BBSW,0.03261399999972822
2025-07-18,AUD,2Y,3M BBSW,0.032546467394263694
2025-07-17,AUD,2Y,3M BBSW,0.03236633260729059
2025-07-16,AUD,2Y,3M BBSW,0.033435272783451604
2025-07-15,AUD,2Y,3M BBSW,0.03380000000011424
2025-07-14,AUD,2Y,3M BBSW,0.03330600000002022
2025-07-11,AUD,2Y,3M BBSW,0.03304472334877989
2025-07-10,AUD,2Y,3M BBSW,0.03297566216159966
2025-07-09,AUD,2Y,3M BBSW,0.03289630118788582
2025-07-08,AUD,2Y,3M BBSW,0.033120999999983615
2025-07-07,AUD,2Y,3M BBSW,0.03193000000002607
2025-07-04,AUD,2Y,3M BBSW,0.03175763346946221
2025-07-03,AUD,2Y,3M BBSW,0.031867023571601406
2025-07-02,AUD,2Y,3M BBSW,0.031558348637003186
2025-07-01,AUD,2Y,3M BBSW,0.03145070645170008
2025-06-30,AUD,2Y,3M BBSW,0.03135500778404281
2025-06-27,AUD,2Y,3M BBSW,0.03136923631733745
2025-06-26,AUD,2Y,3M BBSW,0.03118795267237999
2025-06-25,AUD,2Y,3M BBSW,0.03139940718458472
2025-06-24,AUD,2Y,3M BBSW,0.03169400000003207
2025-06-23,AUD,2Y,3M BBSW,0.03203500000003027
2025-06-20,AUD,2Y,3M BBSW,0.03211376119383134
2025-06-19,AUD,2Y,3M BBSW,0.03219584194814737
2025-06-18,AUD,2Y,3M BBSW,0.0326170000000888
2025-06-17,AUD,2Y,3M BBSW,0.03230300000003226
2025-06-16,AUD,2Y,3M BBSW,0.03229700000003191
2025-06-13,AUD,2Y,3M BBSW,0.03207207889867368
2025-06-12,AUD,2Y,3M BBSW,0.031782570495659426
2025-06-11,AUD,2Y,3M BBSW,0.03242600000008935
2025-06-10,AUD,2Y,3M BBSW,0.03273900000002903
2025-06-06,AUD,2Y,3M BBSW,0.03292516318491225
2025-06-05,AUD,2Y,3M BBSW,0.03227961576100333
2025-06-04,AUD,2Y,3M BBSW,0.03180000000009405
2025-06-03,AUD,2Y,3M BBSW,0.031920000000025206
2025-06-02,AUD,2Y,3M BBSW,0.03247100000003275
2025-05-30,AUD,2Y,3M BBSW,0.032287074918122986
2025-05-29,AUD,2Y,3M BBSW,0.03259051206490297
2025-05-28,AUD,2Y,3M BBSW,0.03336033044080835
2025-05-27,AUD,2Y,3M BBSW,0.0326363409636354
2025-05-26,AUD,2Y,3M BBSW,0.03271200000010285
2025-05-23,AUD,2Y,3M BBSW,0.03287205230124404
2025-05-22,AUD,2Y,3M BBSW,0.03310764393502318
2025-05-21,AUD,2Y,3M BBSW,0.03359815699043333
2025-05-20,AUD,2Y,3M BBSW,0.03296130433089631
2025-05-19,AUD,2Y,3M BBSW,0.03488399999994159
2025-05-16,AUD,2Y,3M BBSW,0.035086923608939176
2025-05-15,AUD,2Y,3M BBSW,0.03472434522797804
2025-05-14,AUD,2Y,3M BBSW,0.03494650370290357
2025-05-13,AUD,2Y,3M BBSW,0.03465422963187264
2025-05-12,AUD,2Y,3M BBSW,0.03436200000002589
2025-05-09,AUD,2Y,3M BBSW,0.03294794728966524
2025-05-08,AUD,2Y,3M BBSW,0.032900193192612844
2025-05-07,AUD,2Y,3M BBSW,0.032280350658819026
2025-05-06,AUD,2Y,3M BBSW,0.03264132615319407
2025-05-05,AUD,2Y,3M BBSW,0.03272400000002314
2025-05-02,AUD,2Y,3M BBSW,0.03265170470947757
2025-05-01,AUD,2Y,3M BBSW,0.03203221251669048
2025-04-30,AUD,2Y,3M BBSW,0.03198932235346857
2025-04-29,AUD,2Y,3M BBSW,0.03179400000007099
2025-04-28,AUD,2Y,3M BBSW,0.03182600000002315
2025-04-24,AUD,2Y,3M BBSW,0.03211137986363029
2025-04-23,AUD,2Y,3M BBSW,0.032805309734104914
2025-04-22,AUD,2Y,3M BBSW,0.03234800000003821
2025-04-17,AUD,2Y,3M BBSW,0.03226031035057243
2025-04-16,AUD,2Y,3M BBSW,0.03215034424899256
2025-04-15,AUD,2Y,3M BBSW,0.03244000000004442
2025-04-14,AUD,2Y,3M BBSW,0.03224800000004933
2025-04-11,AUD,2Y,3M BBSW,0.032555863292245586
2025-04-10,AUD,2Y,3M BBSW,0.031677882214378755
2025-04-09,AUD,2Y,3M BBSW,0.03273931206956687
2025-04-08,AUD,2Y,3M BBSW,0.031986000000049246
2025-04-07,AUD,2Y,3M BBSW,0.033748000000027846
2025-04-04,AUD,2Y,3M BBSW,0.03344943631774095
2025-03-28,AUD,2Y,3M BBSW,0.036599216239638126
2025-03-27,AUD,2Y,3M BBSW,0.03678250548267414
2025-03-26,AUD,2Y,3M BBSW,0.03679114636101339
2025-03-25,AUD,2Y,3M BBSW,0.03697845016771997
2025-03-24,AUD,2Y,3M BBSW,0.036709000000037656
2025-03-21,AUD,2Y,3M BBSW,0.03662822433957593
2025-03-20,AUD,2Y,3M BBSW,0.03667008091626768
2025-03-19,AUD,2Y,3M BBSW,0.03707823483936018
2025-03-18,AUD,2Y,3M BBSW,0.03708600000001813
2025-03-17,AUD,2Y,3M BBSW,0.03698500000001923
2025-03-14,AUD,2Y,3M BBSW,0.03681219875207462
2025-03-13,AUD,2Y,3M BBSW,0.03669501311762879
2025-03-12,AUD,2Y,3M BBSW,0.03709822207851945
2025-03-11,AUD,2Y,3M BBSW,0.03687200000002025
2025-03-10,AUD,2Y,3M BBSW,0.03662500000002139
2025-03-07,AUD,2Y,3M BBSW,0.036993764861009366
2025-03-06,AUD,2Y,3M BBSW,0.03723406038091446
2025-03-05,AUD,2Y,3M BBSW,0.0376501647498351
2025-03-04,AUD,2Y,3M BBSW,0.0372460000000307
2025-03-03,AUD,2Y,3M BBSW,0.03686300000003488
2025-02-28,AUD,2Y,3M BBSW,0.03734866016849431
2025-02-27,AUD,2Y,3M BBSW,0.03750175147657377
2025-02-26,AUD,2Y,3M BBSW,0.03762000000000022
2025-02-25,AUD,2Y,3M BBSW,0.03775150390523753
2025-02-24,AUD,2Y,3M BBSW,0.037996034682131696
2025-02-21,AUD,2Y,3M BBSW,0.03856495137763361
2025-02-20,AUD,2Y,3M BBSW,0.03885108702507917
2025-02-19,AUD,2Y,3M BBSW,0.03873999999969055
2025-02-18,AUD,2Y,3M BBSW,0.03893247523259836
2025-02-17,AUD,2Y,3M BBSW,0.03829300889793799
2025-02-14,AUD,2Y,3M BBSW,0.03813849790257588
2025-02-13,AUD,2Y,3M BBSW,0.03788752570310801
2025-02-12,AUD,2Y,3M BBSW,0.0387799999998607
2025-02-11,AUD,2Y,3M BBSW,0.03823948973808448
2025-02-10,AUD,2Y,3M BBSW,0.03767206952971925
2025-02-07,AUD,2Y,3M BBSW,0.03769016780995029
2025-02-06,AUD,2Y,3M BBSW,0.03716036845931778
2025-02-05,AUD,2Y,3M BBSW,0.03716200000010911
2025-02-04,AUD,2Y,3M BBSW,0.0376740035085545
2025-02-03,AUD,2Y,3M BBSW,0.03761711976489859
2025-01-31,AUD,2Y,3M BBSW,0.03774506634253559
2025-01-30,AUD,2Y,3M BBSW,0.037736059746210186
2025-01-29,AUD,2Y,3M BBSW,0.037803999999999865
2025-01-28,AUD,2Y,3M BBSW,0.038378000000033434
2025-01-24,AUD,2Y,3M BBSW,0.03870826465634642
2025-01-23,AUD,2Y,3M BBSW,0.03874232314165527
2025-01-22,AUD,2Y,3M BBSW,0.03910399999977011
2025-01-21,AUD,2Y,3M BBSW,0.03891847378246623
2025-01-20,AUD,2Y,3M BBSW,0.038888437190239176
2025-01-17,AUD,2Y,3M BBSW,0.03926098653780129
2025-01-16,AUD,2Y,3M BBSW,0.03905253020817078
2025-01-15,AUD,2Y,3M BBSW,0.03913299999996674
2025-01-14,AUD,2Y,3M BBSW,0.03987999999952796
2025-01-13,AUD,2Y,3M BBSW,0.03977263922282915
2025-01-10,AUD,2Y,3M BBSW,0.03938383417232568
2025-01-09,AUD,2Y,3M BBSW,0.03842012911832819
2025-01-08,AUD,2Y,3M BBSW,0.03899599999996463
2025-01-07,AUD,2Y,3M BBSW,0.03937899999996652
2025-01-06,AUD,2Y,3M BBSW,0.03887239749543411
2025-01-03,AUD,2Y,3M BBSW,0.03837586123693192
2025-01-02,AUD,2Y,3M BBSW,0.038282473345511596
2024-12-31,AUD,2Y,3M BBSW,0.03835600000013891
2024-12-30,AUD,2Y,3M BBSW,0.03855560584984243
2024-12-27,AUD,2Y,3M BBSW,0.03838883823416888
2024-12-24,AUD,2Y,3M BBSW,0.03878199999957512
2024-12-23,AUD,2Y,3M BBSW,0.03894058357615622
2024-12-20,AUD,2Y,3M BBSW,0.03922451775092113
2024-12-19,AUD,2Y,3M BBSW,0.03935673581712041
2024-12-18,AUD,2Y,3M BBSW,0.0389879999999639
2024-12-17,AUD,2Y,3M BBSW,0.03861999999996435
2024-12-16,AUD,2Y,3M BBSW,0.03881683505736272
2024-12-13,AUD,2Y,3M BBSW,0.038916984408537234
2024-12-12,AUD,2Y,3M BBSW,0.03879618159967065
2024-12-11,AUD,2Y,3M BBSW,0.037747999999965455
2024-12-10,AUD,2Y,3M BBSW,0.0378459999999621
2024-12-09,AUD,2Y,3M BBSW,0.03883078810608722
2024-12-06,AUD,2Y,3M BBSW,0.03862693752589527
2024-12-05,AUD,2Y,3M BBSW,0.03894978911826513
2024-12-04,AUD,2Y,3M BBSW,0.03872199999996155
2024-12-03,AUD,2Y,3M BBSW,0.03994999999996542
2024-12-02,AUD,2Y,3M BBSW,0.03982444216110285
2024-11-29,AUD,2Y,3M BBSW,0.03983052997628517
2024-11-28,AUD,2Y,3M BBSW,0.039968633655163656
2024-11-27,AUD,2Y,3M BBSW,0.040092999999967224
2024-11-26,AUD,2Y,3M BBSW,0.040348000000023615
2024-11-25,AUD,2Y,3M BBSW,0.040384414972608945
2024-11-22,AUD,2Y,3M BBSW,0.040792914704159335
2024-11-21,AUD,2Y,3M BBSW,0.04098251824901941
2024-11-20,AUD,2Y,3M BBSW,0.04090499999979551
2024-11-19,AUD,2Y,3M BBSW,0.040710999999926514
2024-11-18,AUD,2Y,3M BBSW,0.0405004123308945
2024-11-15,AUD,2Y,3M BBSW,0.04115907111379892
2024-11-14,AUD,2Y,3M BBSW,0.04168371709475748
2024-11-13,AUD,2Y,3M BBSW,0.04182799999997114
2024-11-12,AUD,2Y,3M BBSW,0.04169900000002245
2024-11-11,AUD,2Y,3M BBSW,0.041206391578503095
2024-11-08,AUD,2Y,3M BBSW,0.040760918424357785
2024-11-07,AUD,2Y,3M BBSW,0.04081296079288739
2024-11-06,AUD,2Y,3M BBSW,0.04110899999996545
2024-11-05,AUD,2Y,3M BBSW,0.04106699999992705
2024-11-04,AUD,2Y,3M BBSW,0.040526840511190196
2024-11-01,AUD,2Y,3M BBSW,0.040679042736516076
2024-10-31,AUD,2Y,3M BBSW,0.04107587358452365
2024-10-30,AUD,2Y,3M BBSW,0.04089799999998053
2024-10-29,AUD,2Y,3M BBSW,0.040135000000018975
2024-10-28,AUD,2Y,3M BBSW,0.04002800000002054
2024-10-24,AUD,2Y,3M BBSW,0.039667416174307905
2024-10-23,AUD,2Y,3M BBSW,0.040359999999968296
2024-10-22,AUD,2Y,3M BBSW,0.04010299999997637
2024-10-21,AUD,2Y,3M BBSW,0.03955943939280865
2024-10-17,AUD,2Y,3M BBSW,0.03926495110934949
2024-10-16,AUD,2Y,3M BBSW,0.03830600000013319
2024-10-15,AUD,2Y,3M BBSW,0.03858400000002183
2024-10-14,AUD,2Y,3M BBSW,0.03882499999997511
2024-10-11,AUD,2Y,3M BBSW,0.03884140541072738
2024-10-10,AUD,2Y,3M BBSW,0.038644556916766784
2024-10-09,AUD,2Y,3M BBSW,0.03887999999992616
2024-10-08,AUD,2Y,3M BBSW,0.038468999999974815
2024-10-04,AUD,2Y,3M BBSW,0.03814732798921535
2024-10-03,AUD,2Y,3M BBSW,0.03688448438242534
2024-10-02,AUD,2Y,3M BBSW,0.03674199999992572
2024-10-01,AUD,2Y,3M BBSW,0.03652223644888149
2024-09-30,AUD,2Y,3M BBSW,0.03656251364152973
2024-09-27,AUD,2Y,3M BBSW,0.03603567575088888
2024-09-26,AUD,2Y,3M BBSW,0.03611542907624703
2024-09-25,AUD,2Y,3M BBSW,0.03590048319744994
2024-09-24,AUD,2Y,3M BBSW,0.03556400000003077
2024-09-23,AUD,2Y,3M BBSW,0.03659151032458378
2024-09-20,AUD,2Y,3M BBSW,0.03643212813621544
2024-09-19,AUD,2Y,3M BBSW,0.036304429428541514
2024-09-18,AUD,2Y,3M BBSW,0.036100000000020296
2024-09-17,AUD,2Y,3M BBSW,0.03570500000002027
2024-09-16,AUD,2Y,3M BBSW,0.0352935444496577
2024-09-13,AUD,2Y,3M BBSW,0.03560031849077644
2024-09-12,AUD,2Y,3M BBSW,0.03592240411049171
2024-09-11,AUD,2Y,3M BBSW,0.036365999999960846
2024-09-10,AUD,2Y,3M BBSW,0.036276999999961285
2024-09-09,AUD,2Y,3M BBSW,0.03677604641543742
2024-09-06,AUD,2Y,3M BBSW,0.0365455829129508
2024-09-05,AUD,2Y,3M BBSW,0.03694977492120939
2024-09-04,AUD,2Y,3M BBSW,0.03662799999997891
2024-09-03,AUD,2Y,3M BBSW,0.03720799999998006
2024-09-02,AUD,2Y,3M BBSW,0.03783847553325474
2024-08-30,AUD,2Y,3M BBSW,0.03740428628490549
2024-08-29,AUD,2Y,3M BBSW,0.03716306485873973
2024-08-27,AUD,2Y,3M BBSW,0.036484999999978396
2024-08-26,AUD,2Y,3M BBSW,0.03643399999998066
2024-08-23,AUD,2Y,3M BBSW,0.03687663153743431
2024-08-22,AUD,2Y,3M BBSW,0.03714902491751023
2024-08-21,AUD,2Y,3M BBSW,0.03703419621351473
2024-08-20,AUD,2Y,3M BBSW,0.03717300000006855
2024-08-19,AUD,2Y,3M BBSW,0.03754900000047002
2024-08-16,AUD,2Y,3M BBSW,0.03747674577369268
2024-08-15,AUD,2Y,3M BBSW,0.03798643458997159
2024-08-14,AUD,2Y,3M BBSW,0.03681750849271793
2024-08-13,AUD,2Y,3M BBSW,0.03750299999992726
2024-08-12,AUD,2Y,3M BBSW,0.03809599999998112
2024-08-09,AUD,2Y,3M BBSW,0.03824160673550818
2024-08-08,AUD,2Y,3M BBSW,0.03841064086708188
2024-08-07,AUD,2Y,3M BBSW,0.03834112870931594
2024-08-06,AUD,2Y,3M BBSW,0.038479999999940805
2024-08-02,AUD,2Y,3M BBSW,0.03736477538834295
2024-08-01,AUD,2Y,3M BBSW,0.03849530449754697
2024-07-31,AUD,2Y,3M BBSW,0.03918046229715811
2024-07-30,AUD,2Y,3M BBSW,0.04139899999989395
2024-07-29,AUD,2Y,3M BBSW,0.04183799999996338
2024-07-26,AUD,2Y,3M BBSW,0.04139376401060918
2024-07-24,AUD,2Y,3M BBSW,0.041972368302742084
2024-07-23,AUD,2Y,3M BBSW,0.04225099999997161
2024-07-22,AUD,2Y,3M BBSW,0.042050999999963284
2024-07-19,AUD,2Y,3M BBSW,0.04203420152476288
2024-07-18,AUD,2Y,3M BBSW,0.04168934262285418
2024-07-17,AUD,2Y,3M BBSW,0.041382945594973346
2024-07-16,AUD,2Y,3M BBSW,0.041534999999909096
2024-07-15,AUD,2Y,3M BBSW,0.042029999999963284
2024-07-12,AUD,2Y,3M BBSW,0.042319595300160516
2024-07-11,AUD,2Y,3M BBSW,0.04262820904558287
2024-07-10,AUD,2Y,3M BBSW,0.04301584293778701
2024-07-09,AUD,2Y,3M BBSW,0.04316899999991801
2024-07-08,AUD,2Y,3M BBSW,0.0433089999999803
2024-07-05,AUD,2Y,3M BBSW,0.04332733143978644
2024-07-04,AUD,2Y,3M BBSW,0.043581388141615406
2024-07-03,AUD,2Y,3M BBSW,0.043589486075483116
2024-07-02,AUD,2Y,3M BBSW,0.04354799999991663
2024-07-01,AUD,2Y,3M BBSW,0.04369471853413443
2024-06-28,AUD,2Y,3M BBSW,0.04364435726319882
2024-06-27,AUD,2Y,3M BBSW,0.043241441778433976
2024-06-26,AUD,2Y,3M BBSW,0.04409346123593545
2024-06-24,AUD,2Y,3M BBSW,0.04191500000008208
2024-06-21,AUD,2Y,3M BBSW,0.04170272864818205
2024-06-20,AUD,2Y,3M BBSW,0.041824188488417714
2024-06-19,AUD,2Y,3M BBSW,0.04175799999991667
2024-06-18,AUD,2Y,3M BBSW,0.04146499999998133
2024-06-17,AUD,2Y,3M BBSW,0.04094599999998001
2024-06-14,AUD,2Y,3M BBSW,0.040838516994871205
2024-06-13,AUD,2Y,3M BBSW,0.041025308819873124
2024-06-12,AUD,2Y,3M BBSW,0.041378999999899316
2024-06-11,AUD,2Y,3M BBSW,0.042002000000022036
2024-06-07,AUD,2Y,3M BBSW,0.04202606175784088
2024-06-06,AUD,2Y,3M BBSW,0.041391615310888724
2024-06-05,AUD,2Y,3M BBSW,0.04147999999991986
2024-06-04,AUD,2Y,3M BBSW,0.0415639999999803
2024-06-03,AUD,2Y,3M BBSW,0.042103999999979186
2024-05-31,AUD,2Y,3M BBSW,0.042799922296133344
2024-05-30,AUD,2Y,3M BBSW,0.04264128048883875
2024-05-29,AUD,2Y,3M BBSW,0.04308716546793086
2024-05-28,AUD,2Y,3M BBSW,0.0425045413762713
2024-05-27,AUD,2Y,3M BBSW,0.041951000000472416
2024-05-24,AUD,2Y,3M BBSW,0.042229226403713176
2024-05-23,AUD,2Y,3M BBSW,0.041972449627069454
2024-05-22,AUD,2Y,3M BBSW,0.04194014517038608
2024-05-21,AUD,2Y,3M BBSW,0.041405980353439634
2024-05-20,AUD,2Y,3M BBSW,0.04156900000049978
2024-05-17,AUD,2Y,3M BBSW,0.04138349019765562
2024-05-16,AUD,2Y,3M BBSW,0.041298267406978166
2024-05-15,AUD,2Y,3M BBSW,0.041698316546891295
2024-05-14,AUD,2Y,3M BBSW,0.042371654697433606
2024-05-13,AUD,2Y,3M BBSW,0.04224900000050198
2024-05-10,AUD,2Y,3M BBSW,0.042636654135306234
2024-05-09,AUD,2Y,3M BBSW,0.04246710065975573
2024-05-08,AUD,2Y,3M BBSW,0.04260405122503111
2024-05-07,AUD,2Y,3M BBSW,0.04206096063696292
2024-05-06,AUD,2Y,3M BBSW,0.043217000000480635
2024-05-03,AUD,2Y,3M BBSW,0.042940691089493735
2024-05-02,AUD,2Y,3M BBSW,0.043045920120384065
2024-05-01,AUD,2Y,3M BBSW,0.043688873479816245
2024-04-30,AUD,2Y,3M BBSW,0.04359399999997532
2024-04-29,AUD,2Y,3M BBSW,0.04363500000007278
2024-04-26,AUD,2Y,3M BBSW,0.04384262388333901
2024-04-24,AUD,2Y,3M BBSW,0.04321626643764354
2024-04-23,AUD,2Y,3M BBSW,0.04152799999997869
2024-04-22,AUD,2Y,3M BBSW,0.04151999999996722
2024-04-19,AUD,2Y,3M BBSW,0.04145893713959878
2024-04-18,AUD,2Y,3M BBSW,0.04166666348702629
2024-04-17,AUD,2Y,3M BBSW,0.04186691802393469
2024-04-16,AUD,2Y,3M BBSW,0.041948000000019955
2024-04-15,AUD,2Y,3M BBSW,0.041454000000458915
2024-04-12,AUD,2Y,3M BBSW,0.04095527163532606
2024-04-11,AUD,2Y,3M BBSW,0.041318934733184196
2024-04-10,AUD,2Y,3M BBSW,0.041055965587302914
2024-04-09,AUD,2Y,3M BBSW,0.03997800000046627
2024-04-08,AUD,2Y,3M BBSW,0.040376000000438124
2024-04-04,AUD,2Y,3M BBSW,0.03975396702642887
2024-04-03,AUD,2Y,3M BBSW,0.03984098339811606
2024-04-02,AUD,2Y,3M BBSW,0.0399690000000781
2024-03-28,AUD,2Y,3M BBSW,0.039237878906027424
2024-03-27,AUD,2Y,3M BBSW,0.03937413655068446
2024-03-26,AUD,2Y,3M BBSW,0.03960008083579727
2024-03-25,AUD,2Y,3M BBSW,0.03944010984580727
2024-03-22,AUD,2Y,3M BBSW,0.0394669778726432
2024-03-21,AUD,2Y,3M BBSW,0.039707587971193996
2024-03-20,AUD,2Y,3M BBSW,0.03940111763388021
2024-03-19,AUD,2Y,3M BBSW,0.03964899999997749
2024-03-18,AUD,2Y,3M BBSW,0.040237000000077405
2024-03-15,AUD,2Y,3M BBSW,0.0404967250704346
2024-03-14,AUD,2Y,3M BBSW,0.040316096883325846
2024-03-13,AUD,2Y,3M BBSW,0.03972209096916082
2024-03-12,AUD,2Y,3M BBSW,0.03941700000006134
2024-03-11,AUD,2Y,3M BBSW,0.03917400000043098
2024-03-08,AUD,2Y,3M BBSW,0.03930634611027764
2024-03-07,AUD,2Y,3M BBSW,0.03956048361691542
2024-03-06,AUD,2Y,3M BBSW,0.03967109686872593
2024-03-05,AUD,2Y,3M BBSW,0.03975300000006273
2024-03-04,AUD,2Y,3M BBSW,0.040199000000074724
2024-03-01,AUD,2Y,3M BBSW,0.04000997716722885
2024-02-29,AUD,2Y,3M BBSW,0.040275324980705296
2024-02-28,AUD,2Y,3M BBSW,0.04018213787360675
2024-02-27,AUD,2Y,3M BBSW,0.04067299999961195
2024-02-26,AUD,2Y,3M BBSW,0.04041955722879067
2024-02-23,AUD,2Y,3M BBSW,0.04053176741994981
2024-02-22,AUD,2Y,3M BBSW,0.04036357838416025
2024-02-21,AUD,2Y,3M BBSW,0.04031840633734366
2024-02-20,AUD,2Y,3M BBSW,0.04008800000006224
2024-02-19,AUD,2Y,3M BBSW,0.04037345740786875
2024-02-16,AUD,2Y,3M BBSW,0.04071473294896889
2024-02-15,AUD,2Y,3M BBSW,0.0404887141067703
2024-02-14,AUD,2Y,3M BBSW,0.040959251358232175
2024-02-13,AUD,2Y,3M BBSW,0.041153999999976015
2024-02-12,AUD,2Y,3M BBSW,0.040408444398594125
2024-02-09,AUD,2Y,3M BBSW,0.040351809562166975
2024-02-08,AUD,2Y,3M BBSW,0.03977440306116714
2024-02-07,AUD,2Y,3M BBSW,0.03959421409341437
2024-02-06,AUD,2Y,3M BBSW,0.03947500000005689
2024-02-05,AUD,2Y,3M BBSW,0.03978244168367478
2024-02-02,AUD,2Y,3M BBSW,0.03920353650784429
2024-02-01,AUD,2Y,3M BBSW,0.03836335766434621
2024-01-31,AUD,2Y,3M BBSW,0.03849800800499012
2024-01-30,AUD,2Y,3M BBSW,0.03982799999996993
2024-01-29,AUD,2Y,3M BBSW,0.03997100000006378
2024-01-25,AUD,2Y,3M BBSW,0.04017012864036336
2024-01-24,AUD,2Y,3M BBSW,0.04061596366829177
2024-01-23,AUD,2Y,3M BBSW,0.040619000000045945
2024-01-22,AUD,2Y,3M BBSW,0.04052100000005633
2024-01-19,AUD,2Y,3M BBSW,0.041161002444380784
2024-01-18,AUD,2Y,3M BBSW,0.04096755672848858
2024-01-17,AUD,2Y,3M BBSW,0.040926858045319744
2024-01-16,AUD,2Y,3M BBSW,0.040267999999976115
2024-01-15,AUD,2Y,3M BBSW,0.03975899999960039
2024-01-12,AUD,2Y,3M BBSW,0.03929201916944142
2024-01-11,AUD,2Y,3M BBSW,0.0394208891847856
2024-01-10,AUD,2Y,3M BBSW,0.04014482772096797
2024-01-09,AUD,2Y,3M BBSW,0.039761000000019406
2024-01-08,AUD,2Y,3M BBSW,0.04026499999962065
2024-01-05,AUD,2Y,3M BBSW,0.040701586986246735
2024-01-04,AUD,2Y,3M BBSW,0.04021230005533919
2024-01-03,AUD,2Y,3M BBSW,0.03951840387139288
2024-01-02,AUD,2Y,3M BBSW,0.03954199999997694
2023-12-29,AUD,2Y,3M BBSW,0.03886576736596687
2023-12-28,AUD,2Y,3M BBSW,0.03871234396239197
2023-12-27,AUD,2Y,3M BBSW,0.03880532682862548
2023-12-22,AUD,2Y,3M BBSW,0.03951232017139072
2023-12-21,AUD,2Y,3M BBSW,0.03928050328844737
2023-12-20,AUD,2Y,3M BBSW,0.03948358294627071
2023-12-19,AUD,2Y,3M BBSW,0.0401279999996199
2023-12-18,AUD,2Y,3M BBSW,0.0399959999996124
2023-12-15,AUD,2Y,3M BBSW,0.040223049891775296
2023-12-14,AUD,2Y,3M BBSW,0.0402796989297834
2023-12-13,AUD,2Y,3M BBSW,0.03985862203255451
2023-12-12,AUD,2Y,3M BBSW,0.04192400000005196
2023-12-11,AUD,2Y,3M BBSW,0.04197600000005659
2023-12-07,AUD,2Y,3M BBSW,0.04160551718055952
2023-12-06,AUD,2Y,3M BBSW,0.041104390995212424
2023-12-05,AUD,2Y,3M BBSW,0.04178700000044058
2023-12-04,AUD,2Y,3M BBSW,0.043200999999976994
2023-12-01,AUD,2Y,3M BBSW,0.04282763417427139
2023-11-30,AUD,2Y,3M BBSW,0.04338405732856966
2023-11-29,AUD,2Y,3M BBSW,0.043011713593136915
2023-11-28,AUD,2Y,3M BBSW,0.04387900000007903
2023-11-27,AUD,2Y,3M BBSW,0.04428000000046722
2023-11-24,AUD,2Y,3M BBSW,0.044553962673510396
2023-11-23,AUD,2Y,3M BBSW,0.04429446440558648
2023-11-22,AUD,2Y,3M BBSW,0.044352962793349014
2023-11-21,AUD,2Y,3M BBSW,0.04344499999998088
2023-11-20,AUD,2Y,3M BBSW,0.04390000000047681
2023-11-17,AUD,2Y,3M BBSW,0.04369574164177144
2023-11-16,AUD,2Y,3M BBSW,0.04337776240307496
2023-11-15,AUD,2Y,3M BBSW,0.044544251837639506
2023-11-14,AUD,2Y,3M BBSW,0.044485000000020876
2023-11-13,AUD,2Y,3M BBSW,0.04532799999997752
2023-11-10,AUD,2Y,3M BBSW,0.04483785826447135
2023-11-09,AUD,2Y,3M BBSW,0.04479874333525482
2023-11-08,AUD,2Y,3M BBSW,0.044042753250747274
2023-11-07,AUD,2Y,3M BBSW,0.044205999999977263
2023-11-06,AUD,2Y,3M BBSW,0.04519999999997786
2023-11-03,AUD,2Y,3M BBSW,0.0446351198045355
2023-11-02,AUD,2Y,3M BBSW,0.04504273392610174
2023-11-01,AUD,2Y,3M BBSW,0.04515392220416256
2023-10-31,AUD,2Y,3M BBSW,0.046502000000160804
2023-10-30,AUD,2Y,3M BBSW,0.04595900000002176
2023-10-26,AUD,2Y,3M BBSW,0.04508248192483883
2023-10-25,AUD,2Y,3M BBSW,0.0447855268769608
2023-10-24,AUD,2Y,3M BBSW,0.044180000000065146
2023-10-23,AUD,2Y,3M BBSW,0.043924000000067125
2023-10-20,AUD,2Y,3M BBSW,0.043990493964693414
2023-10-19,AUD,2Y,3M BBSW,0.044040849388819636
2023-10-18,AUD,2Y,3M BBSW,0.0443583845263466
2023-10-17,AUD,2Y,3M BBSW,0.044254999999977035
2023-10-16,AUD,2Y,3M BBSW,0.0423940000004651
2023-10-12,AUD,2Y,3M BBSW,0.04222520185756653
2023-10-11,AUD,2Y,3M BBSW,0.04171678344397331
2023-10-10,AUD,2Y,3M BBSW,0.042100000000419774
2023-10-09,AUD,2Y,3M BBSW,0.04175200000041923
2023-10-05,AUD,2Y,3M BBSW,0.04257991093317746
2023-10-04,AUD,2Y,3M BBSW,0.04295105195630976
2023-10-03,AUD,2Y,3M BBSW,0.04342900000007548
2023-09-29,AUD,2Y,3M BBSW,0.043138249904814116
2023-09-28,AUD,2Y,3M BBSW,0.04335514414553783
2023-09-27,AUD,2Y,3M BBSW,0.0430795022613073
2023-09-26,AUD,2Y,3M BBSW,0.04316271726384108
2023-09-25,AUD,2Y,3M BBSW,0.04317932020589146
2023-09-22,AUD,2Y,3M BBSW,0.04303361679339265
2023-09-21,AUD,2Y,3M BBSW,0.04328225531578542
2023-09-20,AUD,2Y,3M BBSW,0.04345855686476761
2023-09-19,AUD,2Y,3M BBSW,0.042735999999596964
2023-09-18,AUD,2Y,3M BBSW,0.04209200000005654
2023-09-15,AUD,2Y,3M BBSW,0.04160339874674937
2023-09-14,AUD,2Y,3M BBSW,0.04141532230047458
2023-09-13,AUD,2Y,3M BBSW,0.041502454055690495
2023-09-12,AUD,2Y,3M BBSW,0.04149300000006147
2023-09-11,AUD,2Y,3M BBSW,0.041647000000064424
2023-09-08,AUD,2Y,3M BBSW,0.04153479550012717
2023-09-07,AUD,2Y,3M BBSW,0.04149527106871827
2023-09-06,AUD,2Y,3M BBSW,0.04142268138661928
2023-09-05,AUD,2Y,3M BBSW,0.04139700000007843
2023-09-04,AUD,2Y,3M BBSW,0.041577000000068816
2023-09-01,AUD,2Y,3M BBSW,0.04104406748404338
2023-08-31,AUD,2Y,3M BBSW,0.04115234598583535
2023-08-30,AUD,2Y,3M BBSW,0.041296096609344655
2023-08-28,AUD,2Y,3M BBSW,0.04201599999998032
2023-08-25,AUD,2Y,3M BBSW,0.04202707334601972
2023-08-24,AUD,2Y,3M BBSW,0.04190456262524592
2023-08-23,AUD,2Y,3M BBSW,0.04155462646642362
2023-08-22,AUD,2Y,3M BBSW,0.04230986915619818
2023-08-21,AUD,2Y,3M BBSW,0.042508000000495205
2023-08-18,AUD,2Y,3M BBSW,0.04220633735953502
2023-08-17,AUD,2Y,3M BBSW,0.042532643141607866
2023-08-16,AUD,2Y,3M BBSW,0.042486186628496736
2023-08-15,AUD,2Y,3M BBSW,0.04261472534380037
2023-08-14,AUD,2Y,3M BBSW,0.04299099999998084
2023-08-11,AUD,2Y,3M BBSW,0.042419440365059666
2023-08-10,AUD,2Y,3M BBSW,0.041743799594295555
2023-08-09,AUD,2Y,3M BBSW,0.04175906852062777
2023-08-08,AUD,2Y,3M BBSW,0.04150193636560883
2023-08-04,AUD,2Y,3M BBSW,0.04171468196026967
2023-08-03,AUD,2Y,3M BBSW,0.04192958832820767
2023-08-02,AUD,2Y,3M BBSW,0.04140334740759005
2023-08-01,AUD,2Y,3M BBSW,0.04191591272038861
2023-07-31,AUD,2Y,3M BBSW,0.043082000000020645
2023-07-28,AUD,2Y,3M BBSW,0.042918643220876594
2023-07-27,AUD,2Y,3M BBSW,0.04361167284372654
2023-07-25,AUD,2Y,3M BBSW,0.04470756259293928
2023-07-24,AUD,2Y,3M BBSW,0.04427499999996494
2023-07-21,AUD,2Y,3M BBSW,0.04447666296225628
2023-07-20,AUD,2Y,3M BBSW,0.04441344203410488
2023-07-19,AUD,2Y,3M BBSW,0.04341901243946469
2023-07-18,AUD,2Y,3M BBSW,0.043911460822167195
2023-07-17,AUD,2Y,3M BBSW,0.04386399999996369
2023-07-14,AUD,2Y,3M BBSW,0.044146857523813726
2023-07-13,AUD,2Y,3M BBSW,0.043443521798654745
2023-07-12,AUD,2Y,3M BBSW,0.04390428286061396
2023-07-11,AUD,2Y,3M BBSW,0.04530468867976853
2023-07-10,AUD,2Y,3M BBSW,0.045736999999962814
2023-07-07,AUD,2Y,3M BBSW,0.046688838928688664
2023-07-06,AUD,2Y,3M BBSW,0.0465480316969156
2023-07-05,AUD,2Y,3M BBSW,0.04502460460321036
2023-07-04,AUD,2Y,3M BBSW,0.044518743560401246
2023-07-03,AUD,2Y,3M BBSW,0.044787999999980954
2023-06-30,AUD,2Y,3M BBSW,0.0450067918230464
2023-06-29,AUD,2Y,3M BBSW,0.0444973432175521
2023-06-28,AUD,2Y,3M BBSW,0.043100970371265444
2023-06-27,AUD,2Y,3M BBSW,0.044099000000422245
2023-06-26,AUD,2Y,3M BBSW,0.04378670187866542
2023-06-22,AUD,2Y,3M BBSW,0.04490595583915909
2023-06-21,AUD,2Y,3M BBSW,0.0438300594745125
2023-06-20,AUD,2Y,3M BBSW,0.04379900000046357
2023-06-19,AUD,2Y,3M BBSW,0.04488700000006145
2023-06-15,AUD,2Y,3M BBSW,0.044424045936036986
2023-06-14,AUD,2Y,3M BBSW,0.04375709090644541
2023-06-13,AUD,2Y,3M BBSW,0.04359799999998046
2023-06-09,AUD,2Y,3M BBSW,0.04293157185438965
2023-06-08,AUD,2Y,3M BBSW,0.04288968924751803
2023-06-07,AUD,2Y,3M BBSW,0.04256123486006925
2023-06-06,AUD,2Y,3M BBSW,0.04156100000001894
2023-06-05,AUD,2Y,3M BBSW,0.04022300000006727
2023-06-01,AUD,2Y,3M BBSW,0.03896651901528935
2023-05-31,AUD,2Y,3M BBSW,0.03902260399642314
2023-05-30,AUD,2Y,3M BBSW,0.03872347508732631
2023-05-29,AUD,2Y,3M BBSW,0.03868100000050418
2023-05-26,AUD,2Y,3M BBSW,0.03924036636450479
2023-05-25,AUD,2Y,3M BBSW,0.03938165494556723
2023-05-24,AUD,2Y,3M BBSW,0.03879880311033745
2023-05-23,AUD,2Y,3M BBSW,0.03884358361829215
2023-05-22,AUD,2Y,3M BBSW,0.03855611143626556
2023-05-19,AUD,2Y,3M BBSW,0.03858740475149535
2023-05-18,AUD,2Y,3M BBSW,0.03861674044420739
2023-05-17,AUD,2Y,3M BBSW,0.03743642872877377
2023-05-16,AUD,2Y,3M BBSW,0.03702175995357506
2023-05-15,AUD,2Y,3M BBSW,0.03692848125771522
2023-05-12,AUD,2Y,3M BBSW,0.03605061893710806
2023-05-11,AUD,2Y,3M BBSW,0.03569994092530739
2023-05-10,AUD,2Y,3M BBSW,0.03590954507458359
2023-05-09,AUD,2Y,3M BBSW,0.03651976862548392
2023-05-08,AUD,2Y,3M BBSW,0.03655921090082151
2023-05-05,AUD,2Y,3M BBSW,0.03628952718985345
2023-05-04,AUD,2Y,3M BBSW,0.03501853055102548
2023-05-03,AUD,2Y,3M BBSW,0.03590015777087297
2023-05-02,AUD,2Y,3M BBSW,0.03694372635397116
2023-05-01,AUD,2Y,3M BBSW,0.035945221474964824
2023-04-28,AUD,2Y,3M BBSW,0.0349808641117569
2023-04-27,AUD,2Y,3M BBSW,0.03591590759492302
2023-04-26,AUD,2Y,3M BBSW,0.03504811425772705
2023-04-24,AUD,2Y,3M BBSW,0.036424000000066285
2023-04-21,AUD,2Y,3M BBSW,0.03673893189604206
2023-04-20,AUD,2Y,3M BBSW,0.03653296889608865
2023-04-19,AUD,2Y,3M BBSW,0.03676455972579936
2023-04-18,AUD,2Y,3M BBSW,0.03664593005749861
2023-04-17,AUD,2Y,3M BBSW,0.03574999999998243
2023-04-14,AUD,2Y,3M BBSW,0.0355115976988797
2023-04-13,AUD,2Y,3M BBSW,0.03506453166181539
2023-04-12,AUD,2Y,3M BBSW,0.03427980530809655
2023-04-11,AUD,2Y,3M BBSW,0.03396531712611686
2023-04-06,AUD,2Y,3M BBSW,0.033371675556745334
2023-04-05,AUD,2Y,3M BBSW,0.03351645998976212
2023-04-04,AUD,2Y,3M BBSW,0.033848321002842824
2023-04-03,AUD,2Y,3M BBSW,0.03466599999997841
2023-03-31,AUD,2Y,3M BBSW,0.0345712348589194
2023-03-30,AUD,2Y,3M BBSW,0.03504099062784678
2023-03-29,AUD,2Y,3M BBSW,0.03510684699681189
2023-03-28,AUD,2Y,3M BBSW,0.03505543259929621
2023-03-27,AUD,2Y,3M BBSW,0.03458200000006606
2023-03-24,AUD,2Y,3M BBSW,0.03387247024459306
2023-03-23,AUD,2Y,3M BBSW,0.03415602543842573
2023-03-22,AUD,2Y,3M BBSW,0.03430434289374968
2023-03-21,AUD,2Y,3M BBSW,0.034835425222098045
2023-03-20,AUD,2Y,3M BBSW,0.03398999999996788
2023-03-17,AUD,2Y,3M BBSW,0.03428922706426849
2023-03-16,AUD,2Y,3M BBSW,0.03554580646277309
2023-03-15,AUD,2Y,3M BBSW,0.03472561283859115
2023-03-14,AUD,2Y,3M BBSW,0.03725099324183464
2023-03-13,AUD,2Y,3M BBSW,0.0359479999999658
2023-03-10,AUD,2Y,3M BBSW,0.03799418974119372
2023-03-09,AUD,2Y,3M BBSW,0.03903408307290008
2023-03-08,AUD,2Y,3M BBSW,0.03976431832444649
2023-03-07,AUD,2Y,3M BBSW,0.03987095232478928
2023-03-06,AUD,2Y,3M BBSW,0.040696999999979944
2023-03-03,AUD,2Y,3M BBSW,0.041527402123224894
2023-03-02,AUD,2Y,3M BBSW,0.041917360408074235
2023-03-01,AUD,2Y,3M BBSW,0.04113424233424702
2023-02-28,AUD,2Y,3M BBSW,0.04202744897533618
2023-02-27,AUD,2Y,3M BBSW,0.04140840238242981
2023-02-24,AUD,2Y,3M BBSW,0.041989031727819495
2023-02-23,AUD,2Y,3M BBSW,0.04143826060216932
2023-02-22,AUD,2Y,3M BBSW,0.04104373390812896
2023-02-21,AUD,2Y,3M BBSW,0.04130843642499275
2023-02-20,AUD,2Y,3M BBSW,0.04075529023565323
2023-02-17,AUD,2Y,3M BBSW,0.04044024074134336
2023-02-16,AUD,2Y,3M BBSW,0.0399302264882944
2023-02-15,AUD,2Y,3M BBSW,0.04039484974933929
2023-02-14,AUD,2Y,3M BBSW,0.03993746219834526
2023-02-13,AUD,2Y,3M BBSW,0.04019830820885906
2023-02-10,AUD,2Y,3M BBSW,0.040204297288289635
2023-02-09,AUD,2Y,3M BBSW,0.038533118802177774
2023-02-08,AUD,2Y,3M BBSW,0.03790865076364473
2023-02-07,AUD,2Y,3M BBSW,0.03786401759969585
2023-02-06,AUD,2Y,3M BBSW,0.03624420636296586
2023-02-03,AUD,2Y,3M BBSW,0.03625939256313743
2023-02-02,AUD,2Y,3M BBSW,0.03632001273909573
2023-02-01,AUD,2Y,3M BBSW,0.03692718390914166
2023-01-31,AUD,2Y,3M BBSW,0.03673497483570575
2023-01-30,AUD,2Y,3M BBSW,0.037131622637764955
2023-01-27,AUD,2Y,3M BBSW,0.037252399591259804
2023-01-25,AUD,2Y,3M BBSW,0.03643034819727019
2023-01-24,AUD,2Y,3M BBSW,0.03530199999997723
2023-01-23,AUD,2Y,3M BBSW,0.03544614616008484
2023-01-20,AUD,2Y,3M BBSW,0.03532306084266047
2023-01-19,AUD,2Y,3M BBSW,0.034779064282178335
2023-01-18,AUD,2Y,3M BBSW,0.03682545786821644
2023-01-17,AUD,2Y,3M BBSW,0.03712999999995645
2023-01-16,AUD,2Y,3M BBSW,0.03707007206844312
2023-01-13,AUD,2Y,3M BBSW,0.03716171191096355
2023-01-12,AUD,2Y,3M BBSW,0.03718488197934912
2023-01-11,AUD,2Y,3M BBSW,0.03815109501878207
2023-01-10,AUD,2Y,3M BBSW,0.0384995110149428
2023-01-09,AUD,2Y,3M BBSW,0.03899149670602537
2023-01-06,AUD,2Y,3M BBSW,0.038766868742474966
2023-01-05,AUD,2Y,3M BBSW,0.03933048752909929
2023-01-04,AUD,2Y,3M BBSW,0.03926629808634562
2023-01-03,AUD,2Y,3M BBSW,0.03994599999987927
2022-12-30,AUD,2Y,3M BBSW,0.040148423205385884
2022-12-29,AUD,2Y,3M BBSW,0.0400088224799163
2022-12-28,AUD,2Y,3M BBSW,0.03994352169385305
2022-12-23,AUD,2Y,3M BBSW,0.03868020125009244
2022-12-22,AUD,2Y,3M BBSW,0.03803024315080696
2022-12-21,AUD,2Y,3M BBSW,0.03733627878327421
2022-12-20,AUD,2Y,3M BBSW,0.03815699999992426
2022-12-19,AUD,2Y,3M BBSW,0.03762253708055754
2022-12-16,AUD,2Y,3M BBSW,0.03766051658869854
2022-12-15,AUD,2Y,3M BBSW,0.03745366473609551
2022-12-14,AUD,2Y,3M BBSW,0.03648618144204053
2022-12-13,AUD,2Y,3M BBSW,0.03666599999994504
2022-12-12,AUD,2Y,3M BBSW,0.03644811193379163
2022-12-09,AUD,2Y,3M BBSW,0.03644029616929425
2022-12-08,AUD,2Y,3M BBSW,0.03662069514982733
2022-12-07,AUD,2Y,3M BBSW,0.03649846175070203
2022-12-06,AUD,2Y,3M BBSW,0.036627999999935594
2022-12-05,AUD,2Y,3M BBSW,0.03586457704569995
2022-12-02,AUD,2Y,3M BBSW,0.03565186260130467
2022-12-01,AUD,2Y,3M BBSW,0.03674798195399947
2022-11-30,AUD,2Y,3M BBSW,0.03730934345170965
2022-11-29,AUD,2Y,3M BBSW,0.03806252090086584
2022-11-28,AUD,2Y,3M BBSW,0.03795851632156628
2022-11-25,AUD,2Y,3M BBSW,0.03863378659203005
2022-11-24,AUD,2Y,3M BBSW,0.03842718139316903
2022-11-23,AUD,2Y,3M BBSW,0.03817112092204422
2022-11-22,AUD,2Y,3M BBSW,0.03755699999992844
2022-11-21,AUD,2Y,3M BBSW,0.03745453146633643
2022-11-18,AUD,2Y,3M BBSW,0.03760201217355604
2022-11-17,AUD,2Y,3M BBSW,0.03732372046806329
2022-11-16,AUD,2Y,3M BBSW,0.03799956150845644
2022-11-15,AUD,2Y,3M BBSW,0.03874999999981241
2022-11-14,AUD,2Y,3M BBSW,0.03872450499530569
2022-11-11,AUD,2Y,3M BBSW,0.03797092530076557
2022-11-10,AUD,2Y,3M BBSW,0.03864685653299557
2022-11-09,AUD,2Y,3M BBSW,0.03999450115856744
2022-11-08,AUD,2Y,3M BBSW,0.04102499999999933
2022-11-07,AUD,2Y,3M BBSW,0.03992391366787226
2022-11-04,AUD,2Y,3M BBSW,0.040119858846016675
2022-11-03,AUD,2Y,3M BBSW,0.04124270175586043
2022-11-02,AUD,2Y,3M BBSW,0.040194005819081335
2022-11-01,AUD,2Y,3M BBSW,0.03989999999983117
2022-10-31,AUD,2Y,3M BBSW,0.03950108202767034
2022-10-28,AUD,2Y,3M BBSW,0.03974621330745269
2022-10-27,AUD,2Y,3M BBSW,0.040068814125490154
2022-10-26,AUD,2Y,3M BBSW,0.04138850812965199
2022-10-25,AUD,2Y,3M BBSW,0.04179881181049596
2022-10-24,AUD,2Y,3M BBSW,0.04219999999972064
2022-10-21,AUD,2Y,3M BBSW,0.0422955429208256
2022-10-20,AUD,2Y,3M BBSW,0.04111727358844605
2022-10-19,AUD,2Y,3M BBSW,0.039620460872275304
2022-10-18,AUD,2Y,3M BBSW,0.039624999999923534
2022-10-17,AUD,2Y,3M BBSW,0.03969999999993401
2022-10-14,AUD,2Y,3M BBSW,0.03939936088615693
2022-10-13,AUD,2Y,3M BBSW,0.03864578640115939
2022-10-12,AUD,2Y,3M BBSW,0.038772663555250546
2022-10-11,AUD,2Y,3M BBSW,0.039049999999908075
2022-10-10,AUD,2Y,3M BBSW,0.03837451944154401
2022-10-07,AUD,2Y,3M BBSW,0.03856848459418833
2022-10-06,AUD,2Y,3M BBSW,0.03749787577259296
2022-10-05,AUD,2Y,3M BBSW,0.03590741161631619
2022-10-04,AUD,2Y,3M BBSW,0.03549999999994395
2022-09-30,AUD,2Y,3M BBSW,0.04040341200937664
2022-09-29,AUD,2Y,3M BBSW,0.04029798213626291
2022-09-28,AUD,2Y,3M BBSW,0.0416523227831316
2022-09-27,AUD,2Y,3M BBSW,0.0420124264810716
2022-09-26,AUD,2Y,3M BBSW,0.04154769991443956
2022-09-23,AUD,2Y,3M BBSW,0.04056970398877231
2022-09-21,AUD,2Y,3M BBSW,0.03780005204098615
2022-09-20,AUD,2Y,3M BBSW,0.03717499999997744
2022-09-19,AUD,2Y,3M BBSW,0.03779951958248877
2022-09-16,AUD,2Y,3M BBSW,0.03784646061733615
2022-09-15,AUD,2Y,3M BBSW,0.03721872534450046
2022-09-14,AUD,2Y,3M BBSW,0.03703834440124491
2022-09-13,AUD,2Y,3M BBSW,0.035439999999930076
2022-09-12,AUD,2Y,3M BBSW,0.03534915052726594
2022-09-09,AUD,2Y,3M BBSW,0.03482659112023256
2022-09-08,AUD,2Y,3M BBSW,0.03502737976402611
2022-09-07,AUD,2Y,3M BBSW,0.036578230157081844
2022-09-06,AUD,2Y,3M BBSW,0.03597499999992074
2022-09-05,AUD,2Y,3M BBSW,0.036624556929161806
2022-09-02,AUD,2Y,3M BBSW,0.036146718869617095
2022-09-01,AUD,2Y,3M BBSW,0.03695018934564957
2022-08-31,AUD,2Y,3M BBSW,0.03654835234907158
2022-08-30,AUD,2Y,3M BBSW,0.03714999999986597
2022-08-29,AUD,2Y,3M BBSW,0.038149999999819724
2022-08-26,AUD,2Y,3M BBSW,0.03644672484858858
2022-08-25,AUD,2Y,3M BBSW,0.0368479938600651
2022-08-24,AUD,2Y,3M BBSW,0.03632795403006935
2022-08-23,AUD,2Y,3M BBSW,0.03729999999988575
2022-08-22,AUD,2Y,3M BBSW,0.03597499999999973
2022-08-19,AUD,2Y,3M BBSW,0.03539691224848149
2022-08-18,AUD,2Y,3M BBSW,0.0341519340107103
2022-08-17,AUD,2Y,3M BBSW,0.03346041701526123
2022-08-16,AUD,2Y,3M BBSW,0.033399999999962036
2022-08-15,AUD,2Y,3M BBSW,0.03459999999997884
2022-08-12,AUD,2Y,3M BBSW,0.034797038042506154
2022-08-11,AUD,2Y,3M BBSW,0.03452638686709084
2022-08-10,AUD,2Y,3M BBSW,0.033909254595756805
2022-08-09,AUD,2Y,3M BBSW,0.0333250000003257
2022-08-08,AUD,2Y,3M BBSW,0.03337499999994836
2022-08-05,AUD,2Y,3M BBSW,0.033452437939757884
2022-08-04,AUD,2Y,3M BBSW,0.03191273507836256
2022-08-03,AUD,2Y,3M BBSW,0.0310504179974311
2022-08-02,AUD,2Y,3M BBSW,0.0308749999997426
2022-07-29,AUD,2Y,3M BBSW,0.030423462494811607
2022-07-28,AUD,2Y,3M BBSW,0.03200536821184677
2022-07-27,AUD,2Y,3M BBSW,0.0331485097826122
2022-07-26,AUD,2Y,3M BBSW,0.03457341812616246
2022-07-25,AUD,2Y,3M BBSW,0.03432420081080543
2022-07-22,AUD,2Y,3M BBSW,0.0339718365701921
2022-07-21,AUD,2Y,3M BBSW,0.03579995802215826
2022-07-20,AUD,2Y,3M BBSW,0.03597798210191808
2022-07-19,AUD,2Y,3M BBSW,0.03552499999990938
2022-07-18,AUD,2Y,3M BBSW,0.03432499999990155
2022-07-15,AUD,2Y,3M BBSW,0.03437782796093308
2022-07-14,AUD,2Y,3M BBSW,0.0347040794543638
2022-07-13,AUD,2Y,3M BBSW,0.03323527912962929
2022-07-12,AUD,2Y,3M BBSW,0.0333499999999117
2022-07-11,AUD,2Y,3M BBSW,0.03479999999988496
2022-07-08,AUD,2Y,3M BBSW,0.03430935216395403
2022-07-07,AUD,2Y,3M BBSW,0.03370142921493286
2022-07-06,AUD,2Y,3M BBSW,0.032786486414198894
2022-07-05,AUD,2Y,3M BBSW,0.03429999999988813
2022-07-04,AUD,2Y,3M BBSW,0.03314999999988981
2022-07-01,AUD,2Y,3M BBSW,0.03227037210376676
2022-06-30,AUD,2Y,3M BBSW,0.0358968271434652
2022-06-29,AUD,2Y,3M BBSW,0.036273432927187016
2022-06-28,AUD,2Y,3M BBSW,0.03607499999983972
2022-06-27,AUD,2Y,3M BBSW,0.03572461348908599
2022-06-24,AUD,2Y,3M BBSW,0.03539434667173032
2022-06-23,AUD,2Y,3M BBSW,0.03652276039463369
2022-06-22,AUD,2Y,3M BBSW,0.03740095431802404
2022-06-21,AUD,2Y,3M BBSW,0.03907499999979013
2022-06-20,AUD,2Y,3M BBSW,0.0396249999997683
2022-06-17,AUD,2Y,3M BBSW,0.040194907610028835
2022-06-16,AUD,2Y,3M BBSW,0.03979407605411935
2022-06-15,AUD,2Y,3M BBSW,0.040395181313754344
2022-06-14,AUD,2Y,3M BBSW,0.03802999999998333
2022-06-10,AUD,2Y,3M BBSW,0.035179029150824076
2022-06-09,AUD,2Y,3M BBSW,0.03386767282452987
2022-06-08,AUD,2Y,3M BBSW,0.03401494767274543
2022-06-07,AUD,2Y,3M BBSW,0.03302499999990828
2022-06-06,AUD,2Y,3M BBSW,0.03197499999991539
2022-06-03,AUD,2Y,3M BBSW,0.032209680652978
2022-06-02,AUD,2Y,3M BBSW,0.03200514587998407
2022-06-01,AUD,2Y,3M BBSW,0.03106758105229982
2022-05-31,AUD,2Y,3M BBSW,0.0302749999999395
2022-05-30,AUD,2Y,3M BBSW,0.02909999999996669
2022-05-27,AUD,2Y,3M BBSW,0.029123271941883928
2022-05-26,AUD,2Y,3M BBSW,0.02871005586450329
2022-05-25,AUD,2Y,3M BBSW,0.02862235979996273
2022-05-24,AUD,2Y,3M BBSW,0.029524311507193892
2022-05-23,AUD,2Y,3M BBSW,0.02941299999993928
2022-05-20,AUD,2Y,3M BBSW,0.02877329025721111
2022-05-19,AUD,2Y,3M BBSW,0.03015802097905108
2022-05-18,AUD,2Y,3M BBSW,0.03049234379275861
2022-05-17,AUD,2Y,3M BBSW,0.03037428257342188
2022-05-16,AUD,2Y,3M BBSW,0.02944999999996563
2022-05-13,AUD,2Y,3M BBSW,0.02969817402917581
2022-05-12,AUD,2Y,3M BBSW,0.03058242179307415
2022-05-11,AUD,2Y,3M BBSW,0.030467399949549733
2022-05-10,AUD,2Y,3M BBSW,0.03082425588951727
2022-05-09,AUD,2Y,3M BBSW,0.031699999999936425
2022-05-06,AUD,2Y,3M BBSW,0.03212240910042975
2022-05-05,AUD,2Y,3M BBSW,0.03090656213696186
2022-05-04,AUD,2Y,3M BBSW,0.03223766917121804
2022-05-03,AUD,2Y,3M BBSW,0.02919930112404736
2022-05-02,AUD,2Y,3M BBSW,0.02865000000020792
2022-04-29,AUD,2Y,3M BBSW,0.0290485494982982
2022-04-28,AUD,2Y,3M BBSW,0.02798626533802723
2022-04-27,AUD,2Y,3M BBSW,0.027625943018578073
2022-04-26,AUD,2Y,3M BBSW,0.027348723731654513
2022-04-22,AUD,2Y,3M BBSW,0.027472687314369727
2022-04-21,AUD,2Y,3M BBSW,0.025015376580431334
2022-04-20,AUD,2Y,3M BBSW,0.02458398322315614
2022-04-19,AUD,2Y,3M BBSW,0.023774999999891723
2022-04-14,AUD,2Y,3M BBSW,0.02328106279860933
2022-04-13,AUD,2Y,3M BBSW,0.02376115942294546
2022-04-12,AUD,2Y,3M BBSW,0.02452499999980268
2022-04-11,AUD,2Y,3M BBSW,0.02500000000009089
2022-04-08,AUD,2Y,3M BBSW,0.02504780192915582
2022-04-07,AUD,2Y,3M BBSW,0.02429028450839142
2022-04-06,AUD,2Y,3M BBSW,0.02485828451247716
2022-04-05,AUD,2Y,3M BBSW,0.02184999999984201
2022-04-04,AUD,2Y,3M BBSW,0.022299999999846158
2022-04-01,AUD,2Y,3M BBSW,0.022617458509798332
2022-03-31,AUD,2Y,3M BBSW,0.021838305066690072
2022-03-30,AUD,2Y,3M BBSW,0.02236015061936868
2022-03-29,AUD,2Y,3M BBSW,0.02305570814720472
2022-03-28,AUD,2Y,3M BBSW,0.0219499999996867
2022-03-25,AUD,2Y,3M BBSW,0.021573197191619632
2022-03-24,AUD,2Y,3M BBSW,0.01992151253010904
2022-03-23,AUD,2Y,3M BBSW,0.02031938624935638
2022-03-22,AUD,2Y,3M BBSW,0.01937492316381697
2022-03-21,AUD,2Y,3M BBSW,0.01781200000000034
2022-03-18,AUD,2Y,3M BBSW,0.01767429751527938
2022-03-17,AUD,2Y,3M BBSW,0.01692642590504253
2022-03-16,AUD,2Y,3M BBSW,0.01665470286807182
2022-03-15,AUD,2Y,3M BBSW,0.01743000000005108
2022-03-14,AUD,2Y,3M BBSW,0.01702000000044381
2022-03-11,AUD,2Y,3M BBSW,0.01645920504444781
2022-03-10,AUD,2Y,3M BBSW,0.01650689276529876
2022-03-09,AUD,2Y,3M BBSW,0.016385438503473
2022-03-08,AUD,2Y,3M BBSW,0.015725000000447492
2022-03-07,AUD,2Y,3M BBSW,0.014825000000005351
2022-03-04,AUD,2Y,3M BBSW,0.01433755147225493
2022-03-03,AUD,2Y,3M BBSW,0.01366903030873296
2022-03-02,AUD,2Y,3M BBSW,0.01311428435113484
2022-03-01,AUD,2Y,3M BBSW,0.01385000000036092
2022-02-28,AUD,2Y,3M BBSW,0.013874791212443768
2022-02-25,AUD,2Y,3M BBSW,0.01482959505175626
2022-02-24,AUD,2Y,3M BBSW,0.01436134389450284
2022-02-23,AUD,2Y,3M BBSW,0.01505000000044367
2022-02-22,AUD,2Y,3M BBSW,0.014749924447509171
2022-02-21,AUD,2Y,3M BBSW,0.014574727992467361
2022-02-18,AUD,2Y,3M BBSW,0.01430533449660108
2022-02-17,AUD,2Y,3M BBSW,0.014336404691823961
2022-02-16,AUD,2Y,3M BBSW,0.01510000000037574
2022-02-15,AUD,2Y,3M BBSW,0.01507497866731038
2022-02-14,AUD,2Y,3M BBSW,0.01464977931878241
2022-02-11,AUD,2Y,3M BBSW,0.014917490083304421
2022-02-10,AUD,2Y,3M BBSW,0.01333904594133376
2022-02-09,AUD,2Y,3M BBSW,0.01360000000035251
2022-02-08,AUD,2Y,3M BBSW,0.01367493376515578
2022-02-07,AUD,2Y,3M BBSW,0.01302468801293527
2022-02-04,AUD,2Y,3M BBSW,0.01305705531540137
2022-02-03,AUD,2Y,3M BBSW,0.01146902066726114
2022-02-02,AUD,2Y,3M BBSW,0.01147500000037531
2022-02-01,AUD,2Y,3M BBSW,0.01147493550648141
2022-01-31,AUD,2Y,3M BBSW,0.01192521522882191
2022-01-28,AUD,2Y,3M BBSW,0.01210836245448536
2022-01-27,AUD,2Y,3M BBSW,0.012516217578789719
2022-01-25,AUD,2Y,3M BBSW,0.01187487986404604
2022-01-24,AUD,2Y,3M BBSW,0.01152488018608114
2022-01-21,AUD,2Y,3M BBSW,0.011259531126394232
2022-01-20,AUD,2Y,3M BBSW,0.01164354731069042
2022-01-19,AUD,2Y,3M BBSW,0.0115999999998847
2022-01-18,AUD,2Y,3M BBSW,0.01114995491051354
2022-01-17,AUD,2Y,3M BBSW,0.01077490062562605
2022-01-14,AUD,2Y,3M BBSW,0.01048590908309169
2022-01-13,AUD,2Y,3M BBSW,0.009997942785761826
2022-01-12,AUD,2Y,3M BBSW,0.0099250000002936
2022-01-11,AUD,2Y,3M BBSW,0.010200000000042739
2022-01-10,AUD,2Y,3M BBSW,0.01019990143191801
2022-01-07,AUD,2Y,3M BBSW,0.009811336827710434
2022-01-06,AUD,2Y,3M BBSW,0.009898210060526215
2022-01-05,AUD,2Y,3M BBSW,0.009525000000135377
2022-01-04,AUD,2Y,3M BBSW,0.009450000000513048
2021-12-31,AUD,2Y,3M BBSW,0.009074672370473567
2021-12-30,AUD,2Y,3M BBSW,0.00891212659146342
2021-12-29,AUD,2Y,3M BBSW,0.008650000000106937
2021-12-24,AUD,2Y,3M BBSW,0.008838771352968285
2021-12-23,AUD,2Y,3M BBSW,0.008851926498128167
2021-12-22,AUD,2Y,3M BBSW,0.008999978738218332
2021-12-21,AUD,2Y,3M BBSW,0.009475000000216872
2021-12-20,AUD,2Y,3M BBSW,0.009599966351049243
2021-12-17,AUD,2Y,3M BBSW,0.009811420998863703
2021-12-16,AUD,2Y,3M BBSW,0.009763450854517687
2021-12-15,AUD,2Y,3M BBSW,0.009079999999999588
2021-12-14,AUD,2Y,3M BBSW,0.008600000000678398
2021-12-13,AUD,2Y,3M BBSW,0.00899996196284536
2021-12-10,AUD,2Y,3M BBSW,0.00898752146745049
2021-12-09,AUD,2Y,3M BBSW,0.009095256053358152
2021-12-08,AUD,2Y,3M BBSW,0.009775000000298044
2021-12-07,AUD,2Y,3M BBSW,0.009225000000165556
2021-12-06,AUD,2Y,3M BBSW,0.009174969102545451
2021-12-03,AUD,2Y,3M BBSW,0.009137356804107993
2021-12-02,AUD,2Y,3M BBSW,0.009311673891739366
2021-12-01,AUD,2Y,3M BBSW,0.00945000000007436
2021-11-30,AUD,2Y,3M BBSW,0.009249984898523696
2021-11-29,AUD,2Y,3M BBSW,0.009349935115360853
2021-11-26,AUD,2Y,3M BBSW,0.008937620397036022
2021-11-25,AUD,2Y,3M BBSW,0.009873196586154473
2021-11-24,AUD,2Y,3M BBSW,0.009750000000121524
2021-11-23,AUD,2Y,3M BBSW,0.01015000000010932
2021-11-22,AUD,2Y,3M BBSW,0.009674988070249269
2021-11-19,AUD,2Y,3M BBSW,0.009212233951369626
2021-11-18,AUD,2Y,3M BBSW,0.008975615377403972
2021-11-17,AUD,2Y,3M BBSW,0.009375000000150157
2021-11-16,AUD,2Y,3M BBSW,0.009700000000204621
2021-11-15,AUD,2Y,3M BBSW,0.009350010751305452
2021-11-12,AUD,2Y,3M BBSW,0.009112374248593673
2021-11-11,AUD,2Y,3M BBSW,0.009075342943741044
2021-11-10,AUD,2Y,3M BBSW,0.00827500000005462
2021-11-09,AUD,2Y,3M BBSW,0.008050000000150319
2021-11-08,AUD,2Y,3M BBSW,0.008074990983312384
2021-11-05,AUD,2Y,3M BBSW,0.008288479193027994
2021-11-04,AUD,2Y,3M BBSW,0.008676417273020803
2021-11-03,AUD,2Y,3M BBSW,0.00836200000009513
2021-11-02,AUD,2Y,3M BBSW,0.009600000000183734
2021-11-01,AUD,2Y,3M BBSW,0.00997495664464221
2021-10-29,AUD,2Y,3M BBSW,0.01008613429737425
2021-10-28,AUD,2Y,3M BBSW,0.010920361322288841
2021-10-27,AUD,2Y,3M BBSW,0.008224999999752701
2021-10-26,AUD,2Y,3M BBSW,0.006449964108289109
2021-10-25,AUD,2Y,3M BBSW,0.005999972788469893
2021-10-22,AUD,2Y,3M BBSW,0.00624134260857272
2021-10-21,AUD,2Y,3M BBSW,0.0058719993990270745
2021-10-20,AUD,2Y,3M BBSW,0.005649999999828376
2021-10-19,AUD,2Y,3M BBSW,0.005699999999952785
2021-10-18,AUD,2Y,3M BBSW,0.005824995261520027
2021-10-15,AUD,2Y,3M BBSW,0.004640748953219278
2021-10-14,AUD,2Y,3M BBSW,0.00405452085133285
2021-10-13,AUD,2Y,3M BBSW,0.003999999999910519
2021-10-12,AUD,2Y,3M BBSW,0.004074999999890201
2021-10-11,AUD,2Y,3M BBSW,0.0038749999998869376
2021-10-08,AUD,2Y,3M BBSW,0.003819717211212037
2021-10-07,AUD,2Y,3M BBSW,0.00319125763386131
2021-10-06,AUD,2Y,3M BBSW,0.002999999999944672
2021-10-05,AUD,2Y,3M BBSW,0.0028249999999274337
2021-10-01,AUD,2Y,3M BBSW,0.002692607888634093
2021-09-30,AUD,2Y,3M BBSW,0.002791810067139855
2021-09-29,AUD,2Y,3M BBSW,0.002649999999958723
2021-09-28,AUD,2Y,3M BBSW,0.0027749964681706256
2021-09-27,AUD,2Y,3M BBSW,0.00251299101351303
2021-09-24,AUD,2Y,3M BBSW,0.002571460773536645
2021-09-23,AUD,2Y,3M BBSW,0.002218939075054785
2021-09-22,AUD,2Y,3M BBSW,0.0020499986114813277
2021-09-21,AUD,2Y,3M BBSW,0.002049999999971428
2021-09-20,AUD,2Y,3M BBSW,0.002199999560155881
2021-09-17,AUD,2Y,3M BBSW,0.002196983016787897
2021-09-16,AUD,2Y,3M BBSW,0.002019482629853245
2021-09-15,AUD,2Y,3M BBSW,0.001970000000078641
2021-09-14,AUD,2Y,3M BBSW,0.002089999999835445
2021-09-13,AUD,2Y,3M BBSW,0.00217999871662218
2021-09-10,AUD,2Y,3M BBSW,0.002057171741498414
2021-09-09,AUD,2Y,3M BBSW,0.002273790034656303
2021-09-08,AUD,2Y,3M BBSW,0.002224999999967735
2021-09-07,AUD,2Y,3M BBSW,0.002300000000346802
2021-09-06,AUD,2Y,3M BBSW,0.002274999551570455
2021-09-03,AUD,2Y,3M BBSW,0.002296845502687275
2021-09-02,AUD,2Y,3M BBSW,0.002218939338753361
2021-09-01,AUD,2Y,3M BBSW,0.0023249999999725808
2021-08-31,AUD,2Y,3M BBSW,0.002049999999794625
2021-08-30,AUD,2Y,3M BBSW,0.002149999999972437
2021-08-27,AUD,2Y,3M BBSW,0.002296845639969742
2021-08-26,AUD,2Y,3M BBSW,0.002218929869923547
2021-08-25,AUD,2Y,3M BBSW,0.0021999933216485
2021-08-24,AUD,2Y,3M BBSW,0.002074999999976311
2021-08-23,AUD,2Y,3M BBSW,0.001961999999977922
2021-08-20,AUD,2Y,3M BBSW,0.0018973951374005801
2021-08-19,AUD,2Y,3M BBSW,0.001981578350255381
2021-08-18,AUD,2Y,3M BBSW,0.002049994177099348
2021-08-17,AUD,2Y,3M BBSW,0.002025000000001213
2021-08-16,AUD,2Y,3M BBSW,0.002099999999528645
2021-08-13,AUD,2Y,3M BBSW,0.002246913728496228
2021-08-12,AUD,2Y,3M BBSW,0.002368521101851844
2021-08-11,AUD,2Y,3M BBSW,0.002524991411451772
2021-08-10,AUD,2Y,3M BBSW,0.002500000000319524
2021-08-09,AUD,2Y,3M BBSW,0.0024749999999644327
2021-08-06,AUD,2Y,3M BBSW,0.002531067466747299
2021-08-05,AUD,2Y,3M BBSW,0.0021910134844260907
2021-08-04,AUD,2Y,3M BBSW,0.002087994182542227
2021-08-03,AUD,2Y,3M BBSW,0.0018999999999726699
2021-07-30,AUD,2Y,3M BBSW,0.001972311936758782
2021-07-29,AUD,2Y,3M BBSW,0.0019067853728375638
2021-07-28,AUD,2Y,3M BBSW,0.002061994572467404
2021-07-27,AUD,2Y,3M BBSW,0.002136999999973774
2021-07-26,AUD,2Y,3M BBSW,0.002211996276179715
2021-07-23,AUD,2Y,3M BBSW,0.002346777636528869
2021-07-22,AUD,2Y,3M BBSW,0.002193989745665751
2021-07-21,AUD,2Y,3M BBSW,0.00217499402633535
2021-07-20,AUD,2Y,3M BBSW,0.002149999999980389
2021-07-19,AUD,2Y,3M BBSW,0.0024749999999691017
2021-07-16,AUD,2Y,3M BBSW,0.002446639624518198
2021-07-15,AUD,2Y,3M BBSW,0.002341968582128296
2021-07-14,AUD,2Y,3M BBSW,0.002375002965829833
2021-07-13,AUD,2Y,3M BBSW,0.002237999999963651
2021-07-12,AUD,2Y,3M BBSW,0.0021129999999761058
2021-07-09,AUD,2Y,3M BBSW,0.00243465367763751
2021-07-08,AUD,2Y,3M BBSW,0.002617823629952661
2021-07-07,AUD,2Y,3M BBSW,0.002774966513234947
2021-07-06,AUD,2Y,3M BBSW,0.002724999999934869
2021-07-05,AUD,2Y,3M BBSW,0.002599999999941215
2021-07-02,AUD,2Y,3M BBSW,0.00250954504396974
2021-07-01,AUD,2Y,3M BBSW,0.002654718723956805
2021-06-30,AUD,2Y,3M BBSW,0.0026749987156442713
2021-06-29,AUD,2Y,3M BBSW,0.0026749999996962047
2021-06-28,AUD,2Y,3M BBSW,0.0026379991238401103
2021-06-25,AUD,2Y,3M BBSW,0.0027581926515099007
2021-06-24,AUD,2Y,3M BBSW,0.002393443354719145
2021-06-23,AUD,2Y,3M BBSW,0.002499999999958153
2021-06-22,AUD,2Y,3M BBSW,0.002499996840962311
2021-06-21,AUD,2Y,3M BBSW,0.002561999999963316
2021-06-18,AUD,2Y,3M BBSW,0.00247159982488615
2021-06-17,AUD,2Y,3M BBSW,0.001894813914103499
2021-06-16,AUD,2Y,3M BBSW,0.001574999999974871
2021-06-15,AUD,2Y,3M BBSW,0.001429999999824061
2021-06-11,AUD,2Y,3M BBSW,0.0014460363755947059
2021-06-10,AUD,2Y,3M BBSW,0.001513786347677914
2021-06-09,AUD,2Y,3M BBSW,0.001619999999973493
2021-06-08,AUD,2Y,3M BBSW,0.0016499999999752398
2021-06-07,AUD,2Y,3M BBSW,0.001599999999971454
2021-06-04,AUD,2Y,3M BBSW,0.0017226332334240521
2021-06-03,AUD,2Y,3M BBSW,0.0015956319617280099
2021-06-02,AUD,2Y,3M BBSW,0.001761999999998618
2021-06-01,AUD,2Y,3M BBSW,0.001824999999962231
2021-05-31,AUD,2Y,3M BBSW,0.001811999999895203
2021-05-28,AUD,2Y,3M BBSW,0.0018225036318769011
2021-05-27,AUD,2Y,3M BBSW,0.001570700271799129
2021-05-26,AUD,2Y,3M BBSW,0.0015749940224607719
2021-05-25,AUD,2Y,3M BBSW,0.0015379964349376651
2021-05-24,AUD,2Y,3M BBSW,0.001549999999966664
2021-05-21,AUD,2Y,3M BBSW,0.0015229133401702779
2021-05-20,AUD,2Y,3M BBSW,0.00152083668637739
2021-05-19,AUD,2Y,3M BBSW,0.001611993697902786
2021-05-18,AUD,2Y,3M BBSW,0.001524996478539809
2021-05-17,AUD,2Y,3M BBSW,0.0014249999997897362
2021-05-14,AUD,2Y,3M BBSW,0.001423052342827888
2021-05-13,AUD,2Y,3M BBSW,0.001520836529860056
2021-05-12,AUD,2Y,3M BBSW,0.0014619949364097801
2021-05-11,AUD,2Y,3M BBSW,0.0014749967917244
2021-05-10,AUD,2Y,3M BBSW,0.00154999999996807
2021-05-07,AUD,2Y,3M BBSW,0.001472981646629602
2021-05-06,AUD,2Y,3M BBSW,0.001595631980144653
2021-05-05,AUD,2Y,3M BBSW,0.0016749932424939859
2021-05-04,AUD,2Y,3M BBSW,0.001624996226471175
2021-05-03,AUD,2Y,3M BBSW,0.0015879999999672961
2021-04-30,AUD,2Y,3M BBSW,0.00157931874260201
2021-04-29,AUD,2Y,3M BBSW,0.001602184278999698
2021-04-28,AUD,2Y,3M BBSW,0.001574996421520927
2021-04-27,AUD,2Y,3M BBSW,0.0017119999995457498
2021-04-26,AUD,2Y,3M BBSW,0.001724997172079894
2021-04-23,AUD,2Y,3M BBSW,0.001709653891340642
2021-04-22,AUD,2Y,3M BBSW,0.0016075981836007368
2021-04-21,AUD,2Y,3M BBSW,0.001649996223800434
2021-04-20,AUD,2Y,3M BBSW,0.0016999999999659959
2021-04-19,AUD,2Y,3M BBSW,0.001724999999966409
2021-04-16,AUD,2Y,3M BBSW,0.001759585128727425
2021-04-15,AUD,2Y,3M BBSW,0.001624116013449555
2021-04-14,AUD,2Y,3M BBSW,0.001638001539447764
2021-04-13,AUD,2Y,3M BBSW,0.001699999999963761
2021-04-12,AUD,2Y,3M BBSW,0.0014879999999689339
2021-04-09,AUD,2Y,3M BBSW,0.001620561610614461
2021-04-08,AUD,2Y,3M BBSW,0.001643254164115704
2021-04-07,AUD,2Y,3M BBSW,0.0016161581045688869
2021-04-06,AUD,2Y,3M BBSW,0.001649999999963205
2021-04-01,AUD,2Y,3M BBSW,0.001745216955018249
2021-03-31,AUD,2Y,3M BBSW,0.0017750024411723319
2021-03-30,AUD,2Y,3M BBSW,0.001774999999428081
2021-03-29,AUD,2Y,3M BBSW,0.001400000000013564
2021-03-26,AUD,2Y,3M BBSW,0.001459995258533058
2021-03-25,AUD,2Y,3M BBSW,0.001308412616993697
2021-03-24,AUD,2Y,3M BBSW,0.001124994543657942
2021-03-23,AUD,2Y,3M BBSW,0.0013499999999704128
2021-03-22,AUD,2Y,3M BBSW,0.001474998715047571
2021-03-19,AUD,2Y,3M BBSW,0.001472981218524384
2021-03-18,AUD,2Y,3M BBSW,0.0015706976913366219
2021-03-17,AUD,2Y,3M BBSW,0.001499994157856107
2021-03-16,AUD,2Y,3M BBSW,0.001511999999970044
2021-03-15,AUD,2Y,3M BBSW,0.001559999999901165
2021-03-12,AUD,2Y,3M BBSW,0.0017525951885662139
2021-03-11,AUD,2Y,3M BBSW,0.00147595609950506
2021-03-10,AUD,2Y,3M BBSW,0.001449994230364772
2021-03-09,AUD,2Y,3M BBSW,0.0017400000004378741
2021-03-08,AUD,2Y,3M BBSW,0.001825000000256867
2021-03-05,AUD,2Y,3M BBSW,0.001559861852379378
2021-03-04,AUD,2Y,3M BBSW,0.002069332118236178
2021-03-03,AUD,2Y,3M BBSW,0.001424994646980128
2021-03-02,AUD,2Y,3M BBSW,0.0014999999999716072
2021-03-01,AUD,2Y,3M BBSW,0.001311999999975128
2021-02-26,AUD,2Y,3M BBSW,0.001822502118522962
2021-02-25,AUD,2Y,3M BBSW,0.001221658089624308
2021-02-24,AUD,2Y,3M BBSW,0.001074999999983353
2021-02-23,AUD,2Y,3M BBSW,0.001099999486713212
2021-02-22,AUD,2Y,3M BBSW,0.001549996834377256
2021-02-19,AUD,2Y,3M BBSW,0.001210341354297914
2021-02-18,AUD,2Y,3M BBSW,0.0822748278019858
2021-02-17,AUD,2Y,3M BBSW,0.0799999999992428
2021-02-16,AUD,2Y,3M BBSW,0.0724999781046325
2021-02-15,AUD,2Y,3M BBSW,0.0750000216999852
2021-02-12,AUD,2Y,3M BBSW,0.0674076417262716
2021-02-11,AUD,2Y,3M BBSW,0.0598361899203134
2021-02-10,AUD,2Y,3M BBSW,0.063699999999706
2021-02-09,AUD,2Y,3M BBSW,0.0661999810995302
2021-02-08,AUD,2Y,3M BBSW,0.0661999404087954
2021-02-05,AUD,2Y,3M BBSW,0.0612161234299454
2021-02-04,AUD,2Y,3M BBSW,0.0660192818147265
2021-02-03,AUD,2Y,3M BBSW,0.0624999999997401
2021-02-02,AUD,2Y,3M BBSW,0.0711999715991697
2021-02-01,AUD,2Y,3M BBSW,0.0774998772076568
2021-01-29,AUD,2Y,3M BBSW,0.0798905293322521
2021-01-28,AUD,2Y,3M BBSW,0.0723021020022189
2021-01-27,AUD,2Y,3M BBSW,0.076299999999703
2021-01-25,AUD,2Y,3M BBSW,0.0774999392852828
2021-01-22,AUD,2Y,3M BBSW,0.0748973736383714
2021-01-21,AUD,2Y,3M BBSW,0.0723021027386736
2021-01-20,AUD,2Y,3M BBSW,0.0724999999997515
2021-01-19,AUD,2Y,3M BBSW,0.0737999999996949
2021-01-18,AUD,2Y,3M BBSW,0.0724999501181333
2021-01-15,AUD,2Y,3M BBSW,0.0731345606919172
2021-01-14,AUD,2Y,3M BBSW,0.0705688039299476
2021-01-13,AUD,2Y,3M BBSW,0.0724999999997578
2021-01-12,AUD,2Y,3M BBSW,0.0749999999997117
2021-01-11,AUD,2Y,3M BBSW,0.0749999705939342
2021-01-08,AUD,2Y,3M BBSW,0.0836853307763618
2021-01-07,AUD,2Y,3M BBSW,0.0822748313956716
2021-01-06,AUD,2Y,3M BBSW,0.0737999999997927
2021-01-05,AUD,2Y,3M BBSW,0.0637999816515716
2021-01-04,AUD,2Y,3M BBSW,0.0674999470818744
2020-12-31,AUD,2Y,3M BBSW,0.072599357655146
2020-12-30,AUD,2Y,3M BBSW,0.0724999999962412
2020-12-29,AUD,2Y,3M BBSW,0.0699999999998035
2020-12-24,AUD,2Y,3M BBSW,0.074591598789634
2020-12-23,AUD,2Y,3M BBSW,0.0599999999998566
2020-12-22,AUD,2Y,3M BBSW,0.071199958468246
2020-12-21,AUD,2Y,3M BBSW,0.0849999629265556
2020-12-18,AUD,2Y,3M BBSW,0.0961681285752198
2020-12-17,AUD,2Y,3M BBSW,0.099726982019992
2020-12-16,AUD,2Y,3M BBSW,0.0949999999996339
2020-12-15,AUD,2Y,3M BBSW,0.0958000000479693
2020-12-14,AUD,2Y,3M BBSW,0.0907999582401002
2020-12-11,AUD,2Y,3M BBSW,0.0865812430800042
2020-12-10,AUD,2Y,3M BBSW,0.0842692688181333
2020-12-09,AUD,2Y,3M BBSW,0.086199999999751
2020-12-08,AUD,2Y,3M BBSW,0.0799999999789389
2020-12-07,AUD,2Y,3M BBSW,0.0812999733990054
2020-12-04,AUD,2Y,3M BBSW,0.0885785471416662
2020-12-03,AUD,2Y,3M BBSW,0.0859646380485631
2020-12-02,AUD,2Y,3M BBSW,0.0861999999997163
2020-12-01,AUD,2Y,3M BBSW,0.0774999999998672
2020-11-30,AUD,2Y,3M BBSW,0.0774999923367929
2020-11-27,AUD,2Y,3M BBSW,0.0724008023172732
2020-11-26,AUD,2Y,3M BBSW,0.0797815815830833
2020-11-25,AUD,2Y,3M BBSW,0.0800000000432562
2020-11-24,AUD,2Y,3M BBSW,0.0724999999998751
2020-11-23,AUD,2Y,3M BBSW,0.0724999933072876
2020-11-20,AUD,2Y,3M BBSW,0.0674075805197384
2020-11-19,AUD,2Y,3M BBSW,0.074795225061389
2020-11-18,AUD,2Y,3M BBSW,0.0686999999998601
2020-11-17,AUD,2Y,3M BBSW,0.0674999999998579
2020-11-16,AUD,2Y,3M BBSW,0.062499994112486995
2020-11-13,AUD,2Y,3M BBSW,0.0624144345687572
2020-11-12,AUD,2Y,3M BBSW,0.0660192340515487
2020-11-11,AUD,2Y,3M BBSW,0.0799999999998121
2020-11-10,AUD,2Y,3M BBSW,0.0661999999998746
2020-11-09,AUD,2Y,3M BBSW,0.0387999979847931
2020-11-06,AUD,2Y,3M BBSW,0.0387468956682787
2020-11-05,AUD,2Y,3M BBSW,0.0386940284153678
2020-11-04,AUD,2Y,3M BBSW,0.0425000000316217
2020-11-03,AUD,2Y,3M BBSW,0.0425000000170601
2020-11-02,AUD,2Y,3M BBSW,0.0636999801603619
2020-10-30,AUD,2Y,3M BBSW,0.0636129763751623
2020-10-29,AUD,2Y,3M BBSW,0.059836145665145404
2020-10-28,AUD,2Y,3M BBSW,0.0600000000196311
2020-10-27,AUD,2Y,3M BBSW,0.0538000000441626
2020-10-26,AUD,2Y,3M BBSW,0.0537999767860494
2020-10-23,AUD,2Y,3M BBSW,0.058719459879744404
2020-10-22,AUD,2Y,3M BBSW,0.0573429703987833
2020-10-21,AUD,2Y,3M BBSW,0.0662000000327012
2020-10-20,AUD,2Y,3M BBSW,0.0687000000331151
2020-10-19,AUD,2Y,3M BBSW,0.0887999999998917
2020-10-16,AUD,2Y,3M BBSW,0.0786920441230552
2020-10-15,AUD,2Y,3M BBSW,0.0915254892658746
2020-10-14,AUD,2Y,3M BBSW,0.0938000000043279
2020-10-13,AUD,2Y,3M BBSW,0.0899999999998714
2020-10-12,AUD,2Y,3M BBSW,0.0924999999998298
2020-10-09,AUD,2Y,3M BBSW,0.0936714856346603
2020-10-08,AUD,2Y,3M BBSW,0.0859646324054511
2020-10-07,AUD,2Y,3M BBSW,0.0799999999998763
2020-10-06,AUD,2Y,3M BBSW,0.001024999999997795
2020-10-02,AUD,2Y,3M BBSW,0.001072059957426711
2020-10-01,AUD,2Y,3M BBSW,0.00109550018532032
2020-09-30,AUD,2Y,3M BBSW,0.0011379999999955
2020-09-29,AUD,2Y,3M BBSW,0.09999999999985638
2020-09-28,AUD,2Y,3M BBSW,0.001011998984525454
2020-09-25,AUD,2Y,3M BBSW,0.0886782771751908
2020-09-24,AUD,2Y,3M BBSW,0.0922475107391514
2020-09-23,AUD,2Y,3M BBSW,0.001000000000467998
2020-09-22,AUD,2Y,3M BBSW,0.001360139501951993
2020-09-21,AUD,2Y,3M BBSW,0.001236999605969329
2020-09-18,AUD,2Y,3M BBSW,0.0012862362013932379
2020-09-17,AUD,2Y,3M BBSW,0.001196725285694654
2020-09-16,AUD,2Y,3M BBSW,0.001049999999998229
2020-09-15,AUD,2Y,3M BBSW,0.0011499999999976041
2020-09-14,AUD,2Y,3M BBSW,0.001271999048713845
2020-09-11,AUD,2Y,3M BBSW,0.001238301552249042
2020-09-10,AUD,2Y,3M BBSW,0.001306425485013123
2020-09-09,AUD,2Y,3M BBSW,0.001308000000332657
2020-09-08,AUD,2Y,3M BBSW,0.001362000000492025
2020-09-07,AUD,2Y,3M BBSW,0.0013999995066587801
2020-09-04,AUD,2Y,3M BBSW,0.0013601348548929221
2020-09-03,AUD,2Y,3M BBSW,0.001334349329220236
2020-09-02,AUD,2Y,3M BBSW,0.001424999999997046
2020-09-01,AUD,2Y,3M BBSW,0.001587999999994902
2020-08-31,AUD,2Y,3M BBSW,0.0014750012100959988
2020-08-28,AUD,2Y,3M BBSW,0.001448014894633781
2020-08-27,AUD,2Y,3M BBSW,0.001483938442481951
2020-08-26,AUD,2Y,3M BBSW,0.001524997954623977
2020-08-25,AUD,2Y,3M BBSW,0.001499999999720617
2020-08-24,AUD,2Y,3M BBSW,0.001575000000041657
2020-08-21,AUD,2Y,3M BBSW,0.001609790746097971
2020-08-20,AUD,2Y,3M BBSW,0.001620562928509313
2020-08-19,AUD,2Y,3M BBSW,0.001774997189563455
2020-08-18,AUD,2Y,3M BBSW,0.001662999999707693
2020-08-17,AUD,2Y,3M BBSW,0.001761999999994299
2020-08-14,AUD,2Y,3M BBSW,0.0017356269411403192
2020-08-13,AUD,2Y,3M BBSW,0.001620562818256302
2020-08-12,AUD,2Y,3M BBSW,0.001649997708602524
2020-08-11,AUD,2Y,3M BBSW,0.0016000000002008399
2020-08-10,AUD,2Y,3M BBSW,0.0015249999999952378
2020-08-07,AUD,2Y,3M BBSW,0.0015229101753545349
2020-08-06,AUD,2Y,3M BBSW,0.001545767378742964
2020-08-05,AUD,2Y,3M BBSW,0.001611997836837065
2020-08-04,AUD,2Y,3M BBSW,0.001624999999806552
2020-07-31,AUD,2Y,3M BBSW,0.001654532271583492
2020-07-30,AUD,2Y,3M BBSW,0.001677295862099283
2020-07-29,AUD,2Y,3M BBSW,0.001674997659318666
2020-07-28,AUD,2Y,3M BBSW,0.001811999999993946
2020-07-27,AUD,2Y,3M BBSW,0.0017750000004793478
2020-07-24,AUD,2Y,3M BBSW,0.0017226339409614829
2020-07-23,AUD,2Y,3M BBSW,0.0016953541290218
2020-07-22,AUD,2Y,3M BBSW,0.001699997604496964
2020-07-21,AUD,2Y,3M BBSW,0.001574999999995677
2020-07-20,AUD,2Y,3M BBSW,0.001575000000204291
2020-07-17,AUD,2Y,3M BBSW,0.00164773705732785
2020-07-16,AUD,2Y,3M BBSW,0.00164549074453402
2020-07-15,AUD,2Y,3M BBSW,0.001712002284339896
2020-07-14,AUD,2Y,3M BBSW,0.0016749999999967
2020-07-13,AUD,2Y,3M BBSW,0.001549999999509204
2020-07-10,AUD,2Y,3M BBSW,0.00142304708688384
2020-07-09,AUD,2Y,3M BBSW,0.001570696870600289
2020-07-08,AUD,2Y,3M BBSW,0.001611997838510775
2020-07-07,AUD,2Y,3M BBSW,0.001674999999995222
2020-07-06,AUD,2Y,3M BBSW,0.001749999999994475
2020-07-03,AUD,2Y,3M BBSW,0.001747596529450543
2020-07-02,AUD,2Y,3M BBSW,0.00179507561051025
2020-07-01,AUD,2Y,3M BBSW,0.001861992903167575
2020-06-30,AUD,2Y,3M BBSW,0.0018999997721538611
2020-06-29,AUD,2Y,3M BBSW,0.0018750000003206959
2020-06-26,AUD,2Y,3M BBSW,0.001897388660958475
2020-06-25,AUD,2Y,3M BBSW,0.001882838912579964
2020-06-24,AUD,2Y,3M BBSW,0.0019250000003485678
2020-06-23,AUD,2Y,3M BBSW,0.0018499999999920418
2020-06-22,AUD,2Y,3M BBSW,0.001849999999993627
2020-06-19,AUD,2Y,3M BBSW,0.001897392698504883
2020-06-18,AUD,2Y,3M BBSW,0.0018200174275671722
2020-06-17,AUD,2Y,3M BBSW,0.0018249999999974812
2020-06-16,AUD,2Y,3M BBSW,0.002036999999993217
2020-06-15,AUD,2Y,3M BBSW,0.002099999999975208
2020-06-12,AUD,2Y,3M BBSW,0.002107221247353526
2020-06-11,AUD,2Y,3M BBSW,0.002091416154262174
2020-06-10,AUD,2Y,3M BBSW,0.0022999999999904312
2020-06-09,AUD,2Y,3M BBSW,0.002237999999785966
2020-06-05,AUD,2Y,3M BBSW,0.00222194510224423
2020-06-04,AUD,2Y,3M BBSW,0.0027923576651726623
2020-06-03,AUD,2Y,3M BBSW,0.002149999999992179
2020-06-02,AUD,2Y,3M BBSW,0.0020999999997727307
2020-06-01,AUD,2Y,3M BBSW,0.002199999999810777
2020-05-29,AUD,2Y,3M BBSW,0.002246922652790618
2020-05-28,AUD,2Y,3M BBSW,0.002132165883934701
2020-05-27,AUD,2Y,3M BBSW,0.0021379952356442087
2020-05-26,AUD,2Y,3M BBSW,0.002124995832890018
2020-05-25,AUD,2Y,3M BBSW,0.002249999999994256
2020-05-22,AUD,2Y,3M BBSW,0.002059176414622543
2020-05-21,AUD,2Y,3M BBSW,0.001695357114503144
2020-05-20,AUD,2Y,3M BBSW,0.001761994005073694
2020-05-19,AUD,2Y,3M BBSW,0.0016999974301498749
2020-05-18,AUD,2Y,3M BBSW,0.0014749999999952022
2020-05-15,AUD,2Y,3M BBSW,0.001507019229799181
2020-05-14,AUD,2Y,3M BBSW,0.0014297757167594791
2020-05-13,AUD,2Y,3M BBSW,0.001574995107479836
2020-05-12,AUD,2Y,3M BBSW,0.00172499721011592
2020-05-11,AUD,2Y,3M BBSW,0.001749999999458049
2020-05-08,AUD,2Y,3M BBSW,0.001722638364753739
2020-05-07,AUD,2Y,3M BBSW,0.00196960653749691
2020-05-06,AUD,2Y,3M BBSW,0.001999992450877178
2020-05-05,AUD,2Y,3M BBSW,0.00213799581068538
2020-05-04,AUD,2Y,3M BBSW,0.002174999999990975
2020-05-01,AUD,2Y,3M BBSW,0.002221949810529335
2020-04-30,AUD,2Y,3M BBSW,0.0022781149339298028
2020-04-29,AUD,2Y,3M BBSW,0.002449994458776257
2020-04-28,AUD,2Y,3M BBSW,0.0024249999999911807
2020-04-27,AUD,2Y,3M BBSW,0.002449999999990213
2020-04-24,AUD,2Y,3M BBSW,0.002468237820824066
2020-04-23,AUD,2Y,3M BBSW,0.002539577848416244
2020-04-22,AUD,2Y,3M BBSW,0.0025619940996663036
2020-04-21,AUD,2Y,3M BBSW,0.002561999999992854
2020-04-20,AUD,2Y,3M BBSW,0.0025250000004172516
2020-04-17,AUD,2Y,3M BBSW,0.0026427594450954273
2020-04-16,AUD,2Y,3M BBSW,0.00263916944888214
2020-04-15,AUD,2Y,3M BBSW,0.0029368550066718978
2020-04-14,AUD,2Y,3M BBSW,0.003099999999993403
2020-04-09,AUD,2Y,3M BBSW,0.003266060474857258
2020-04-08,AUD,2Y,3M BBSW,0.0031999916432000368
2020-04-07,AUD,2Y,3M BBSW,0.003099999999999117
2020-04-06,AUD,2Y,3M BBSW,0.0030129999999961993
2020-04-03,AUD,2Y,3M BBSW,0.002957922616320812
2020-04-02,AUD,2Y,3M BBSW,0.0030665856939185894
2020-04-01,AUD,2Y,3M BBSW,0.003199979459930231
2020-03-31,AUD,2Y,3M BBSW,0.003524999999991451
2020-03-30,AUD,2Y,3M BBSW,0.003399999999992936
2020-03-27,AUD,2Y,3M BBSW,0.0036070302018735116
2020-03-26,AUD,2Y,3M BBSW,0.003739735886756051
2020-03-25,AUD,2Y,3M BBSW,0.004474932984805543
2020-03-24,AUD,2Y,3M BBSW,0.0043749999999695
2020-03-23,AUD,2Y,3M BBSW,0.004249999999987535
2020-03-20,AUD,2Y,3M BBSW,0.00444389001614024
2020-03-19,AUD,2Y,3M BBSW,0.004637287229778439
2020-03-18,AUD,2Y,3M BBSW,0.005349957766989429
2020-03-17,AUD,2Y,3M BBSW,0.005375000000076645
2020-03-16,AUD,2Y,3M BBSW,0.005050000000020864
2020-03-13,AUD,2Y,3M BBSW,0.005879893866779607
2020-03-12,AUD,2Y,3M BBSW,0.0050361864458727465
2020-03-11,AUD,2Y,3M BBSW,0.004924967356702892
2020-03-10,AUD,2Y,3M BBSW,0.005137999999985349
2020-03-09,AUD,2Y,3M BBSW,0.0050000000000190135
2020-03-06,AUD,2Y,3M BBSW,0.005056036120441108
2020-03-05,AUD,2Y,3M BBSW,0.004437835401040296
2020-03-04,AUD,2Y,3M BBSW,0.004186976478960758
2020-03-03,AUD,2Y,3M BBSW,0.004812000000024904
2020-03-02,AUD,2Y,3M BBSW,0.004950000000014009
2020-02-28,AUD,2Y,3M BBSW,0.004799978321732848
2020-02-27,AUD,2Y,3M BBSW,0.005842037083827273
2020-02-26,AUD,2Y,3M BBSW,0.0062829010404222285
2020-02-25,AUD,2Y,3M BBSW,0.006512000000036724
2020-02-24,AUD,2Y,3M BBSW,0.006462985777376657
2020-02-21,AUD,2Y,3M BBSW,0.006462919661628753
2020-02-20,AUD,2Y,3M BBSW,0.006777723260680674
2020-02-19,AUD,2Y,3M BBSW,0.007130607094184404
2020-02-18,AUD,2Y,3M BBSW,0.007149999999970667
2020-02-17,AUD,2Y,3M BBSW,0.007449981191356079
2020-02-14,AUD,2Y,3M BBSW,0.0072500047978397465
2020-02-13,AUD,2Y,3M BBSW,0.007439816171628911
2020-02-12,AUD,2Y,3M BBSW,0.007454732831398508
2020-02-11,AUD,2Y,3M BBSW,0.007200000000063895
2020-02-10,AUD,2Y,3M BBSW,0.007087982799983388
2020-02-07,AUD,2Y,3M BBSW,0.00692490978791787
2020-02-06,AUD,2Y,3M BBSW,0.0076275585225148565
2020-02-05,AUD,2Y,3M BBSW,0.0072054083762898465
2020-02-04,AUD,2Y,3M BBSW,0.006012000000002453
2020-02-03,AUD,2Y,3M BBSW,0.006149973208129742
2020-01-31,AUD,2Y,3M BBSW,0.006237075112539462
2020-01-30,AUD,2Y,3M BBSW,0.006491195309632405
2020-01-29,AUD,2Y,3M BBSW,0.007018911355408403
2020-01-28,AUD,2Y,3M BBSW,0.006275000000023245
2020-01-24,AUD,2Y,3M BBSW,0.007012870467445368
2020-01-23,AUD,2Y,3M BBSW,0.007265054190179972
2020-01-22,AUD,2Y,3M BBSW,0.006881285089595724
2020-01-21,AUD,2Y,3M BBSW,0.0073250000001457705
2020-01-20,AUD,2Y,3M BBSW,0.007375000000085785
2020-01-17,AUD,2Y,3M BBSW,0.007349853252512153
2020-01-16,AUD,2Y,3M BBSW,0.007552659232384736
2020-01-15,AUD,2Y,3M BBSW,0.007737253146439079
2020-01-14,AUD,2Y,3M BBSW,0.007837000000438011
2020-01-13,AUD,2Y,3M BBSW,0.007474980351453157
2020-01-10,AUD,2Y,3M BBSW,0.007624764128099048
2020-01-09,AUD,2Y,3M BBSW,0.007514711399085983
2020-01-08,AUD,2Y,3M BBSW,0.007392905250916782
2020-01-07,AUD,2Y,3M BBSW,0.007487000000049691
2020-01-06,AUD,2Y,3M BBSW,0.007738000000069831
2020-01-03,AUD,2Y,3M BBSW,0.007789190682578023
2020-01-02,AUD,2Y,3M BBSW,0.008863696160007536
2019-12-31,AUD,2Y,3M BBSW,0.008850000000674822
2019-12-30,AUD,2Y,3M BBSW,0.008650000000128128
2019-12-27,AUD,2Y,3M BBSW,0.00883879717672379
2019-12-24,AUD,2Y,3M BBSW,0.008700000000120715
2019-12-23,AUD,2Y,3M BBSW,0.008425000000081943
2019-12-20,AUD,2Y,3M BBSW,0.008499826588080659
2019-12-19,AUD,2Y,3M BBSW,0.007777289437988381
2019-12-18,AUD,2Y,3M BBSW,0.007330038202999347
2019-12-17,AUD,2Y,3M BBSW,0.0071249999998521385
2019-12-16,AUD,2Y,3M BBSW,0.007362000000050245
2019-12-13,AUD,2Y,3M BBSW,0.00717486271243899
2019-12-12,AUD,2Y,3M BBSW,0.00706526115041204
2019-12-11,AUD,2Y,3M BBSW,0.007055778403544297
2019-12-10,AUD,2Y,3M BBSW,0.007050000000215013
2019-12-09,AUD,2Y,3M BBSW,0.007174999999927058
2019-12-06,AUD,2Y,3M BBSW,0.007187860910774156
2019-12-05,AUD,2Y,3M BBSW,0.007065278913611087
2019-12-04,AUD,2Y,3M BBSW,0.0070059120035343425
2019-12-03,AUD,2Y,3M BBSW,0.007625000000206817
2019-12-02,AUD,2Y,3M BBSW,0.007113000000014937
2019-11-29,AUD,2Y,3M BBSW,0.007087951722861953
2019-11-28,AUD,2Y,3M BBSW,0.006740801584046947
2019-11-27,AUD,2Y,3M BBSW,0.00675662729609014
2019-11-26,AUD,2Y,3M BBSW,0.007538000000015605
2019-11-25,AUD,2Y,3M BBSW,0.007475000000033278
2019-11-22,AUD,2Y,3M BBSW,0.007386854308631251
2019-11-21,AUD,2Y,3M BBSW,0.00747674575957839
2019-11-20,AUD,2Y,3M BBSW,0.007218338578030715
2019-11-19,AUD,2Y,3M BBSW,0.00737500000000927
2019-11-18,AUD,2Y,3M BBSW,0.007750000000020198
2019-11-15,AUD,2Y,3M BBSW,0.007738145214655177
2019-11-14,AUD,2Y,3M BBSW,0.007751487543661069
2019-11-13,AUD,2Y,3M BBSW,0.008290436112568255
2019-11-12,AUD,2Y,3M BBSW,0.00845000000005183
2019-11-11,AUD,2Y,3M BBSW,0.008587000000057878
2019-11-08,AUD,2Y,3M BBSW,0.008849785866368837
2019-11-07,AUD,2Y,3M BBSW,0.008513319862881948
2019-11-06,AUD,2Y,3M BBSW,0.00885092074795486
2019-11-05,AUD,2Y,3M BBSW,0.008875000000314815
2019-11-04,AUD,2Y,3M BBSW,0.008562000000065444
2019-11-01,AUD,2Y,3M BBSW,0.008699744597302026
2019-10-31,AUD,2Y,3M BBSW,0.008385872596208179
2019-10-30,AUD,2Y,3M BBSW,0.00811104092942214
2019-10-29,AUD,2Y,3M BBSW,0.008150000000014975
2019-10-28,AUD,2Y,3M BBSW,0.007700000000042513
2019-10-25,AUD,2Y,3M BBSW,0.0074248117363994205
2019-10-24,AUD,2Y,3M BBSW,0.007751328785980619
2019-10-23,AUD,2Y,3M BBSW,0.007716987342196918
2019-10-22,AUD,2Y,3M BBSW,0.008075000000029295
2019-10-21,AUD,2Y,3M BBSW,0.008124999999909285
2019-10-18,AUD,2Y,3M BBSW,0.008049800712628934
2019-10-17,AUD,2Y,3M BBSW,0.007389831173054414
2019-10-16,AUD,2Y,3M BBSW,0.007092678908283346
2019-10-15,AUD,2Y,3M BBSW,0.006988000000278605
2019-10-14,AUD,2Y,3M BBSW,0.007024999999997377
2019-10-11,AUD,2Y,3M BBSW,0.0075748046676949905
2019-10-10,AUD,2Y,3M BBSW,0.006166471535674806
2019-10-09,AUD,2Y,3M BBSW,0.006282873966765728
2019-10-08,AUD,2Y,3M BBSW,0.006249999999993917
2019-10-04,AUD,2Y,3M BBSW,0.0064041303841479436
2019-10-03,AUD,2Y,3M BBSW,0.0065321070364740726
2019-10-02,AUD,2Y,3M BBSW,0.006684638133550216
2019-10-01,AUD,2Y,3M BBSW,0.007580929231442313
2019-09-30,AUD,2Y,3M BBSW,0.007512999999520081
2019-09-27,AUD,2Y,3M BBSW,0.007599854477469404
2019-09-26,AUD,2Y,3M BBSW,0.007639468480013869
2019-09-25,AUD,2Y,3M BBSW,0.0076909785219316795
2019-09-24,AUD,2Y,3M BBSW,0.007775000000025005
2019-09-23,AUD,2Y,3M BBSW,0.0077250000000530505
2019-09-20,AUD,2Y,3M BBSW,0.007687868858430171
2019-09-19,AUD,2Y,3M BBSW,0.00822569614288594
2019-09-18,AUD,2Y,3M BBSW,0.008875897947107643
2019-09-17,AUD,2Y,3M BBSW,0.009024999999943367
2019-09-16,AUD,2Y,3M BBSW,0.009286999999933158
2019-09-13,AUD,2Y,3M BBSW,0.009037786142126488
2019-09-12,AUD,2Y,3M BBSW,0.00883782750100905
2019-09-11,AUD,2Y,3M BBSW,0.008714330407302105
2019-09-10,AUD,2Y,3M BBSW,0.008524999999990044
2019-09-09,AUD,2Y,3M BBSW,0.00818799999998577
2019-09-06,AUD,2Y,3M BBSW,0.008124832585082578
2019-09-05,AUD,2Y,3M BBSW,0.007851215670647338
2019-09-04,AUD,2Y,3M BBSW,0.00744176058791423
2019-09-03,AUD,2Y,3M BBSW,0.007250000000003955
2019-09-02,AUD,2Y,3M BBSW,0.007174999999983132
2019-08-30,AUD,2Y,3M BBSW,0.007250059381222883
2019-08-29,AUD,2Y,3M BBSW,0.007002448474281331
2019-08-28,AUD,2Y,3M BBSW,0.007068767804769394
2019-08-27,AUD,2Y,3M BBSW,0.007337015916799087
2019-08-26,AUD,2Y,3M BBSW,0.007174999999987244
2019-08-23,AUD,2Y,3M BBSW,0.006999880583214151
2019-08-22,AUD,2Y,3M BBSW,0.007339897149375842
2019-08-21,AUD,2Y,3M BBSW,0.007093657817768689
2019-08-20,AUD,2Y,3M BBSW,0.007062974142537513
2019-08-19,AUD,2Y,3M BBSW,0.007137999999984913
2019-08-16,AUD,2Y,3M BBSW,0.006874884447321972
2019-08-15,AUD,2Y,3M BBSW,0.007065573836160653
2019-08-14,AUD,2Y,3M BBSW,0.007094010454379015
2019-08-13,AUD,2Y,3M BBSW,0.007074972264840666
2019-08-12,AUD,2Y,3M BBSW,0.007261999999972159
2019-08-09,AUD,2Y,3M BBSW,0.007499864868861488
2019-08-08,AUD,2Y,3M BBSW,0.007314931579637814
2019-08-07,AUD,2Y,3M BBSW,0.007180422619882779
2019-08-06,AUD,2Y,3M BBSW,0.007324971377979311
2019-08-02,AUD,2Y,3M BBSW,0.007714346902013267
2019-08-01,AUD,2Y,3M BBSW,0.008613407960507018
2019-07-31,AUD,2Y,3M BBSW,0.008461560521168573
2019-07-30,AUD,2Y,3M BBSW,0.008562022811000488
2019-07-29,AUD,2Y,3M BBSW,0.008387999999956906
2019-07-26,AUD,2Y,3M BBSW,0.00859981967798516
2019-07-25,AUD,2Y,3M BBSW,0.009112376817148491
2019-07-24,AUD,2Y,3M BBSW,0.009362447298898846
2019-07-23,AUD,2Y,3M BBSW,0.009911938757914029
2019-07-22,AUD,2Y,3M BBSW,0.009924999999918662
2019-07-19,AUD,2Y,3M BBSW,0.009886830959557063
2019-07-18,AUD,2Y,3M BBSW,0.009698586389820064
2019-07-17,AUD,2Y,3M BBSW,0.009885024287063506
2019-07-16,AUD,2Y,3M BBSW,0.009811940943161764
2019-07-15,AUD,2Y,3M BBSW,0.01018999999988936
2019-07-12,AUD,2Y,3M BBSW,0.01019478645255789
2019-07-11,AUD,2Y,3M BBSW,0.009686570618872922
2019-07-10,AUD,2Y,3M BBSW,0.009872928723845691
2019-07-09,AUD,2Y,3M BBSW,0.009924940162751228
2019-07-08,AUD,2Y,3M BBSW,0.01005000000001495
2019-07-05,AUD,2Y,3M BBSW,0.009786741732616148
2019-07-04,AUD,2Y,3M BBSW,0.009686543817401479
2019-07-03,AUD,2Y,3M BBSW,0.00944915666408468
2019-07-02,AUD,2Y,3M BBSW,0.009749824163160064
2019-07-01,AUD,2Y,3M BBSW,0.009986874456992208
2019-06-28,AUD,2Y,3M BBSW,0.01006168791247175
2019-06-27,AUD,2Y,3M BBSW,0.01009807221258279
2019-06-26,AUD,2Y,3M BBSW,0.009548911168644479
2019-06-25,AUD,2Y,3M BBSW,0.009474831403048684
2019-06-24,AUD,2Y,3M BBSW,0.00953799999983181
2019-06-21,AUD,2Y,3M BBSW,0.009549746736086405
2019-06-20,AUD,2Y,3M BBSW,0.009437027801044577
2019-06-19,AUD,2Y,3M BBSW,0.01002268409835946
2019-06-18,AUD,2Y,3M BBSW,0.01042500000003316
2019-06-17,AUD,2Y,3M BBSW,0.010749999999810552
2019-06-14,AUD,2Y,3M BBSW,0.010510805776441909
2019-06-13,AUD,2Y,3M BBSW,0.0106828144208529
2019-06-12,AUD,2Y,3M BBSW,0.011092745693031281
2019-06-11,AUD,2Y,3M BBSW,0.01133800000004773
2019-06-07,AUD,2Y,3M BBSW,0.011199610625283489
2019-06-06,AUD,2Y,3M BBSW,0.01127144083553633
2019-06-05,AUD,2Y,3M BBSW,0.011767949360989181
2019-06-04,AUD,2Y,3M BBSW,0.01185000000003688
2019-06-03,AUD,2Y,3M BBSW,0.01181199999955096
2019-05-31,AUD,2Y,3M BBSW,0.01173833129116163
2019-05-30,AUD,2Y,3M BBSW,0.01198396865415009
2019-05-29,AUD,2Y,3M BBSW,0.01175615991360967
2019-05-28,AUD,2Y,3M BBSW,0.012088002041949979
2019-05-27,AUD,2Y,3M BBSW,0.01205004501285325
2019-05-24,AUD,2Y,3M BBSW,0.0120998019564499
2019-05-23,AUD,2Y,3M BBSW,0.01235795793232524
2019-05-22,AUD,2Y,3M BBSW,0.01261559232964179
2019-05-21,AUD,2Y,3M BBSW,0.012849845136583412
2019-05-20,AUD,2Y,3M BBSW,0.01319989360697882
2019-05-17,AUD,2Y,3M BBSW,0.01274978014637871
2019-05-16,AUD,2Y,3M BBSW,0.01305698438411761
2019-05-15,AUD,2Y,3M BBSW,0.01327595837026194
2019-05-14,AUD,2Y,3M BBSW,0.013350005741387309
2019-05-13,AUD,2Y,3M BBSW,0.01357489044789863
2019-05-10,AUD,2Y,3M BBSW,0.01377474299608106
2019-05-09,AUD,2Y,3M BBSW,0.01368111423805545
2019-05-08,AUD,2Y,3M BBSW,0.01382430481787269
2019-05-07,AUD,2Y,3M BBSW,0.0131498372981971
2019-05-06,AUD,2Y,3M BBSW,0.01324989438283907
2019-05-03,AUD,2Y,3M BBSW,0.01358664104397447
2019-05-02,AUD,2Y,3M BBSW,0.01355623231318176
2019-05-01,AUD,2Y,3M BBSW,0.0134014000738763
2019-04-30,AUD,2Y,3M BBSW,0.01362505951456344
2019-04-29,AUD,2Y,3M BBSW,0.01376200000041132
2019-04-26,AUD,2Y,3M BBSW,0.013549564380911521
2019-04-24,AUD,2Y,3M BBSW,0.01333874814244419
2019-04-23,AUD,2Y,3M BBSW,0.01492486332587551
2019-04-18,AUD,2Y,3M BBSW,0.015303788796781119
2019-04-17,AUD,2Y,3M BBSW,0.015195740902059609
2019-04-16,AUD,2Y,3M BBSW,0.01512485871169411
2019-04-15,AUD,2Y,3M BBSW,0.015362000000431
2019-04-12,AUD,2Y,3M BBSW,0.01576149052227044
2019-04-11,AUD,2Y,3M BBSW,0.015004136617007611
2019-04-10,AUD,2Y,3M BBSW,0.0145601826999216
2019-04-09,AUD,2Y,3M BBSW,0.014999862359891161
2019-04-08,AUD,2Y,3M BBSW,0.015125000000236699
2019-04-05,AUD,2Y,3M BBSW,0.015178951966369002
2019-04-04,AUD,2Y,3M BBSW,0.01523324514727147
2019-04-03,AUD,2Y,3M BBSW,0.01483958469539174
2019-04-02,AUD,2Y,3M BBSW,0.01494411867344539
2019-04-01,AUD,2Y,3M BBSW,0.01517471585869586
2019-03-29,AUD,2Y,3M BBSW,0.01493785165630651
2019-03-28,AUD,2Y,3M BBSW,0.014704544903073739
2019-03-27,AUD,2Y,3M BBSW,0.0150340323420498
2019-03-26,AUD,2Y,3M BBSW,0.01522457077483841
2019-03-25,AUD,2Y,3M BBSW,0.01504958695580119
2019-03-22,AUD,2Y,3M BBSW,0.01477461933352166
2019-03-21,AUD,2Y,3M BBSW,0.01585299993477382
2019-03-20,AUD,2Y,3M BBSW,0.01563248262026191
2019-03-19,AUD,2Y,3M BBSW,0.01602468381224131
2019-03-18,AUD,2Y,3M BBSW,0.01621300000069157
2019-03-15,AUD,2Y,3M BBSW,0.01610067724203132
2019-03-14,AUD,2Y,3M BBSW,0.01617837493563916
2019-03-13,AUD,2Y,3M BBSW,0.016330595225873643
2019-03-12,AUD,2Y,3M BBSW,0.01692464302572495
2019-03-11,AUD,2Y,3M BBSW,0.01686200000045345
2019-03-08,AUD,2Y,3M BBSW,0.01702431554010107
2019-03-07,AUD,2Y,3M BBSW,0.01702625489791321
2019-03-06,AUD,2Y,3M BBSW,0.01740260431998843
2019-03-05,AUD,2Y,3M BBSW,0.017724599773003752
2019-03-04,AUD,2Y,3M BBSW,0.01785000000042176
2019-03-01,AUD,2Y,3M BBSW,0.01769946616641277
2019-02-28,AUD,2Y,3M BBSW,0.0174588763510992
2019-02-27,AUD,2Y,3M BBSW,0.01744851673436101
2019-02-26,AUD,2Y,3M BBSW,0.01753789561222659
2019-02-25,AUD,2Y,3M BBSW,0.017549680292614712
2019-02-22,AUD,2Y,3M BBSW,0.0174115121369752
2019-02-21,AUD,2Y,3M BBSW,0.01743830465507144
2019-02-20,AUD,2Y,3M BBSW,0.0175526887900291
2019-02-19,AUD,2Y,3M BBSW,0.0178748917019621
2019-02-18,AUD,2Y,3M BBSW,0.01799966417122666
2019-02-15,AUD,2Y,3M BBSW,0.01812545046898821
2019-02-14,AUD,2Y,3M BBSW,0.0181506632750333
2019-02-13,AUD,2Y,3M BBSW,0.01798653996131665
2019-02-12,AUD,2Y,3M BBSW,0.017899891784205438
2019-02-11,AUD,2Y,3M BBSW,0.01762467670026982
2019-02-08,AUD,2Y,3M BBSW,0.01726253154205249
2019-02-07,AUD,2Y,3M BBSW,0.01772591716183963
2019-02-06,AUD,2Y,3M BBSW,0.01787682773038487
2019-02-05,AUD,2Y,3M BBSW,0.01873775537955822
2019-02-04,AUD,2Y,3M BBSW,0.0185875189702786
2019-02-01,AUD,2Y,3M BBSW,0.01894929312360634
2019-01-31,AUD,2Y,3M BBSW,0.0189260632695355
2019-01-30,AUD,2Y,3M BBSW,0.01907567103835152
2019-01-29,AUD,2Y,3M BBSW,0.01877499999965502
2019-01-25,AUD,2Y,3M BBSW,0.01894891626288445
2019-01-24,AUD,2Y,3M BBSW,0.01906211307070833
2019-01-23,AUD,2Y,3M BBSW,0.01914847024495394
2019-01-22,AUD,2Y,3M BBSW,0.01922487385073203
2019-01-21,AUD,2Y,3M BBSW,0.01933761486057146
2019-01-18,AUD,2Y,3M BBSW,0.01946110942294291
2019-01-17,AUD,2Y,3M BBSW,0.019099064226874362
2019-01-16,AUD,2Y,3M BBSW,0.01896096313134652
2019-01-15,AUD,2Y,3M BBSW,0.01903699999955142
2019-01-14,AUD,2Y,3M BBSW,0.01891275124435838
2019-01-11,AUD,2Y,3M BBSW,0.0188990580373486
2019-01-10,AUD,2Y,3M BBSW,0.01879902422713313
2019-01-09,AUD,2Y,3M BBSW,0.01894899931658665
2019-01-08,AUD,2Y,3M BBSW,0.01895000000000088
2019-01-07,AUD,2Y,3M BBSW,0.01874963063544223
2019-01-04,AUD,2Y,3M BBSW,0.01929899443123056
2019-01-03,AUD,2Y,3M BBSW,0.01849976851638284
2019-01-02,AUD,2Y,3M BBSW,0.01877446001129409
2018-12-31,AUD,2Y,3M BBSW,0.01900052231247569
2018-12-28,AUD,2Y,3M BBSW,0.01912340687103248
2018-12-27,AUD,2Y,3M BBSW,0.01929771200967268
2018-12-24,AUD,2Y,3M BBSW,0.0192498834557812
2018-12-21,AUD,2Y,3M BBSW,0.01952409454858317
2018-12-20,AUD,2Y,3M BBSW,0.019523363293094242
2018-12-19,AUD,2Y,3M BBSW,0.019497307725127092
2018-12-18,AUD,2Y,3M BBSW,0.01962500000000127
2018-12-17,AUD,2Y,3M BBSW,0.01976286785069886
2018-12-14,AUD,2Y,3M BBSW,0.01968827133487406
2018-12-13,AUD,2Y,3M BBSW,0.01997274761083696
2018-12-12,AUD,2Y,3M BBSW,0.01967184526095492
2018-12-11,AUD,2Y,3M BBSW,0.01966200000000146
2018-12-10,AUD,2Y,3M BBSW,0.01947474157107758
2018-12-07,AUD,2Y,3M BBSW,0.01937397413504945
2018-12-06,AUD,2Y,3M BBSW,0.01941138763895771
2018-12-05,AUD,2Y,3M BBSW,0.01987131843694422
2018-12-04,AUD,2Y,3M BBSW,0.020100000000000732
2018-12-03,AUD,2Y,3M BBSW,0.02037485790234081
2018-11-30,AUD,2Y,3M BBSW,0.020300289560655157
2018-11-29,AUD,2Y,3M BBSW,0.020359515385824957
2018-11-28,AUD,2Y,3M BBSW,0.02039522295031458
2018-11-27,AUD,2Y,3M BBSW,0.020475000000001038
2018-11-26,AUD,2Y,3M BBSW,0.020499861178538872
2018-11-23,AUD,2Y,3M BBSW,0.02052381939074515
2018-11-22,AUD,2Y,3M BBSW,0.02062171723886729
2018-11-21,AUD,2Y,3M BBSW,0.02074430754077454
2018-11-20,AUD,2Y,3M BBSW,0.020812000000000892
2018-11-19,AUD,2Y,3M BBSW,0.0207498582478371
2018-11-16,AUD,2Y,3M BBSW,0.02094875945113702
2018-11-15,AUD,2Y,3M BBSW,0.02095232571001163
2018-11-14,AUD,2Y,3M BBSW,0.02086016368044017
2018-11-13,AUD,2Y,3M BBSW,0.02095000000000396
2018-11-12,AUD,2Y,3M BBSW,0.02092485664339367
2018-11-09,AUD,2Y,3M BBSW,0.020661802859517762
2018-11-08,AUD,2Y,3M BBSW,0.020831427258199076
2018-11-07,AUD,2Y,3M BBSW,0.02061963031102245
2018-11-06,AUD,2Y,3M BBSW,0.02061200000033381
2018-11-05,AUD,2Y,3M BBSW,0.020574716281912223
2018-11-02,AUD,2Y,3M BBSW,0.02074862808353262
2018-11-01,AUD,2Y,3M BBSW,0.020247093030283637
2018-10-31,AUD,2Y,3M BBSW,0.02000187511136565
2018-10-30,AUD,2Y,3M BBSW,0.02001300000000423
2018-10-29,AUD,2Y,3M BBSW,0.02003800000000064
2018-10-26,AUD,2Y,3M BBSW,0.01996076811632647
2018-10-25,AUD,2Y,3M BBSW,0.0202586464922626
2018-10-24,AUD,2Y,3M BBSW,0.02020771220125081
2018-10-23,AUD,2Y,3M BBSW,0.02052500000000308
2018-10-22,AUD,2Y,3M BBSW,0.02064986077159896
2018-10-19,AUD,2Y,3M BBSW,0.02072339619018043
2018-10-18,AUD,2Y,3M BBSW,0.02059643789166675
2018-10-17,AUD,2Y,3M BBSW,0.02034535653689388
2018-10-16,AUD,2Y,3M BBSW,0.020575000000002622
2018-10-15,AUD,2Y,3M BBSW,0.02034999999998675
2018-10-12,AUD,2Y,3M BBSW,0.02017386832172738
2018-10-11,AUD,2Y,3M BBSW,0.020309699485910084
2018-10-10,AUD,2Y,3M BBSW,0.02031986077087219
2018-10-09,AUD,2Y,3M BBSW,0.02043800000000068
2018-10-08,AUD,2Y,3M BBSW,0.0203379999994371
2018-10-05,AUD,2Y,3M BBSW,0.02019672702349931
2018-10-04,AUD,2Y,3M BBSW,0.02024474273230238
2018-10-03,AUD,2Y,3M BBSW,0.01985795451046975
2018-10-02,AUD,2Y,3M BBSW,0.020275000000001122
2018-09-28,AUD,2Y,3M BBSW,0.020185998547206777
2018-09-27,AUD,2Y,3M BBSW,0.020584058753875548
2018-09-26,AUD,2Y,3M BBSW,0.020707105931730953
2018-09-25,AUD,2Y,3M BBSW,0.0207994179913776
2018-09-24,AUD,2Y,3M BBSW,0.02077485791782323
2018-09-21,AUD,2Y,3M BBSW,0.0207489303732248
2018-09-20,AUD,2Y,3M BBSW,0.020671938165314718
2018-09-19,AUD,2Y,3M BBSW,0.020607665858940562
2018-09-18,AUD,2Y,3M BBSW,0.02033800000000049
2018-09-17,AUD,2Y,3M BBSW,0.02018686464556323
2018-09-14,AUD,2Y,3M BBSW,0.02018727888384802
2018-09-13,AUD,2Y,3M BBSW,0.02014764727957458
2018-09-12,AUD,2Y,3M BBSW,0.0198217245627455
2018-09-11,AUD,2Y,3M BBSW,0.01997500000000111
2018-09-10,AUD,2Y,3M BBSW,0.01997472966675204
2018-09-07,AUD,2Y,3M BBSW,0.01998687845118081
2018-09-06,AUD,2Y,3M BBSW,0.02009757910384201
2018-09-05,AUD,2Y,3M BBSW,0.020157836480237862
2018-09-04,AUD,2Y,3M BBSW,0.01993800000000108
2018-09-03,AUD,2Y,3M BBSW,0.01982486670547894
2018-08-31,AUD,2Y,3M BBSW,0.01960065855109845
2018-08-30,AUD,2Y,3M BBSW,0.02006146665976388
2018-08-29,AUD,2Y,3M BBSW,0.020345488100824972
2018-08-28,AUD,2Y,3M BBSW,0.020463000000000998
2018-08-27,AUD,2Y,3M BBSW,0.02023800000000017
2018-08-24,AUD,2Y,3M BBSW,0.02041099611220062
2018-08-23,AUD,2Y,3M BBSW,0.02007207179566533
2018-08-22,AUD,2Y,3M BBSW,0.02032013082344541
2018-08-21,AUD,2Y,3M BBSW,0.020338000000276368
2018-08-20,AUD,2Y,3M BBSW,0.0201750000000015
2018-08-17,AUD,2Y,3M BBSW,0.02033700365030834
2018-08-16,AUD,2Y,3M BBSW,0.020171930565847238
2018-08-15,AUD,2Y,3M BBSW,0.02020600278334479
2018-08-14,AUD,2Y,3M BBSW,0.02045000000000579
2018-08-13,AUD,2Y,3M BBSW,0.020550000000002087
2018-08-10,AUD,2Y,3M BBSW,0.02054898403474695
2018-08-09,AUD,2Y,3M BBSW,0.02070916766541782
2018-08-08,AUD,2Y,3M BBSW,0.02094347539672176
2018-08-07,AUD,2Y,3M BBSW,0.020950000000001138
2018-08-03,AUD,2Y,3M BBSW,0.020995597260449007
2018-08-02,AUD,2Y,3M BBSW,0.02109231136483704
2018-08-01,AUD,2Y,3M BBSW,0.0210648880635302
2018-07-31,AUD,2Y,3M BBSW,0.02102500000000568
2018-07-30,AUD,2Y,3M BBSW,0.02080000000021693
2018-07-27,AUD,2Y,3M BBSW,0.02077353942947822
2018-07-26,AUD,2Y,3M BBSW,0.020757960572065023
2018-07-25,AUD,2Y,3M BBSW,0.021004687909789318
2018-07-24,AUD,2Y,3M BBSW,0.02122500000000171
2018-07-23,AUD,2Y,3M BBSW,0.02132500000000154
2018-07-20,AUD,2Y,3M BBSW,0.02126163274676859
2018-07-19,AUD,2Y,3M BBSW,0.02114511386957548
2018-07-18,AUD,2Y,3M BBSW,0.02101795362832473
2018-07-17,AUD,2Y,3M BBSW,0.02097500000000187
2018-07-16,AUD,2Y,3M BBSW,0.020950000000000468
2018-07-13,AUD,2Y,3M BBSW,0.02067369538098105
2018-07-12,AUD,2Y,3M BBSW,0.020833990331529592
2018-07-11,AUD,2Y,3M BBSW,0.02085524066589247
2018-07-10,AUD,2Y,3M BBSW,0.021274397403075417
2018-07-09,AUD,2Y,3M BBSW,0.020887000000001363
2018-07-06,AUD,2Y,3M BBSW,0.02073168996251066
2018-07-05,AUD,2Y,3M BBSW,0.020658243553499198
2018-07-04,AUD,2Y,3M BBSW,0.0207436924528594
2018-07-03,AUD,2Y,3M BBSW,0.020511999999608246
2018-07-02,AUD,2Y,3M BBSW,0.020725000000002273
2018-06-29,AUD,2Y,3M BBSW,0.02079956213951606
2018-06-28,AUD,2Y,3M BBSW,0.02070929780754613
2018-06-27,AUD,2Y,3M BBSW,0.0208310636149977
2018-06-26,AUD,2Y,3M BBSW,0.02089970641704381
2018-06-25,AUD,2Y,3M BBSW,0.02097441525510365
2018-06-22,AUD,2Y,3M BBSW,0.02096164386393801
2018-06-21,AUD,2Y,3M BBSW,0.021145682291482483
2018-06-20,AUD,2Y,3M BBSW,0.02093179501081703
2018-06-19,AUD,2Y,3M BBSW,0.02075000000000264
2018-06-18,AUD,2Y,3M BBSW,0.02080000000000198
2018-06-15,AUD,2Y,3M BBSW,0.020951361377478703
2018-06-14,AUD,2Y,3M BBSW,0.021072188221704157
2018-06-13,AUD,2Y,3M BBSW,0.02116819154335704
2018-06-12,AUD,2Y,3M BBSW,0.021212000000001997
2018-06-08,AUD,2Y,3M BBSW,0.021045227945882917
2018-06-07,AUD,2Y,3M BBSW,0.02141654669956381
2018-06-06,AUD,2Y,3M BBSW,0.021139906500080394
2018-06-05,AUD,2Y,3M BBSW,0.02122500000000007
2018-06-04,AUD,2Y,3M BBSW,0.021274999999998642
2025-11-03,AUD,30M,3M BBSW,0.03594299999994019
2025-10-31,AUD,30M,3M BBSW,0.03554400153127131
2025-10-30,AUD,30M,3M BBSW,0.035565000000065614
2025-10-29,AUD,30M,3M BBSW,0.03580599999996734
2025-10-28,AUD,30M,3M BBSW,0.034208999999923634
2025-10-27,AUD,30M,3M BBSW,0.034167000000353304
2025-10-24,AUD,30M,3M BBSW,0.0334389861951778
2025-10-23,AUD,30M,3M BBSW,0.03364000000002032
2025-10-22,AUD,30M,3M BBSW,0.03322799999994837
2025-10-21,AUD,30M,3M BBSW,0.0334250000000179
2025-10-20,AUD,30M,3M BBSW,0.03315300000023441
2025-10-17,AUD,30M,3M BBSW,0.03304595603315277
2025-10-16,AUD,30M,3M BBSW,0.03294999999995162
2025-10-15,AUD,30M,3M BBSW,0.03444144330508431
2025-10-14,AUD,30M,3M BBSW,0.03445567886850732
2025-10-13,AUD,30M,3M BBSW,0.03450299999999657
2025-10-10,AUD,30M,3M BBSW,0.0351179993861929
2025-10-09,AUD,30M,3M BBSW,0.03518599999998945
2025-10-08,AUD,30M,3M BBSW,0.03474899999994416
2025-10-07,AUD,30M,3M BBSW,0.03474499864989982
2025-10-03,AUD,30M,3M BBSW,0.03465947219253657
2025-10-02,AUD,30M,3M BBSW,0.03450640604685721
2025-10-01,AUD,30M,3M BBSW,0.03462481883109505
2025-09-30,AUD,30M,3M BBSW,0.03506199879274007
2025-09-29,AUD,30M,3M BBSW,0.034633343090266354
2025-09-26,AUD,30M,3M BBSW,0.03485134986220609
2025-09-25,AUD,30M,3M BBSW,0.03486388455509494
2025-09-24,AUD,30M,3M BBSW,0.03464699884873403
2025-09-23,AUD,30M,3M BBSW,0.033517998715216206
2025-09-22,AUD,30M,3M BBSW,0.03369068721055376
2025-09-19,AUD,30M,3M BBSW,0.03334040599250824
2025-09-18,AUD,30M,3M BBSW,0.03320865719302433
2025-09-17,AUD,30M,3M BBSW,0.03335799906149826
2025-09-16,AUD,30M,3M BBSW,0.03333899908183625
2025-09-15,AUD,30M,3M BBSW,0.03331760622657043
2025-09-12,AUD,30M,3M BBSW,0.033449981336527
2025-09-11,AUD,30M,3M BBSW,0.033188698084853
2025-09-10,AUD,30M,3M BBSW,0.03311199920726029
2025-09-09,AUD,30M,3M BBSW,0.033463999003027184
2025-09-08,AUD,30M,3M BBSW,0.03311940013286853
2025-09-05,AUD,30M,3M BBSW,0.03319658925316505
2025-09-04,AUD,30M,3M BBSW,0.03341023108310284
2025-09-03,AUD,30M,3M BBSW,0.03370399855018184
2025-09-02,AUD,30M,3M BBSW,0.03314699888529487
2025-09-01,AUD,30M,3M BBSW,0.033066698797613474
2025-08-29,AUD,30M,3M BBSW,0.03276020234198748
2025-08-28,AUD,30M,3M BBSW,0.032672394845041024
2025-08-27,AUD,30M,3M BBSW,0.032686227764273997
2025-08-26,AUD,30M,3M BBSW,0.03265213756715657
2025-08-25,AUD,30M,3M BBSW,0.03267199914489112
2025-08-22,AUD,30M,3M BBSW,0.03277739698983246
2025-08-21,AUD,30M,3M BBSW,0.032790698522841485
2025-08-20,AUD,30M,3M BBSW,0.03247861923881358
2025-08-19,AUD,30M,3M BBSW,0.03275991796242855
2025-08-18,AUD,30M,3M BBSW,0.0326669990831258
2025-08-15,AUD,30M,3M BBSW,0.03236970633698968
2025-08-14,AUD,30M,3M BBSW,0.03251836497470189
2025-08-13,AUD,30M,3M BBSW,0.03217495153490378
2025-08-12,AUD,30M,3M BBSW,0.03247548391733734
2025-08-11,AUD,30M,3M BBSW,0.03300799932059383
2025-08-08,AUD,30M,3M BBSW,0.03290439012374009
2025-08-07,AUD,30M,3M BBSW,0.03285870000547186
2025-08-06,AUD,30M,3M BBSW,0.03275332739829067
2025-08-05,AUD,30M,3M BBSW,0.03265611307150255
2025-08-01,AUD,30M,3M BBSW,0.03279181169994994
2025-07-31,AUD,30M,3M BBSW,0.03324706339985812
2025-07-30,AUD,30M,3M BBSW,0.033007788701306745
2025-07-29,AUD,30M,3M BBSW,0.03308325083184719
2025-07-28,AUD,30M,3M BBSW,0.03344999920176665
2025-07-25,AUD,30M,3M BBSW,0.03358066035482159
2025-07-24,AUD,30M,3M BBSW,0.03354468724990456
2025-07-23,AUD,30M,3M BBSW,0.03304100235217811
2025-07-22,AUD,30M,3M BBSW,0.032788846226864614
2025-07-21,AUD,30M,3M BBSW,0.0327829993864296
2025-07-18,AUD,30M,3M BBSW,0.032806122335600055
2025-07-17,AUD,30M,3M BBSW,0.03265315655103297
2025-07-16,AUD,30M,3M BBSW,0.03359740111063889
2025-07-15,AUD,30M,3M BBSW,0.03404075651612073
2025-07-14,AUD,30M,3M BBSW,0.03349199937246049
2025-07-11,AUD,30M,3M BBSW,0.03333702715755869
2025-07-10,AUD,30M,3M BBSW,0.03325805148753933
2025-07-09,AUD,30M,3M BBSW,0.03301703170867439
2025-07-08,AUD,30M,3M BBSW,0.03322096669394602
2025-07-07,AUD,30M,3M BBSW,0.03213099924568894
2025-07-04,AUD,30M,3M BBSW,0.03197716302804738
2025-07-03,AUD,30M,3M BBSW,0.03213667607227471
2025-07-02,AUD,30M,3M BBSW,0.03170869605270542
2025-07-01,AUD,30M,3M BBSW,0.03154003995830382
2025-06-30,AUD,30M,3M BBSW,0.031561005580967506
2025-06-27,AUD,30M,3M BBSW,0.03157078041472381
2025-06-26,AUD,30M,3M BBSW,0.03134962470017868
2025-06-25,AUD,30M,3M BBSW,0.03143242481523746
2025-06-24,AUD,30M,3M BBSW,0.03185199942482252
2025-06-23,AUD,30M,3M BBSW,0.03220499941101544
2025-06-20,AUD,30M,3M BBSW,0.03231693539211969
2025-06-19,AUD,30M,3M BBSW,0.0324118180138795
2025-06-18,AUD,30M,3M BBSW,0.03272132340735438
2025-06-17,AUD,30M,3M BBSW,0.03247299933717837
2025-06-16,AUD,30M,3M BBSW,0.03250499917909748
2025-06-13,AUD,30M,3M BBSW,0.03231965857711351
2025-06-12,AUD,30M,3M BBSW,0.0320429701600417
2025-06-11,AUD,30M,3M BBSW,0.03250376698334435
2025-06-10,AUD,30M,3M BBSW,0.03294499911050907
2025-06-06,AUD,30M,3M BBSW,0.03325544976378388
2025-06-05,AUD,30M,3M BBSW,0.03255365174750985
2025-06-04,AUD,30M,3M BBSW,0.03190899185458525
2025-06-03,AUD,30M,3M BBSW,0.032088999361515
2025-06-02,AUD,30M,3M BBSW,0.03261699953094774
2025-05-30,AUD,30M,3M BBSW,0.03244213666319133
2025-05-29,AUD,30M,3M BBSW,0.03281741330363996
2025-05-28,AUD,30M,3M BBSW,0.03353931053782061
2025-05-27,AUD,30M,3M BBSW,0.03270428373111558
2025-05-26,AUD,30M,3M BBSW,0.032887999372693606
2025-05-23,AUD,30M,3M BBSW,0.03309393487655531
2025-05-22,AUD,30M,3M BBSW,0.03337731280616347
2025-05-21,AUD,30M,3M BBSW,0.03378829727021895
2025-05-20,AUD,30M,3M BBSW,0.03310763051376933
2025-05-19,AUD,30M,3M BBSW,0.03504899943807206
2025-05-16,AUD,30M,3M BBSW,0.03527967111430861
2025-05-15,AUD,30M,3M BBSW,0.03483000113206395
2025-05-14,AUD,30M,3M BBSW,0.03512280793910922
2025-05-13,AUD,30M,3M BBSW,0.03477919532528159
2025-05-12,AUD,30M,3M BBSW,0.03453399949308992
2025-05-09,AUD,30M,3M BBSW,0.03306795024661856
2025-05-08,AUD,30M,3M BBSW,0.03310637106194751
2025-05-07,AUD,30M,3M BBSW,0.03235295344080126
2025-05-06,AUD,30M,3M BBSW,0.032727401613990514
2025-05-05,AUD,30M,3M BBSW,0.03288099967096958
2025-05-02,AUD,30M,3M BBSW,0.03281413985341302
2025-05-01,AUD,30M,3M BBSW,0.03223796677764527
2025-04-30,AUD,30M,3M BBSW,0.03209519843890539
2025-04-29,AUD,30M,3M BBSW,0.03191300002585948
2025-04-28,AUD,30M,3M BBSW,0.03193199992338925
2025-04-24,AUD,30M,3M BBSW,0.032279145798777546
2025-04-23,AUD,30M,3M BBSW,0.03293089681182552
2025-04-22,AUD,30M,3M BBSW,0.03246999978190432
2025-04-17,AUD,30M,3M BBSW,0.03239228649688449
2025-04-16,AUD,30M,3M BBSW,0.03224530561478251
2025-04-15,AUD,30M,3M BBSW,0.03261599980240514
2025-04-14,AUD,30M,3M BBSW,0.03248299950900333
2025-04-11,AUD,30M,3M BBSW,0.03305613908357179
2025-04-10,AUD,30M,3M BBSW,0.03185192628182207
2025-04-09,AUD,30M,3M BBSW,0.03281512206321433
2025-04-08,AUD,30M,3M BBSW,0.03206599989281845
2025-04-07,AUD,30M,3M BBSW,0.03388699969950241
2025-04-04,AUD,30M,3M BBSW,0.03320015487815554
2025-03-28,AUD,30M,3M BBSW,0.03662740720261801
2025-03-27,AUD,30M,3M BBSW,0.03696728874369841
2025-03-26,AUD,30M,3M BBSW,0.0369911140642416
2025-03-25,AUD,30M,3M BBSW,0.036974504200712646
2025-03-24,AUD,30M,3M BBSW,0.03673500019970974
2025-03-21,AUD,30M,3M BBSW,0.03668810068662624
2025-03-20,AUD,30M,3M BBSW,0.03680903909025226
2025-03-19,AUD,30M,3M BBSW,0.03704397207593995
2025-03-18,AUD,30M,3M BBSW,0.03704023215710683
2025-03-17,AUD,30M,3M BBSW,0.037004000148763774
2025-03-14,AUD,30M,3M BBSW,0.03695952900830272
2025-03-13,AUD,30M,3M BBSW,0.03681767534130126
2025-03-12,AUD,30M,3M BBSW,0.037103548793797174
2025-03-11,AUD,30M,3M BBSW,0.03684163141374234
2025-03-10,AUD,30M,3M BBSW,0.03664200020507714
2025-03-07,AUD,30M,3M BBSW,0.037093276434654564
2025-03-06,AUD,30M,3M BBSW,0.037382531003635304
2025-03-05,AUD,30M,3M BBSW,0.037665267794414724
2025-03-04,AUD,30M,3M BBSW,0.03718394315607672
2025-03-03,AUD,30M,3M BBSW,0.03680400074362734
2025-02-28,AUD,30M,3M BBSW,0.03713511780844326
2025-02-27,AUD,30M,3M BBSW,0.037388363237321746
2025-02-26,AUD,30M,3M BBSW,0.03758500026067769
2025-02-25,AUD,30M,3M BBSW,0.03774059972467951
2025-02-24,AUD,30M,3M BBSW,0.03801541221491835
2025-02-21,AUD,30M,3M BBSW,0.03856096251845907
2025-02-20,AUD,30M,3M BBSW,0.039008224103219
2025-02-19,AUD,30M,3M BBSW,0.03882999964222535
2025-02-18,AUD,30M,3M BBSW,0.03901457342722467
2025-02-17,AUD,30M,3M BBSW,0.03830939198539478
2025-02-14,AUD,30M,3M BBSW,0.03818877872066355
2025-02-13,AUD,30M,3M BBSW,0.03800826527501742
2025-02-12,AUD,30M,3M BBSW,0.0388559996955166
2025-02-11,AUD,30M,3M BBSW,0.038260587317237825
2025-02-10,AUD,30M,3M BBSW,0.037669441578112084
2025-02-07,AUD,30M,3M BBSW,0.03766784850292394
2025-02-06,AUD,30M,3M BBSW,0.037233297844986704
2025-02-05,AUD,30M,3M BBSW,0.03697600362731275
2025-02-04,AUD,30M,3M BBSW,0.03767170897609347
2025-02-03,AUD,30M,3M BBSW,0.03762038536190994
2025-01-31,AUD,30M,3M BBSW,0.037619556162330106
2025-01-30,AUD,30M,3M BBSW,0.03768350593693163
2025-01-29,AUD,30M,3M BBSW,0.03769373885126258
2025-01-28,AUD,30M,3M BBSW,0.03827237295256107
2025-01-24,AUD,30M,3M BBSW,0.0386814784907394
2025-01-23,AUD,30M,3M BBSW,0.03867101654959758
2025-01-22,AUD,30M,3M BBSW,0.03901932952098782
2025-01-21,AUD,30M,3M BBSW,0.03883057063720938
2025-01-20,AUD,30M,3M BBSW,0.03875600693953943
2025-01-17,AUD,30M,3M BBSW,0.0393208023636585
2025-11-03,AUD,3Y,3M BBSW,0.03626099999976446
2025-10-31,AUD,3Y,3M BBSW,0.03592099999983106
2025-10-30,AUD,3Y,3M BBSW,0.03588300000003219
2025-10-29,AUD,3Y,3M BBSW,0.03614499999969814
2025-10-28,AUD,3Y,3M BBSW,0.034520999999794466
2025-10-27,AUD,3Y,3M BBSW,0.03443199999974831
2025-10-24,AUD,3Y,3M BBSW,0.03378997355148559
2025-10-23,AUD,3Y,3M BBSW,0.03395800000002414
2025-10-22,AUD,3Y,3M BBSW,0.03351599999981564
2025-10-21,AUD,3Y,3M BBSW,0.03375399999968017
2025-10-20,AUD,3Y,3M BBSW,0.033420999999730576
2025-10-17,AUD,3Y,3M BBSW,0.033499959140449
2025-10-16,AUD,3Y,3M BBSW,0.03327699999972285
2025-10-15,AUD,3Y,3M BBSW,0.0347234928550828
2025-10-14,AUD,3Y,3M BBSW,0.034758196051354245
2025-10-13,AUD,3Y,3M BBSW,0.03478999999972453
2025-10-10,AUD,3Y,3M BBSW,0.03539299043946847
2025-10-09,AUD,3Y,3M BBSW,0.03552599999970032
2025-10-08,AUD,3Y,3M BBSW,0.03504899999978714
2025-10-07,AUD,3Y,3M BBSW,0.035029151206406664
2025-10-03,AUD,3Y,3M BBSW,0.03491332280429862
2025-10-02,AUD,3Y,3M BBSW,0.03484126813633312
2025-10-01,AUD,3Y,3M BBSW,0.03495623273580713
2025-09-30,AUD,3Y,3M BBSW,0.03545379308923235
2025-09-29,AUD,3Y,3M BBSW,0.034965452742980074
2025-09-26,AUD,3Y,3M BBSW,0.03522770362375252
2025-09-25,AUD,3Y,3M BBSW,0.035349210130990544
2025-09-24,AUD,3Y,3M BBSW,0.034922108253044766
2025-09-23,AUD,3Y,3M BBSW,0.03384311489114591
2025-09-22,AUD,3Y,3M BBSW,0.03409374955101247
2025-09-19,AUD,3Y,3M BBSW,0.0337817180352578
2025-09-18,AUD,3Y,3M BBSW,0.03367619733582973
2025-09-17,AUD,3Y,3M BBSW,0.03369216140271603
2025-09-16,AUD,3Y,3M BBSW,0.03359750987127144
2025-09-15,AUD,3Y,3M BBSW,0.033666525427987926
2025-09-12,AUD,3Y,3M BBSW,0.03386118632636693
2025-09-11,AUD,3Y,3M BBSW,0.03356596138565081
2025-09-10,AUD,3Y,3M BBSW,0.033406157188326964
2025-09-09,AUD,3Y,3M BBSW,0.03377122610072735
2025-09-08,AUD,3Y,3M BBSW,0.03342350283656872
2025-09-05,AUD,3Y,3M BBSW,0.0333757759426521
2025-09-04,AUD,3Y,3M BBSW,0.03386218049880371
2025-09-03,AUD,3Y,3M BBSW,0.03406884035448534
2025-09-02,AUD,3Y,3M BBSW,0.03349269328186109
2025-09-01,AUD,3Y,3M BBSW,0.03348375965388881
2025-08-29,AUD,3Y,3M BBSW,0.03306832556088418
2025-08-28,AUD,3Y,3M BBSW,0.03299624715047131
2025-08-27,AUD,3Y,3M BBSW,0.03307417632412526
2025-08-26,AUD,3Y,3M BBSW,0.03303895827103083
2025-08-25,AUD,3Y,3M BBSW,0.0330550121919157
2025-08-22,AUD,3Y,3M BBSW,0.03315679252753795
2025-08-21,AUD,3Y,3M BBSW,0.033211797706480424
2025-08-20,AUD,3Y,3M BBSW,0.032873654722165246
2025-08-19,AUD,3Y,3M BBSW,0.033178723163257644
2025-08-18,AUD,3Y,3M BBSW,0.03307701334453024
2025-08-15,AUD,3Y,3M BBSW,0.03274498545202743
2025-08-14,AUD,3Y,3M BBSW,0.03286106962163165
2025-08-13,AUD,3Y,3M BBSW,0.03245804505099664
2025-08-12,AUD,3Y,3M BBSW,0.032810332943858135
2025-08-11,AUD,3Y,3M BBSW,0.03332901072960674
2025-08-08,AUD,3Y,3M BBSW,0.03323279054887436
2025-08-07,AUD,3Y,3M BBSW,0.03313393227547492
2025-08-06,AUD,3Y,3M BBSW,0.03302174071513143
2025-08-05,AUD,3Y,3M BBSW,0.032901498063610285
2025-08-01,AUD,3Y,3M BBSW,0.03271232051127861
2025-07-31,AUD,3Y,3M BBSW,0.03356829780379199
2025-07-30,AUD,3Y,3M BBSW,0.03336773390709153
2025-07-29,AUD,3Y,3M BBSW,0.03346849350415647
2025-07-28,AUD,3Y,3M BBSW,0.03383601225990238
2025-07-25,AUD,3Y,3M BBSW,0.03393291131563177
2025-07-24,AUD,3Y,3M BBSW,0.0339321942742721
2025-07-23,AUD,3Y,3M BBSW,0.03343138895765749
2025-07-22,AUD,3Y,3M BBSW,0.03315023044976931
2025-07-21,AUD,3Y,3M BBSW,0.033116010470430134
2025-07-18,AUD,3Y,3M BBSW,0.03321956274622244
2025-07-17,AUD,3Y,3M BBSW,0.03304234096082549
2025-07-16,AUD,3Y,3M BBSW,0.0339836152991729
2025-07-15,AUD,3Y,3M BBSW,0.0344194060989226
2025-07-14,AUD,3Y,3M BBSW,0.0338523139117465
2025-07-11,AUD,3Y,3M BBSW,0.03379148077739385
2025-07-10,AUD,3Y,3M BBSW,0.03362850422702969
2025-07-09,AUD,3Y,3M BBSW,0.0333334784037815
2025-07-08,AUD,3Y,3M BBSW,0.03356451690577729
2025-07-07,AUD,3Y,3M BBSW,0.03251201136617606
2025-07-04,AUD,3Y,3M BBSW,0.032321750568563436
2025-07-03,AUD,3Y,3M BBSW,0.032577008778356446
2025-07-02,AUD,3Y,3M BBSW,0.03215608884447242
2025-07-01,AUD,3Y,3M BBSW,0.031942190580949166
2025-06-30,AUD,3Y,3M BBSW,0.031951013573723125
2025-06-27,AUD,3Y,3M BBSW,0.03204758402714611
2025-06-26,AUD,3Y,3M BBSW,0.03179074590692658
2025-06-25,AUD,3Y,3M BBSW,0.03186155454860494
2025-06-24,AUD,3Y,3M BBSW,0.03210796552371584
2025-06-23,AUD,3Y,3M BBSW,0.03253500952251564
2025-06-20,AUD,3Y,3M BBSW,0.03263340060046601
2025-06-19,AUD,3Y,3M BBSW,0.03276486442766214
2025-06-18,AUD,3Y,3M BBSW,0.033094666512767795
2025-06-17,AUD,3Y,3M BBSW,0.032746906772688184
2025-06-16,AUD,3Y,3M BBSW,0.03289301247758378
2025-06-13,AUD,3Y,3M BBSW,0.03263816657111666
2025-06-12,AUD,3Y,3M BBSW,0.03236844964566711
2025-06-11,AUD,3Y,3M BBSW,0.03280832451607497
2025-06-10,AUD,3Y,3M BBSW,0.03324013978479928
2025-06-06,AUD,3Y,3M BBSW,0.0336329879441532
2025-06-05,AUD,3Y,3M BBSW,0.032997829094726476
2025-06-04,AUD,3Y,3M BBSW,0.03228940110430448
2025-06-03,AUD,3Y,3M BBSW,0.03237052812698272
2025-06-02,AUD,3Y,3M BBSW,0.03291500850451329
2025-05-30,AUD,3Y,3M BBSW,0.03268396896519817
2025-05-29,AUD,3Y,3M BBSW,0.03310351224134947
2025-05-28,AUD,3Y,3M BBSW,0.03391393402939126
2025-05-27,AUD,3Y,3M BBSW,0.03299198287076305
2025-05-26,AUD,3Y,3M BBSW,0.03322951798086886
2025-05-23,AUD,3Y,3M BBSW,0.03344726542063369
2025-05-22,AUD,3Y,3M BBSW,0.03373372775908549
2025-05-21,AUD,3Y,3M BBSW,0.03422617146375047
2025-05-20,AUD,3Y,3M BBSW,0.03353035432052587
2025-05-19,AUD,3Y,3M BBSW,0.03536245887412834
2025-05-16,AUD,3Y,3M BBSW,0.0355600456954252
2025-05-15,AUD,3Y,3M BBSW,0.03512855446570796
2025-05-14,AUD,3Y,3M BBSW,0.03553050562632339
2025-05-13,AUD,3Y,3M BBSW,0.03515953890181934
2025-05-12,AUD,3Y,3M BBSW,0.03486747241030527
2025-05-09,AUD,3Y,3M BBSW,0.03324128221686371
2025-05-08,AUD,3Y,3M BBSW,0.03335278055285798
2025-05-07,AUD,3Y,3M BBSW,0.03258773011136781
2025-05-06,AUD,3Y,3M BBSW,0.03305117471811761
2025-05-05,AUD,3Y,3M BBSW,0.033191520278536134
2025-05-02,AUD,3Y,3M BBSW,0.03305863809752478
2025-05-01,AUD,3Y,3M BBSW,0.03248943840282403
2025-04-30,AUD,3Y,3M BBSW,0.03228061679359471
2025-04-29,AUD,3Y,3M BBSW,0.03219165677723794
2025-04-28,AUD,3Y,3M BBSW,0.032160006149919027
2025-04-24,AUD,3Y,3M BBSW,0.03256744643552926
2025-04-23,AUD,3Y,3M BBSW,0.03333971501378203
2025-04-22,AUD,3Y,3M BBSW,0.03266951945788011
2025-04-17,AUD,3Y,3M BBSW,0.03258224013510914
2025-04-16,AUD,3Y,3M BBSW,0.03258596886616067
2025-04-15,AUD,3Y,3M BBSW,0.03304807629166727
2025-04-14,AUD,3Y,3M BBSW,0.03298575336393477
2025-04-11,AUD,3Y,3M BBSW,0.03383357141857339
2025-04-10,AUD,3Y,3M BBSW,0.032169747660139116
2025-04-09,AUD,3Y,3M BBSW,0.03314988372587548
2025-04-08,AUD,3Y,3M BBSW,0.03217933928939805
2025-04-07,AUD,3Y,3M BBSW,0.03415900942400663
2025-04-04,AUD,3Y,3M BBSW,0.0331126019595281
2025-03-28,AUD,3Y,3M BBSW,0.036602701924595527
2025-03-27,AUD,3Y,3M BBSW,0.03705744200694078
2025-03-26,AUD,3Y,3M BBSW,0.03709638000436211
2025-03-25,AUD,3Y,3M BBSW,0.03713137885464404
2025-03-24,AUD,3Y,3M BBSW,0.0368000020819844
2025-03-21,AUD,3Y,3M BBSW,0.03671557217651872
2025-03-20,AUD,3Y,3M BBSW,0.03690166215090871
2025-03-19,AUD,3Y,3M BBSW,0.03706545767053378
2025-03-18,AUD,3Y,3M BBSW,0.03712740936308833
2025-03-17,AUD,3Y,3M BBSW,0.03705200130826748
2025-03-14,AUD,3Y,3M BBSW,0.03714614280419099
2025-03-13,AUD,3Y,3M BBSW,0.03688035736475967
2025-03-12,AUD,3Y,3M BBSW,0.03721002212022609
2025-03-11,AUD,3Y,3M BBSW,0.03696069234073633
2025-03-10,AUD,3Y,3M BBSW,0.036687001269179016
2025-03-07,AUD,3Y,3M BBSW,0.03720487906142635
2025-03-06,AUD,3Y,3M BBSW,0.03749123202626334
2025-03-05,AUD,3Y,3M BBSW,0.0377907638391159
2025-03-04,AUD,3Y,3M BBSW,0.03723622532974646
2025-03-03,AUD,3Y,3M BBSW,0.03678399960874479
2025-02-28,AUD,3Y,3M BBSW,0.03719938678407936
2025-02-27,AUD,3Y,3M BBSW,0.03733230211527082
2025-02-26,AUD,3Y,3M BBSW,0.037508919692656184
2025-02-25,AUD,3Y,3M BBSW,0.03773666594851084
2025-02-24,AUD,3Y,3M BBSW,0.03806366993371696
2025-02-21,AUD,3Y,3M BBSW,0.03870435964013085
2025-02-20,AUD,3Y,3M BBSW,0.03908886283014976
2025-02-19,AUD,3Y,3M BBSW,0.03893362392467504
2025-02-18,AUD,3Y,3M BBSW,0.039175647259601536
2025-02-17,AUD,3Y,3M BBSW,0.03835065342028212
2025-02-14,AUD,3Y,3M BBSW,0.03813243439274844
2025-02-13,AUD,3Y,3M BBSW,0.03802379977142578
2025-02-12,AUD,3Y,3M BBSW,0.03894060561776549
2025-02-11,AUD,3Y,3M BBSW,0.0383136565777501
2025-02-10,AUD,3Y,3M BBSW,0.03766869598367708
2025-02-07,AUD,3Y,3M BBSW,0.03776350212745719
2025-02-06,AUD,3Y,3M BBSW,0.03719253174321828
2025-02-05,AUD,3Y,3M BBSW,0.036881894582107645
2025-02-04,AUD,3Y,3M BBSW,0.037752331438327
2025-02-03,AUD,3Y,3M BBSW,0.03774604798895473
2025-01-31,AUD,3Y,3M BBSW,0.0375361371024275
2025-01-30,AUD,3Y,3M BBSW,0.03764596178142309
2025-01-29,AUD,3Y,3M BBSW,0.03765864813913999
2025-01-28,AUD,3Y,3M BBSW,0.03824298350014649
2025-01-24,AUD,3Y,3M BBSW,0.038641383928407096
2025-01-23,AUD,3Y,3M BBSW,0.03880310529004899
2025-01-22,AUD,3Y,3M BBSW,0.03899846312810197
2025-01-21,AUD,3Y,3M BBSW,0.03882863518361006
2025-01-20,AUD,3Y,3M BBSW,0.038714929189564
2025-01-17,AUD,3Y,3M BBSW,0.03935959385983617
2025-01-16,AUD,3Y,3M BBSW,0.039136797463087014
2025-01-15,AUD,3Y,3M BBSW,0.03911411172092897
2025-01-14,AUD,3Y,3M BBSW,0.040065999999972554
2025-01-13,AUD,3Y,3M BBSW,0.03994206672212071
2025-01-10,AUD,3Y,3M BBSW,0.03957655070326646
2025-01-09,AUD,3Y,3M BBSW,0.03844141005325449
2025-01-08,AUD,3Y,3M BBSW,0.03894057630000488
2025-01-07,AUD,3Y,3M BBSW,0.03942000000009906
2025-01-06,AUD,3Y,3M BBSW,0.03866491581644018
2025-01-03,AUD,3Y,3M BBSW,0.03816781900532979
2025-01-02,AUD,3Y,3M BBSW,0.038001529353082424
2024-12-31,AUD,3Y,3M BBSW,0.03787900000009368
2024-12-30,AUD,3Y,3M BBSW,0.0381257411823873
2024-12-27,AUD,3Y,3M BBSW,0.03803592505444435
2024-12-24,AUD,3Y,3M BBSW,0.03869799999985569
2024-12-23,AUD,3Y,3M BBSW,0.03874839045143013
2024-12-20,AUD,3Y,3M BBSW,0.03899832723713645
2024-12-19,AUD,3Y,3M BBSW,0.03936357976964633
2024-12-18,AUD,3Y,3M BBSW,0.03860044024148992
2024-12-17,AUD,3Y,3M BBSW,0.03801200000010591
2024-12-16,AUD,3Y,3M BBSW,0.03823889411235414
2024-12-13,AUD,3Y,3M BBSW,0.0384581361719177
2024-12-12,AUD,3Y,3M BBSW,0.0382883149255041
2024-12-11,AUD,3Y,3M BBSW,0.03702205279965584
2024-12-10,AUD,3Y,3M BBSW,0.037070000000111916
2024-12-09,AUD,3Y,3M BBSW,0.03813718942836095
2024-12-06,AUD,3Y,3M BBSW,0.03798023219105359
2024-12-05,AUD,3Y,3M BBSW,0.03833957437903719
2024-12-04,AUD,3Y,3M BBSW,0.03786564190053374
2024-12-03,AUD,3Y,3M BBSW,0.03936800000010225
2024-12-02,AUD,3Y,3M BBSW,0.039086626337052406
2024-11-29,AUD,3Y,3M BBSW,0.03907791329195378
2024-11-28,AUD,3Y,3M BBSW,0.03936758683043664
2024-11-27,AUD,3Y,3M BBSW,0.03946198387178309
2024-11-26,AUD,3Y,3M BBSW,0.03973400000021152
2024-11-25,AUD,3Y,3M BBSW,0.03979360834038087
2024-11-22,AUD,3Y,3M BBSW,0.04037322243016616
2024-11-21,AUD,3Y,3M BBSW,0.04061842107773847
2024-11-20,AUD,3Y,3M BBSW,0.04042944215088313
2024-11-19,AUD,3Y,3M BBSW,0.0402469999997571
2024-11-18,AUD,3Y,3M BBSW,0.04010760453218005
2024-11-15,AUD,3Y,3M BBSW,0.04066654606121421
2024-11-14,AUD,3Y,3M BBSW,0.04134512366672323
2024-11-13,AUD,3Y,3M BBSW,0.041437781092581755
2024-11-12,AUD,3Y,3M BBSW,0.041494000000207434
2024-11-11,AUD,3Y,3M BBSW,0.04072859120890068
2024-11-08,AUD,3Y,3M BBSW,0.04031120409271728
2024-11-07,AUD,3Y,3M BBSW,0.04043859141392121
2024-11-06,AUD,3Y,3M BBSW,0.040745924903088634
2024-11-05,AUD,3Y,3M BBSW,0.04060799999976816
2024-11-04,AUD,3Y,3M BBSW,0.040184218719050674
2024-11-01,AUD,3Y,3M BBSW,0.04040916985617207
2024-10-31,AUD,3Y,3M BBSW,0.04061298620897271
2024-10-30,AUD,3Y,3M BBSW,0.04053338929574046
2024-10-29,AUD,3Y,3M BBSW,0.03965800000004861
2024-10-28,AUD,3Y,3M BBSW,0.03953199999978126
2024-10-24,AUD,3Y,3M BBSW,0.039200743290280136
2024-10-23,AUD,3Y,3M BBSW,0.03980846056163504
2024-10-22,AUD,3Y,3M BBSW,0.03966500000033188
2024-10-21,AUD,3Y,3M BBSW,0.0390376243077298
2024-10-17,AUD,3Y,3M BBSW,0.03874352475559029
2024-10-16,AUD,3Y,3M BBSW,0.037560188685031706
2024-10-15,AUD,3Y,3M BBSW,0.03788212849142278
2024-10-14,AUD,3Y,3M BBSW,0.03814199999977097
2024-10-11,AUD,3Y,3M BBSW,0.038106364426432476
2024-10-10,AUD,3Y,3M BBSW,0.03790834781573965
2024-10-09,AUD,3Y,3M BBSW,0.03803938173387361
2024-10-08,AUD,3Y,3M BBSW,0.03766999999976234
2024-10-04,AUD,3Y,3M BBSW,0.03749661845189596
2024-10-03,AUD,3Y,3M BBSW,0.03611529578470754
2024-10-02,AUD,3Y,3M BBSW,0.03573310350288592
2024-10-01,AUD,3Y,3M BBSW,0.03555670867824061
2024-09-30,AUD,3Y,3M BBSW,0.03569167819679453
2024-09-27,AUD,3Y,3M BBSW,0.035084651761893654
2024-09-26,AUD,3Y,3M BBSW,0.03520814245888479
2024-09-25,AUD,3Y,3M BBSW,0.03482313953655503
2024-09-24,AUD,3Y,3M BBSW,0.03444799999966607
2024-09-23,AUD,3Y,3M BBSW,0.03545567845097359
2024-09-20,AUD,3Y,3M BBSW,0.03535312071076564
2024-09-19,AUD,3Y,3M BBSW,0.03525073797677253
2024-09-18,AUD,3Y,3M BBSW,0.03490508649210236
2024-09-17,AUD,3Y,3M BBSW,0.03454399999978193
2024-09-16,AUD,3Y,3M BBSW,0.03401970265237834
2024-09-13,AUD,3Y,3M BBSW,0.03439204686956713
2024-09-12,AUD,3Y,3M BBSW,0.03480589788411311
2024-09-11,AUD,3Y,3M BBSW,0.0351346999712713
2024-09-10,AUD,3Y,3M BBSW,0.03499000000011084
2024-09-09,AUD,3Y,3M BBSW,0.03550937600792063
2024-09-06,AUD,3Y,3M BBSW,0.03539686708432292
2024-09-05,AUD,3Y,3M BBSW,0.03585719086698437
2024-09-04,AUD,3Y,3M BBSW,0.035367315693545176
2024-09-03,AUD,3Y,3M BBSW,0.03601899999996966
2024-09-02,AUD,3Y,3M BBSW,0.03675065455408524
2024-08-30,AUD,3Y,3M BBSW,0.0362959829017969
2024-08-29,AUD,3Y,3M BBSW,0.035962455660488286
2024-08-27,AUD,3Y,3M BBSW,0.03530125425000961
2024-08-26,AUD,3Y,3M BBSW,0.03520129242208009
2024-08-23,AUD,3Y,3M BBSW,0.03568127805216917
2024-08-22,AUD,3Y,3M BBSW,0.036001826329960476
2024-08-21,AUD,3Y,3M BBSW,0.03576536732581338
2024-08-20,AUD,3Y,3M BBSW,0.03591049535673838
2024-08-19,AUD,3Y,3M BBSW,0.03635899999998992
2024-08-16,AUD,3Y,3M BBSW,0.036371169809714575
2024-08-15,AUD,3Y,3M BBSW,0.03691108288088121
2024-08-14,AUD,3Y,3M BBSW,0.03560096395793523
2024-08-13,AUD,3Y,3M BBSW,0.036236485415164756
2024-08-12,AUD,3Y,3M BBSW,0.03678899999997297
2024-08-09,AUD,3Y,3M BBSW,0.03705404749724954
2024-08-08,AUD,3Y,3M BBSW,0.03737346785291592
2024-08-07,AUD,3Y,3M BBSW,0.03707212359834551
2024-08-06,AUD,3Y,3M BBSW,0.03734245432888955
2024-08-02,AUD,3Y,3M BBSW,0.03613313491720993
2024-08-01,AUD,3Y,3M BBSW,0.03720201116888577
2024-07-31,AUD,3Y,3M BBSW,0.0378480732033696
2024-07-30,AUD,3Y,3M BBSW,0.040251333605187616
2024-07-29,AUD,3Y,3M BBSW,0.04072000000010956
2024-07-26,AUD,3Y,3M BBSW,0.04015707597912175
2024-07-24,AUD,3Y,3M BBSW,0.040708790571533454
2024-07-23,AUD,3Y,3M BBSW,0.041201323061710655
2024-07-22,AUD,3Y,3M BBSW,0.04091700000010881
2024-07-19,AUD,3Y,3M BBSW,0.04099285290018255
2024-07-18,AUD,3Y,3M BBSW,0.040579299858440415
2024-07-17,AUD,3Y,3M BBSW,0.04013216077364276
2024-07-16,AUD,3Y,3M BBSW,0.040301360271664165
2024-07-15,AUD,3Y,3M BBSW,0.04092800000010898
2024-07-12,AUD,3Y,3M BBSW,0.041333338429343634
2024-07-11,AUD,3Y,3M BBSW,0.041738724349130486
2024-07-10,AUD,3Y,3M BBSW,0.04203384059375204
2024-07-09,AUD,3Y,3M BBSW,0.04220828504945269
2024-07-08,AUD,3Y,3M BBSW,0.04229499999996287
2024-07-05,AUD,3Y,3M BBSW,0.04228496888774029
2024-07-04,AUD,3Y,3M BBSW,0.04278545452733475
2024-07-03,AUD,3Y,3M BBSW,0.04254007632820553
2024-07-02,AUD,3Y,3M BBSW,0.042622270523183535
2024-07-01,AUD,3Y,3M BBSW,0.042879041051607475
2024-06-28,AUD,3Y,3M BBSW,0.042910079862097425
2024-06-27,AUD,3Y,3M BBSW,0.042245991085086955
2024-06-26,AUD,3Y,3M BBSW,0.04315047448599344
2024-06-24,AUD,3Y,3M BBSW,0.04092799999978727
2024-06-21,AUD,3Y,3M BBSW,0.040747632377086965
2024-06-20,AUD,3Y,3M BBSW,0.04093324094062978
2024-06-19,AUD,3Y,3M BBSW,0.04059644706693379
2024-06-18,AUD,3Y,3M BBSW,0.04035499999997285
2024-06-17,AUD,3Y,3M BBSW,0.03995899999996757
2024-06-14,AUD,3Y,3M BBSW,0.03974589103322658
2024-06-13,AUD,3Y,3M BBSW,0.03999434502737416
2024-06-12,AUD,3Y,3M BBSW,0.04104423974974898
2024-06-11,AUD,3Y,3M BBSW,0.041134999999963895
2024-06-07,AUD,3Y,3M BBSW,0.04127267674777854
2024-06-06,AUD,3Y,3M BBSW,0.0406260038172723
2024-06-05,AUD,3Y,3M BBSW,0.04047865120948078
2024-06-04,AUD,3Y,3M BBSW,0.040534999999966216
2024-06-03,AUD,3Y,3M BBSW,0.04117299999996318
2024-05-31,AUD,3Y,3M BBSW,0.041902775813159404
2024-05-30,AUD,3Y,3M BBSW,0.04178069298816354
2024-05-29,AUD,3Y,3M BBSW,0.04231349147908701
2024-05-28,AUD,3Y,3M BBSW,0.04166339547450547
2024-05-27,AUD,3Y,3M BBSW,0.04106935135681358
2024-05-24,AUD,3Y,3M BBSW,0.04135466857643473
2024-05-23,AUD,3Y,3M BBSW,0.04125189005940358
2024-05-22,AUD,3Y,3M BBSW,0.041082057010578786
2024-05-21,AUD,3Y,3M BBSW,0.04052931012178429
2024-05-20,AUD,3Y,3M BBSW,0.04069333232768881
2024-05-17,AUD,3Y,3M BBSW,0.04056980957463377
2024-05-16,AUD,3Y,3M BBSW,0.04043469058700021
2024-05-15,AUD,3Y,3M BBSW,0.04073558697270324
2024-05-14,AUD,3Y,3M BBSW,0.04156344867470557
2024-05-13,AUD,3Y,3M BBSW,0.04148330007342378
2024-05-10,AUD,3Y,3M BBSW,0.04190761173234022
2024-05-09,AUD,3Y,3M BBSW,0.04180934365062945
2024-05-08,AUD,3Y,3M BBSW,0.04170495145619513
2024-05-07,AUD,3Y,3M BBSW,0.04098228850127868
2024-05-06,AUD,3Y,3M BBSW,0.04240527286154348
2024-05-03,AUD,3Y,3M BBSW,0.04211158588890111
2024-05-02,AUD,3Y,3M BBSW,0.04237000113851214
2024-05-01,AUD,3Y,3M BBSW,0.04290645902632833
2024-04-30,AUD,3Y,3M BBSW,0.042815389419156
2024-04-29,AUD,3Y,3M BBSW,0.042880999999736824
2024-04-26,AUD,3Y,3M BBSW,0.04305646394803861
2024-04-24,AUD,3Y,3M BBSW,0.042361679899677644
2024-04-23,AUD,3Y,3M BBSW,0.0406613222754482
2024-04-22,AUD,3Y,3M BBSW,0.04067900000009991
2024-04-19,AUD,3Y,3M BBSW,0.04082978681272835
2024-04-18,AUD,3Y,3M BBSW,0.04101532803861825
2024-04-17,AUD,3Y,3M BBSW,0.041139152073608146
2024-04-16,AUD,3Y,3M BBSW,0.04138128861882863
2024-04-15,AUD,3Y,3M BBSW,0.04078199999998647
2024-04-12,AUD,3Y,3M BBSW,0.040169296613689454
2024-04-11,AUD,3Y,3M BBSW,0.04066125068877009
2024-04-10,AUD,3Y,3M BBSW,0.04026564199841018
2024-04-09,AUD,3Y,3M BBSW,0.03889538456004508
2024-04-08,AUD,3Y,3M BBSW,0.03958699999998725
2024-04-04,AUD,3Y,3M BBSW,0.03888308931872193
2024-04-03,AUD,3Y,3M BBSW,0.039049208094714814
2024-04-02,AUD,3Y,3M BBSW,0.03895037896482195
2024-03-28,AUD,3Y,3M BBSW,0.03813089914566056
2024-03-27,AUD,3Y,3M BBSW,0.03811401105163455
2024-03-26,AUD,3Y,3M BBSW,0.03843082968143803
2024-03-25,AUD,3Y,3M BBSW,0.03830095220939608
2024-03-22,AUD,3Y,3M BBSW,0.03841190208280888
2024-03-21,AUD,3Y,3M BBSW,0.03880962896194837
2024-03-20,AUD,3Y,3M BBSW,0.03816630537969605
2024-03-19,AUD,3Y,3M BBSW,0.03867376550006511
2024-03-18,AUD,3Y,3M BBSW,0.03928299999977055
2024-03-15,AUD,3Y,3M BBSW,0.0395852766101807
2024-03-14,AUD,3Y,3M BBSW,0.03937911705299234
2024-03-13,AUD,3Y,3M BBSW,0.03868239940549122
2024-03-12,AUD,3Y,3M BBSW,0.038409781657744974
2024-03-11,AUD,3Y,3M BBSW,0.03802999999999468
2024-03-08,AUD,3Y,3M BBSW,0.03829170398198179
2024-03-07,AUD,3Y,3M BBSW,0.03854425516303332
2024-03-06,AUD,3Y,3M BBSW,0.03846648722856842
2024-03-05,AUD,3Y,3M BBSW,0.03858478636432507
2024-03-04,AUD,3Y,3M BBSW,0.03926299999977917
2024-03-01,AUD,3Y,3M BBSW,0.03893968460490919
2024-02-29,AUD,3Y,3M BBSW,0.03928386893311449
2024-02-28,AUD,3Y,3M BBSW,0.03921460849865933
2024-02-27,AUD,3Y,3M BBSW,0.03975239280333358
2024-02-26,AUD,3Y,3M BBSW,0.03949136353486153
2024-02-23,AUD,3Y,3M BBSW,0.03967787081718933
2024-02-22,AUD,3Y,3M BBSW,0.03969929866993381
2024-02-21,AUD,3Y,3M BBSW,0.03966938653351639
2024-02-20,AUD,3Y,3M BBSW,0.0391821655396623
2024-02-19,AUD,3Y,3M BBSW,0.03963229743975663
2024-02-16,AUD,3Y,3M BBSW,0.03994582481985955
2024-02-15,AUD,3Y,3M BBSW,0.03950554000940075
2024-02-14,AUD,3Y,3M BBSW,0.04003709328821293
2024-02-13,AUD,3Y,3M BBSW,0.04053299036576816
2024-02-12,AUD,3Y,3M BBSW,0.03958528260823462
2024-02-09,AUD,3Y,3M BBSW,0.03951290453169935
2024-02-08,AUD,3Y,3M BBSW,0.038968420164158905
2024-02-07,AUD,3Y,3M BBSW,0.03867826271231588
2024-02-06,AUD,3Y,3M BBSW,0.03840940479797272
2024-02-05,AUD,3Y,3M BBSW,0.03887795556827121
2024-02-02,AUD,3Y,3M BBSW,0.03826349287948
2024-02-01,AUD,3Y,3M BBSW,0.03738936732527249
2024-01-31,AUD,3Y,3M BBSW,0.03741657022014921
2024-01-30,AUD,3Y,3M BBSW,0.03885466599694194
2024-01-29,AUD,3Y,3M BBSW,0.0390779999998194
2024-01-25,AUD,3Y,3M BBSW,0.03936366412131128
2024-01-24,AUD,3Y,3M BBSW,0.04003075905579946
2024-01-23,AUD,3Y,3M BBSW,0.0397402554371032
2024-01-22,AUD,3Y,3M BBSW,0.03976499999984028
2024-01-19,AUD,3Y,3M BBSW,0.040433979327022015
2024-01-18,AUD,3Y,3M BBSW,0.040366040615144365
2024-01-17,AUD,3Y,3M BBSW,0.040288834474205226
2024-01-16,AUD,3Y,3M BBSW,0.03935287872125295
2024-01-15,AUD,3Y,3M BBSW,0.03884900000033338
2024-01-12,AUD,3Y,3M BBSW,0.03838474806049072
2024-01-11,AUD,3Y,3M BBSW,0.03846288054840232
2024-01-10,AUD,3Y,3M BBSW,0.03923576614722697
2024-01-09,AUD,3Y,3M BBSW,0.03858011946572821
2024-01-08,AUD,3Y,3M BBSW,0.03926999999982054
2024-01-05,AUD,3Y,3M BBSW,0.0398740708487267
2024-01-04,AUD,3Y,3M BBSW,0.039255777452652275
2024-01-03,AUD,3Y,3M BBSW,0.0384000315639091
2024-01-02,AUD,3Y,3M BBSW,0.03829557775012736
2023-12-29,AUD,3Y,3M BBSW,0.03780789828866382
2023-12-28,AUD,3Y,3M BBSW,0.03755802358432667
2023-12-27,AUD,3Y,3M BBSW,0.03751285153139797
2023-12-22,AUD,3Y,3M BBSW,0.03836327539950469
2023-12-21,AUD,3Y,3M BBSW,0.03819850548841558
2023-12-20,AUD,3Y,3M BBSW,0.03842757821853923
2023-12-19,AUD,3Y,3M BBSW,0.03895586749977785
2023-12-18,AUD,3Y,3M BBSW,0.03903199999998841
2023-12-15,AUD,3Y,3M BBSW,0.0389959317840512
2023-12-14,AUD,3Y,3M BBSW,0.03939130048383463
2023-12-13,AUD,3Y,3M BBSW,0.03910194576365265
2023-12-12,AUD,3Y,3M BBSW,0.04105540617722967
2023-12-11,AUD,3Y,3M BBSW,0.0412669999998323
2023-12-07,AUD,3Y,3M BBSW,0.040668267986927686
2023-12-06,AUD,3Y,3M BBSW,0.04031646732042848
2023-12-05,AUD,3Y,3M BBSW,0.04081978443134657
2023-12-04,AUD,3Y,3M BBSW,0.04233800000020969
2023-12-01,AUD,3Y,3M BBSW,0.04204871553129614
2023-11-30,AUD,3Y,3M BBSW,0.04258027554631001
2023-11-29,AUD,3Y,3M BBSW,0.04183990350528451
2023-11-28,AUD,3Y,3M BBSW,0.0429474383167875
2023-11-27,AUD,3Y,3M BBSW,0.043571999999986344
2023-11-24,AUD,3Y,3M BBSW,0.04391856320385139
2023-11-23,AUD,3Y,3M BBSW,0.04370921697776235
2023-11-22,AUD,3Y,3M BBSW,0.0436835880281601
2023-11-21,AUD,3Y,3M BBSW,0.04282055844176473
2023-11-20,AUD,3Y,3M BBSW,0.04333699999998621
2023-11-17,AUD,3Y,3M BBSW,0.04309909776216839
2023-11-16,AUD,3Y,3M BBSW,0.042866365311868486
2023-11-15,AUD,3Y,3M BBSW,0.04418116873122936
2023-11-14,AUD,3Y,3M BBSW,0.04400779598949284
2023-11-13,AUD,3Y,3M BBSW,0.04495500000033546
2023-11-10,AUD,3Y,3M BBSW,0.04439181535731497
2023-11-09,AUD,3Y,3M BBSW,0.044428070904209124
2023-11-08,AUD,3Y,3M BBSW,0.04343981484851896
2023-11-07,AUD,3Y,3M BBSW,0.04356433593822899
2023-11-06,AUD,3Y,3M BBSW,0.04497600000032955
2023-11-03,AUD,3Y,3M BBSW,0.04442688004508004
2023-11-02,AUD,3Y,3M BBSW,0.04485809390446925
2023-11-01,AUD,3Y,3M BBSW,0.04504785289488324
2023-10-31,AUD,3Y,3M BBSW,0.04663133850040005
2023-10-30,AUD,3Y,3M BBSW,0.04597899999964301
2023-10-26,AUD,3Y,3M BBSW,0.0450713569104819
2023-10-25,AUD,3Y,3M BBSW,0.04469801579876051
2023-10-24,AUD,3Y,3M BBSW,0.04362090102324788
2023-10-23,AUD,3Y,3M BBSW,0.04385199999976377
2023-10-20,AUD,3Y,3M BBSW,0.043862583613060876
2023-10-19,AUD,3Y,3M BBSW,0.04410317345801049
2023-10-18,AUD,3Y,3M BBSW,0.04437225848728977
2023-10-17,AUD,3Y,3M BBSW,0.04388484701220562
2023-10-16,AUD,3Y,3M BBSW,0.042027999999983946
2023-10-12,AUD,3Y,3M BBSW,0.041767107100226214
2023-10-11,AUD,3Y,3M BBSW,0.04120515922142507
2023-10-10,AUD,3Y,3M BBSW,0.04160558718619521
2023-10-09,AUD,3Y,3M BBSW,0.04130499999999417
2023-10-05,AUD,3Y,3M BBSW,0.0424792085533125
2023-10-04,AUD,3Y,3M BBSW,0.042688214965640355
2023-10-03,AUD,3Y,3M BBSW,0.0430177390613954
2023-09-29,AUD,3Y,3M BBSW,0.042594441899403715
2023-09-28,AUD,3Y,3M BBSW,0.04272355652442352
2023-09-27,AUD,3Y,3M BBSW,0.042476171146347774
2023-09-26,AUD,3Y,3M BBSW,0.042377744866208905
2023-09-25,AUD,3Y,3M BBSW,0.04239811557000861
2023-09-22,AUD,3Y,3M BBSW,0.04212171522807819
2023-09-21,AUD,3Y,3M BBSW,0.04257559684551914
2023-09-20,AUD,3Y,3M BBSW,0.04248218509510222
2023-09-19,AUD,3Y,3M BBSW,0.04168411579690214
2023-09-18,AUD,3Y,3M BBSW,0.041323999999847996
2023-09-15,AUD,3Y,3M BBSW,0.04073860806253828
2023-09-14,AUD,3Y,3M BBSW,0.040586624773067535
2023-09-13,AUD,3Y,3M BBSW,0.040738767446459836
2023-09-12,AUD,3Y,3M BBSW,0.040839507920317486
2023-09-11,AUD,3Y,3M BBSW,0.04077099999981895
2023-09-08,AUD,3Y,3M BBSW,0.04059885731825008
2023-09-07,AUD,3Y,3M BBSW,0.0400724620073851
2023-09-06,AUD,3Y,3M BBSW,0.04004011800004891
2023-09-05,AUD,3Y,3M BBSW,0.040353271112674616
2023-09-04,AUD,3Y,3M BBSW,0.040604999999807816
2023-09-01,AUD,3Y,3M BBSW,0.039899077060618925
2023-08-31,AUD,3Y,3M BBSW,0.03974934719604955
2023-08-30,AUD,3Y,3M BBSW,0.040029403210859724
2023-08-28,AUD,3Y,3M BBSW,0.041068345111964166
2023-08-25,AUD,3Y,3M BBSW,0.04111611567159344
2023-08-24,AUD,3Y,3M BBSW,0.04103552305844624
2023-08-23,AUD,3Y,3M BBSW,0.040744949007627096
2023-08-22,AUD,3Y,3M BBSW,0.04150560440904387
2023-08-21,AUD,3Y,3M BBSW,0.04192229241872395
2023-08-18,AUD,3Y,3M BBSW,0.041497220481233235
2023-08-17,AUD,3Y,3M BBSW,0.041650415344435615
2023-08-16,AUD,3Y,3M BBSW,0.04161610814781416
2023-08-15,AUD,3Y,3M BBSW,0.04172020070616292
2023-08-14,AUD,3Y,3M BBSW,0.04206940842149207
2023-08-11,AUD,3Y,3M BBSW,0.04122732403953256
2023-08-10,AUD,3Y,3M BBSW,0.040793571928128644
2023-08-09,AUD,3Y,3M BBSW,0.04063606255744921
2023-08-08,AUD,3Y,3M BBSW,0.03997719079316754
2023-08-04,AUD,3Y,3M BBSW,0.04020754048602235
2023-08-03,AUD,3Y,3M BBSW,0.04084152693932063
2023-08-02,AUD,3Y,3M BBSW,0.04027926699945569
2023-08-01,AUD,3Y,3M BBSW,0.04058309638559126
2023-07-31,AUD,3Y,3M BBSW,0.04162534277695824
2023-07-28,AUD,3Y,3M BBSW,0.041360130640206695
2023-07-27,AUD,3Y,3M BBSW,0.042478721180041965
2023-07-25,AUD,3Y,3M BBSW,0.043159534801782626
2023-07-24,AUD,3Y,3M BBSW,0.04292999615760926
2023-07-21,AUD,3Y,3M BBSW,0.04299147938238123
2023-07-20,AUD,3Y,3M BBSW,0.043006602361624485
2023-07-19,AUD,3Y,3M BBSW,0.042050927424320886
2023-07-18,AUD,3Y,3M BBSW,0.04222509942162926
2023-07-17,AUD,3Y,3M BBSW,0.04240830343702948
2023-07-14,AUD,3Y,3M BBSW,0.042645017372367464
2023-07-13,AUD,3Y,3M BBSW,0.04211416647682782
2023-07-12,AUD,3Y,3M BBSW,0.042743632049416454
2023-07-11,AUD,3Y,3M BBSW,0.044088351950573756
2023-07-10,AUD,3Y,3M BBSW,0.04472520344789064
2023-07-07,AUD,3Y,3M BBSW,0.045870888870292656
2023-07-06,AUD,3Y,3M BBSW,0.04535918067062103
2023-07-05,AUD,3Y,3M BBSW,0.043546617768218485
2023-07-04,AUD,3Y,3M BBSW,0.04285377088027099
2023-07-03,AUD,3Y,3M BBSW,0.04308385846620097
2023-06-30,AUD,3Y,3M BBSW,0.04327748363475779
2023-06-29,AUD,3Y,3M BBSW,0.042871546084206
2023-06-28,AUD,3Y,3M BBSW,0.04128675285234016
2023-06-27,AUD,3Y,3M BBSW,0.04202710633287747
2023-06-26,AUD,3Y,3M BBSW,0.041953165332390595
2023-06-22,AUD,3Y,3M BBSW,0.04331563972275512
2023-06-21,AUD,3Y,3M BBSW,0.042324706167367616
2023-06-20,AUD,3Y,3M BBSW,0.04212998285327846
2023-06-19,AUD,3Y,3M BBSW,0.04336899999983136
2023-06-15,AUD,3Y,3M BBSW,0.0426101179488248
2023-06-14,AUD,3Y,3M BBSW,0.042154568601792
2023-06-13,AUD,3Y,3M BBSW,0.04203709140973056
2023-06-09,AUD,3Y,3M BBSW,0.04141883920354893
2023-06-08,AUD,3Y,3M BBSW,0.0412765616606218
2023-06-07,AUD,3Y,3M BBSW,0.04132967633450967
2023-06-06,AUD,3Y,3M BBSW,0.03980842500032856
2023-06-05,AUD,3Y,3M BBSW,0.03879999999981546
2023-06-01,AUD,3Y,3M BBSW,0.03740754016510153
2023-05-31,AUD,3Y,3M BBSW,0.03743031978897354
2023-05-30,AUD,3Y,3M BBSW,0.037308834109021013
2023-05-29,AUD,3Y,3M BBSW,0.03730056779319602
2023-05-26,AUD,3Y,3M BBSW,0.037937932198610726
2023-05-25,AUD,3Y,3M BBSW,0.03825353745740172
2023-05-24,AUD,3Y,3M BBSW,0.03753490000844237
2023-05-23,AUD,3Y,3M BBSW,0.03761993095137542
2023-05-22,AUD,3Y,3M BBSW,0.03716760792395892
2023-05-19,AUD,3Y,3M BBSW,0.03724200153772765
2023-05-18,AUD,3Y,3M BBSW,0.037312650303138885
2023-05-17,AUD,3Y,3M BBSW,0.03604233746745413
2023-05-16,AUD,3Y,3M BBSW,0.03537283702870523
2023-05-15,AUD,3Y,3M BBSW,0.03546708896198638
2023-05-12,AUD,3Y,3M BBSW,0.03458713472341653
2023-05-11,AUD,3Y,3M BBSW,0.03414004256988968
2023-05-10,AUD,3Y,3M BBSW,0.03447384345418919
2023-05-09,AUD,3Y,3M BBSW,0.03505139989270148
2023-05-08,AUD,3Y,3M BBSW,0.03527174488085963
2023-05-05,AUD,3Y,3M BBSW,0.034787071599590116
2023-05-04,AUD,3Y,3M BBSW,0.03366562854861456
2023-05-03,AUD,3Y,3M BBSW,0.034445360077206486
2023-05-02,AUD,3Y,3M BBSW,0.03544148147289541
2023-05-01,AUD,3Y,3M BBSW,0.03482576181242521
2023-04-28,AUD,3Y,3M BBSW,0.03360560936468143
2023-04-27,AUD,3Y,3M BBSW,0.03476623447097662
2023-04-26,AUD,3Y,3M BBSW,0.03405700683095911
2023-04-24,AUD,3Y,3M BBSW,0.03536225801460442
2023-04-21,AUD,3Y,3M BBSW,0.03576116624360366
2023-04-20,AUD,3Y,3M BBSW,0.03571510119988969
2023-04-19,AUD,3Y,3M BBSW,0.03601323139619083
2023-04-18,AUD,3Y,3M BBSW,0.035960068252863485
2023-04-17,AUD,3Y,3M BBSW,0.03479950853543746
2023-04-14,AUD,3Y,3M BBSW,0.03464973382412763
2023-04-13,AUD,3Y,3M BBSW,0.033997617349653
2023-04-12,AUD,3Y,3M BBSW,0.033257123490552314
2023-04-11,AUD,3Y,3M BBSW,0.03290441393435505
2023-04-06,AUD,3Y,3M BBSW,0.0321463413024723
2023-04-05,AUD,3Y,3M BBSW,0.032492000765997425
2023-04-04,AUD,3Y,3M BBSW,0.03271395629106838
2023-04-03,AUD,3Y,3M BBSW,0.03328332567800185
2023-03-31,AUD,3Y,3M BBSW,0.03359013028594146
2023-03-30,AUD,3Y,3M BBSW,0.03417740869006336
2023-03-29,AUD,3Y,3M BBSW,0.03433035562194569
2023-03-28,AUD,3Y,3M BBSW,0.034401050057834476
2023-03-27,AUD,3Y,3M BBSW,0.03394903858271082
2023-03-24,AUD,3Y,3M BBSW,0.03331200653059722
2023-03-23,AUD,3Y,3M BBSW,0.03353237235360419
2023-03-22,AUD,3Y,3M BBSW,0.03365191361401645
2023-03-21,AUD,3Y,3M BBSW,0.03424731745871797
2023-03-20,AUD,3Y,3M BBSW,0.03354606584118229
2023-03-17,AUD,3Y,3M BBSW,0.03394847508149529
2023-03-16,AUD,3Y,3M BBSW,0.03546766847525877
2023-03-15,AUD,3Y,3M BBSW,0.03420783631306724
2023-03-14,AUD,3Y,3M BBSW,0.036777142112210975
2023-03-13,AUD,3Y,3M BBSW,0.03537095140372359
2023-03-10,AUD,3Y,3M BBSW,0.03665386292118791
2023-03-09,AUD,3Y,3M BBSW,0.03780957188903786
2023-03-08,AUD,3Y,3M BBSW,0.03852767057874899
2023-03-07,AUD,3Y,3M BBSW,0.03863425438207519
2023-03-06,AUD,3Y,3M BBSW,0.03962874692285121
2023-03-03,AUD,3Y,3M BBSW,0.04044130800832
2023-03-02,AUD,3Y,3M BBSW,0.04103970289180421
2023-03-01,AUD,3Y,3M BBSW,0.0401807769919596
2023-02-28,AUD,3Y,3M BBSW,0.0411531252518907
2023-02-27,AUD,3Y,3M BBSW,0.040366940218275395
2023-02-24,AUD,3Y,3M BBSW,0.04106199061669711
2023-02-23,AUD,3Y,3M BBSW,0.0408378621459901
2023-02-22,AUD,3Y,3M BBSW,0.04040377221562515
2023-02-21,AUD,3Y,3M BBSW,0.03999758010458179
2023-02-20,AUD,3Y,3M BBSW,0.03960299732726913
2023-02-17,AUD,3Y,3M BBSW,0.0393902253411537
2023-02-16,AUD,3Y,3M BBSW,0.03883808444137424
2023-02-15,AUD,3Y,3M BBSW,0.03935875888423992
2023-02-14,AUD,3Y,3M BBSW,0.03904880682804681
2023-02-13,AUD,3Y,3M BBSW,0.03927996633124601
2023-02-10,AUD,3Y,3M BBSW,0.03924225801662173
2023-02-09,AUD,3Y,3M BBSW,0.03758022270662478
2023-02-08,AUD,3Y,3M BBSW,0.03705071889673961
2023-02-07,AUD,3Y,3M BBSW,0.036844430529544024
2023-02-06,AUD,3Y,3M BBSW,0.035321873950713484
2023-02-03,AUD,3Y,3M BBSW,0.03546722868885622
2023-02-02,AUD,3Y,3M BBSW,0.03563012124394742
2023-02-01,AUD,3Y,3M BBSW,0.0363733128656341
2023-01-31,AUD,3Y,3M BBSW,0.0360369605658802
2023-01-30,AUD,3Y,3M BBSW,0.0364447477232256
2023-01-27,AUD,3Y,3M BBSW,0.03648198360953745
2023-01-25,AUD,3Y,3M BBSW,0.03577907985374328
2023-01-24,AUD,3Y,3M BBSW,0.03469343831808521
2023-01-23,AUD,3Y,3M BBSW,0.0347204352473761
2023-01-20,AUD,3Y,3M BBSW,0.03484227130795851
2023-01-19,AUD,3Y,3M BBSW,0.03394282217380105
2023-01-18,AUD,3Y,3M BBSW,0.03592667486619826
2023-01-17,AUD,3Y,3M BBSW,0.03622208242291286
2023-01-16,AUD,3Y,3M BBSW,0.036370386376548235
2023-01-13,AUD,3Y,3M BBSW,0.03659324068527224
2023-01-12,AUD,3Y,3M BBSW,0.03651872988822495
2023-01-11,AUD,3Y,3M BBSW,0.03776108387813232
2023-01-10,AUD,3Y,3M BBSW,0.0379909237781907
2023-01-09,AUD,3Y,3M BBSW,0.03833107458867341
2023-01-06,AUD,3Y,3M BBSW,0.03794136180730833
2023-01-05,AUD,3Y,3M BBSW,0.03910263759242178
2023-01-04,AUD,3Y,3M BBSW,0.03907060613800911
2023-01-03,AUD,3Y,3M BBSW,0.0396755087551815
2022-12-30,AUD,3Y,3M BBSW,0.03994597589251337
2022-12-29,AUD,3Y,3M BBSW,0.03985504498913608
2022-12-28,AUD,3Y,3M BBSW,0.039931089028152275
2022-12-23,AUD,3Y,3M BBSW,0.03836545168727597
2022-12-22,AUD,3Y,3M BBSW,0.03800274438818946
2022-12-21,AUD,3Y,3M BBSW,0.0370108326607263
2022-12-20,AUD,3Y,3M BBSW,0.03801458787968465
2022-12-19,AUD,3Y,3M BBSW,0.0368197189222268
2022-12-16,AUD,3Y,3M BBSW,0.03655643334326005
2022-12-15,AUD,3Y,3M BBSW,0.03669745451717101
2022-12-14,AUD,3Y,3M BBSW,0.03576557479746604
2022-12-13,AUD,3Y,3M BBSW,0.03625153374156419
2022-12-12,AUD,3Y,3M BBSW,0.03590443484241526
2022-12-09,AUD,3Y,3M BBSW,0.03572900505847906
2022-12-08,AUD,3Y,3M BBSW,0.03604240824824722
2022-12-07,AUD,3Y,3M BBSW,0.03588662116398007
2022-12-06,AUD,3Y,3M BBSW,0.03599296839794078
2022-12-05,AUD,3Y,3M BBSW,0.035393744220743824
2022-12-02,AUD,3Y,3M BBSW,0.035269629310867454
2022-12-01,AUD,3Y,3M BBSW,0.036243962470748056
2022-11-30,AUD,3Y,3M BBSW,0.03687252347715469
2022-11-29,AUD,3Y,3M BBSW,0.03770164392342544
2022-11-28,AUD,3Y,3M BBSW,0.037482675479781194
2022-11-25,AUD,3Y,3M BBSW,0.03839086527151499
2022-11-24,AUD,3Y,3M BBSW,0.03806738568459155
2022-11-23,AUD,3Y,3M BBSW,0.03771083269509008
2022-11-22,AUD,3Y,3M BBSW,0.03721696289382417
2022-11-21,AUD,3Y,3M BBSW,0.03709468474477331
2022-11-18,AUD,3Y,3M BBSW,0.0373920260437199
2022-11-17,AUD,3Y,3M BBSW,0.03702253670589975
2022-11-16,AUD,3Y,3M BBSW,0.037777763914475876
2022-11-15,AUD,3Y,3M BBSW,0.03851079715815874
2022-11-14,AUD,3Y,3M BBSW,0.03904966049375677
2022-11-11,AUD,3Y,3M BBSW,0.038134917068130575
2022-11-10,AUD,3Y,3M BBSW,0.03903520080846063
2022-11-09,AUD,3Y,3M BBSW,0.0403264558892834
2022-11-08,AUD,3Y,3M BBSW,0.041215357981339296
2022-11-07,AUD,3Y,3M BBSW,0.040149256598859
2022-11-04,AUD,3Y,3M BBSW,0.040270829806881875
2022-11-03,AUD,3Y,3M BBSW,0.04159604701722227
2022-11-02,AUD,3Y,3M BBSW,0.04046297543598002
2022-11-01,AUD,3Y,3M BBSW,0.03955607825186681
2022-10-31,AUD,3Y,3M BBSW,0.03915072923360489
2022-10-28,AUD,3Y,3M BBSW,0.039497439274176475
2022-10-27,AUD,3Y,3M BBSW,0.04003434708998192
2022-10-26,AUD,3Y,3M BBSW,0.041409687855800945
2022-10-25,AUD,3Y,3M BBSW,0.04206162475332749
2022-10-24,AUD,3Y,3M BBSW,0.04262499999997293
2022-10-21,AUD,3Y,3M BBSW,0.04270850560281692
2022-10-20,AUD,3Y,3M BBSW,0.041757974970327016
2022-10-19,AUD,3Y,3M BBSW,0.04023741535649148
2022-10-18,AUD,3Y,3M BBSW,0.0400668647342791
2022-10-17,AUD,3Y,3M BBSW,0.04060000000000486
2022-10-14,AUD,3Y,3M BBSW,0.04019951479281832
2022-10-13,AUD,3Y,3M BBSW,0.03944671304448455
2022-10-12,AUD,3Y,3M BBSW,0.0395254397164532
2022-10-11,AUD,3Y,3M BBSW,0.03960604285080723
2022-10-10,AUD,3Y,3M BBSW,0.03902466762635833
2022-10-07,AUD,3Y,3M BBSW,0.039070804644155
2022-10-06,AUD,3Y,3M BBSW,0.0379758169506325
2022-10-05,AUD,3Y,3M BBSW,0.03638457920168502
2022-10-04,AUD,3Y,3M BBSW,0.036193380445973464
2022-09-30,AUD,3Y,3M BBSW,0.040263973129401755
2022-09-29,AUD,3Y,3M BBSW,0.040273999182847506
2022-09-28,AUD,3Y,3M BBSW,0.041923643582746306
2022-09-27,AUD,3Y,3M BBSW,0.04177779888446462
2022-09-26,AUD,3Y,3M BBSW,0.04123618909706559
2022-09-23,AUD,3Y,3M BBSW,0.04067102046995966
2022-09-21,AUD,3Y,3M BBSW,0.03777745242996001
2022-09-20,AUD,3Y,3M BBSW,0.03681118225973024
2022-09-19,AUD,3Y,3M BBSW,0.03757467550107274
2022-09-16,AUD,3Y,3M BBSW,0.03773529563279118
2022-09-15,AUD,3Y,3M BBSW,0.03702244689838372
2022-09-14,AUD,3Y,3M BBSW,0.03689896388069181
2022-09-13,AUD,3Y,3M BBSW,0.03547841350769438
2022-09-12,AUD,3Y,3M BBSW,0.03540942233278236
2022-09-09,AUD,3Y,3M BBSW,0.034887143561665626
2022-09-08,AUD,3Y,3M BBSW,0.03522251950218749
2022-09-07,AUD,3Y,3M BBSW,0.03694090521125806
2022-09-06,AUD,3Y,3M BBSW,0.03607544559231163
2022-09-05,AUD,3Y,3M BBSW,0.03676169787352832
2022-09-02,AUD,3Y,3M BBSW,0.036347463684261394
2022-09-01,AUD,3Y,3M BBSW,0.03734779286593595
2022-08-31,AUD,3Y,3M BBSW,0.03685274378000956
2022-08-30,AUD,3Y,3M BBSW,0.03747072939304513
2022-08-29,AUD,3Y,3M BBSW,0.03849999999997583
2022-08-26,AUD,3Y,3M BBSW,0.03659779897984221
2022-08-25,AUD,3Y,3M BBSW,0.03748508867949067
2022-08-24,AUD,3Y,3M BBSW,0.03686592086678214
2022-08-23,AUD,3Y,3M BBSW,0.03745927909932113
2022-08-22,AUD,3Y,3M BBSW,0.03612445807650552
2022-08-19,AUD,3Y,3M BBSW,0.03528595434263414
2022-08-18,AUD,3Y,3M BBSW,0.03419760169271759
2022-08-17,AUD,3Y,3M BBSW,0.03351906579673181
2022-08-16,AUD,3Y,3M BBSW,0.03326634094419854
2022-08-15,AUD,3Y,3M BBSW,0.03477529751463816
2022-08-12,AUD,3Y,3M BBSW,0.03503595238566768
2022-08-11,AUD,3Y,3M BBSW,0.03453555240363758
2022-08-10,AUD,3Y,3M BBSW,0.033905717518306025
2022-08-09,AUD,3Y,3M BBSW,0.033191457704824984
2022-08-08,AUD,3Y,3M BBSW,0.033111547683048276
2022-08-05,AUD,3Y,3M BBSW,0.03332262558159238
2022-08-04,AUD,3Y,3M BBSW,0.03190684396420222
2022-08-03,AUD,3Y,3M BBSW,0.03105603678787807
2022-08-02,AUD,3Y,3M BBSW,0.030569188316393898
2022-07-29,AUD,3Y,3M BBSW,0.03009895348674153
2022-07-28,AUD,3Y,3M BBSW,0.03191136390368469
2022-07-27,AUD,3Y,3M BBSW,0.03324382798194367
2022-07-26,AUD,3Y,3M BBSW,0.03447541804341697
2022-07-25,AUD,3Y,3M BBSW,0.034272957610548785
2022-07-22,AUD,3Y,3M BBSW,0.03407282975695444
2022-07-21,AUD,3Y,3M BBSW,0.03609762374201934
2022-07-20,AUD,3Y,3M BBSW,0.03636580403633847
2022-07-19,AUD,3Y,3M BBSW,0.03577422906916108
2022-07-18,AUD,3Y,3M BBSW,0.03476039347642068
2022-07-15,AUD,3Y,3M BBSW,0.03480196186786105
2022-07-14,AUD,3Y,3M BBSW,0.03499979226356706
2022-07-13,AUD,3Y,3M BBSW,0.033843474441191186
2022-07-12,AUD,3Y,3M BBSW,0.03392771184762033
2022-07-11,AUD,3Y,3M BBSW,0.03559944039070834
2022-07-08,AUD,3Y,3M BBSW,0.03504746195593415
2022-07-07,AUD,3Y,3M BBSW,0.03435876610358607
2022-07-06,AUD,3Y,3M BBSW,0.03349356714863867
2022-07-05,AUD,3Y,3M BBSW,0.03503753492503355
2022-07-04,AUD,3Y,3M BBSW,0.03368750971313223
2022-07-01,AUD,3Y,3M BBSW,0.03330841458837101
2022-06-30,AUD,3Y,3M BBSW,0.03676368943243893
2022-06-29,AUD,3Y,3M BBSW,0.03746703370251657
2022-06-28,AUD,3Y,3M BBSW,0.037096653545710054
2022-06-27,AUD,3Y,3M BBSW,0.03702472765523605
2022-06-24,AUD,3Y,3M BBSW,0.03649604795905393
2022-06-23,AUD,3Y,3M BBSW,0.03797149172443494
2022-06-22,AUD,3Y,3M BBSW,0.03891408637047885
2022-06-21,AUD,3Y,3M BBSW,0.04055380242674507
2022-06-20,AUD,3Y,3M BBSW,0.040899999999981194
2022-06-17,AUD,3Y,3M BBSW,0.0415583905557737
2022-06-16,AUD,3Y,3M BBSW,0.04119674262880075
2022-06-15,AUD,3Y,3M BBSW,0.041542857391273724
2022-06-14,AUD,3Y,3M BBSW,0.039330863576875624
2022-06-10,AUD,3Y,3M BBSW,0.03643655338438815
2022-06-09,AUD,3Y,3M BBSW,0.03503689669547415
2022-06-08,AUD,3Y,3M BBSW,0.03522495750778737
2022-06-07,AUD,3Y,3M BBSW,0.03454712757760266
2022-06-06,AUD,3Y,3M BBSW,0.03367499999998784
2022-06-03,AUD,3Y,3M BBSW,0.03365967494256576
2022-06-02,AUD,3Y,3M BBSW,0.03374770175851929
2022-06-01,AUD,3Y,3M BBSW,0.03274499786568104
2022-05-31,AUD,3Y,3M BBSW,0.031953279344841434
2022-05-30,AUD,3Y,3M BBSW,0.03042522065854404
2022-05-27,AUD,3Y,3M BBSW,0.030473766771806143
2022-05-26,AUD,3Y,3M BBSW,0.030273515441855768
2022-05-25,AUD,3Y,3M BBSW,0.03029683809191571
2022-05-24,AUD,3Y,3M BBSW,0.03119451463922158
2022-05-23,AUD,3Y,3M BBSW,0.030961328007081308
2022-05-20,AUD,3Y,3M BBSW,0.03054880037706694
2022-05-19,AUD,3Y,3M BBSW,0.03194834369376024
2022-05-18,AUD,3Y,3M BBSW,0.032070139735922376
2022-05-17,AUD,3Y,3M BBSW,0.0319432208185472
2022-05-16,AUD,3Y,3M BBSW,0.031149295646764812
2022-05-13,AUD,3Y,3M BBSW,0.03137373301796461
2022-05-12,AUD,3Y,3M BBSW,0.03244829211152417
2022-05-11,AUD,3Y,3M BBSW,0.03256967565460336
2022-05-10,AUD,3Y,3M BBSW,0.03274185593720902
2022-05-09,AUD,3Y,3M BBSW,0.03349919592001454
2022-05-06,AUD,3Y,3M BBSW,0.033810233575753974
2022-05-05,AUD,3Y,3M BBSW,0.03269771374444832
2022-05-04,AUD,3Y,3M BBSW,0.034142855809278554
2022-05-03,AUD,3Y,3M BBSW,0.03155568698380681
2022-05-02,AUD,3Y,3M BBSW,0.03109925970922967
2022-04-29,AUD,3Y,3M BBSW,0.03137393679358467
2022-04-28,AUD,3Y,3M BBSW,0.030210397313983818
2022-04-27,AUD,3Y,3M BBSW,0.030046989166421158
2022-04-26,AUD,3Y,3M BBSW,0.02948487973419148
2022-04-22,AUD,3Y,3M BBSW,0.03002328571218888
2022-04-21,AUD,3Y,3M BBSW,0.02791223615686381
2022-04-20,AUD,3Y,3M BBSW,0.027600412301504812
2022-04-19,AUD,3Y,3M BBSW,0.026380283644528803
2022-04-14,AUD,3Y,3M BBSW,0.025874728106476348
2022-04-13,AUD,3Y,3M BBSW,0.02665034827503812
2022-04-12,AUD,3Y,3M BBSW,0.027363671377838877
2022-04-11,AUD,3Y,3M BBSW,0.02767461604169855
2022-04-08,AUD,3Y,3M BBSW,0.02803633190894093
2022-04-07,AUD,3Y,3M BBSW,0.027385555094660622
2022-04-06,AUD,3Y,3M BBSW,0.0280857985806615
2022-04-05,AUD,3Y,3M BBSW,0.025504698739896157
2022-04-04,AUD,3Y,3M BBSW,0.02622461381865439
2022-04-01,AUD,3Y,3M BBSW,0.02665967184292048
2022-03-31,AUD,3Y,3M BBSW,0.0254266880291663
2022-03-30,AUD,3Y,3M BBSW,0.026178391626176852
2022-03-29,AUD,3Y,3M BBSW,0.02737735638352131
2022-03-28,AUD,3Y,3M BBSW,0.026187195848447132
2022-03-25,AUD,3Y,3M BBSW,0.02599821535803323
2022-03-24,AUD,3Y,3M BBSW,0.02409830777474894
2022-03-23,AUD,3Y,3M BBSW,0.024414037875458292
2022-03-22,AUD,3Y,3M BBSW,0.02332041031170708
2022-03-21,AUD,3Y,3M BBSW,0.02161144266711483
2022-03-18,AUD,3Y,3M BBSW,0.021587417459619892
2022-03-17,AUD,3Y,3M BBSW,0.021124128551173512
2022-03-16,AUD,3Y,3M BBSW,0.0205310226507439
2022-03-15,AUD,3Y,3M BBSW,0.021352762320813352
2022-03-14,AUD,3Y,3M BBSW,0.021010286042162752
2022-03-11,AUD,3Y,3M BBSW,0.02042931562655155
2022-03-10,AUD,3Y,3M BBSW,0.02034894627621433
2022-03-09,AUD,3Y,3M BBSW,0.02018124835134291
2022-03-08,AUD,3Y,3M BBSW,0.01946508723328698
2022-03-07,AUD,3Y,3M BBSW,0.01846157562626852
2022-03-04,AUD,3Y,3M BBSW,0.01794960482204263
2022-03-03,AUD,3Y,3M BBSW,0.01759940201064293
2022-03-02,AUD,3Y,3M BBSW,0.01683447165052104
2022-03-01,AUD,3Y,3M BBSW,0.01770629992231117
2022-02-28,AUD,3Y,3M BBSW,0.01776180683293469
2022-02-25,AUD,3Y,3M BBSW,0.01884914992304949
2022-02-24,AUD,3Y,3M BBSW,0.018449456104141452
2022-02-23,AUD,3Y,3M BBSW,0.01904497340670969
2022-02-22,AUD,3Y,3M BBSW,0.01862905106418026
2022-02-21,AUD,3Y,3M BBSW,0.01851177615150516
2022-02-18,AUD,3Y,3M BBSW,0.01834921397209253
2022-02-17,AUD,3Y,3M BBSW,0.01854944455508128
2022-02-16,AUD,3Y,3M BBSW,0.0191079165786449
2022-02-15,AUD,3Y,3M BBSW,0.01919076726483429
2022-02-14,AUD,3Y,3M BBSW,0.018474822155595882
2022-02-11,AUD,3Y,3M BBSW,0.018811172634977148
2022-02-10,AUD,3Y,3M BBSW,0.01738750786030793
2022-02-09,AUD,3Y,3M BBSW,0.01754628476490416
2022-02-08,AUD,3Y,3M BBSW,0.017668706641714008
2022-02-07,AUD,3Y,3M BBSW,0.01676173501703422
2022-02-04,AUD,3Y,3M BBSW,0.01692423536331234
2022-02-03,AUD,3Y,3M BBSW,0.015199541103069241
2022-02-02,AUD,3Y,3M BBSW,0.01519835189623496
2022-02-01,AUD,3Y,3M BBSW,0.01494838780817129
2022-01-31,AUD,3Y,3M BBSW,0.01538818672023886
2022-01-28,AUD,3Y,3M BBSW,0.01572450408397106
2022-01-27,AUD,3Y,3M BBSW,0.01633490935271799
2022-01-25,AUD,3Y,3M BBSW,0.0155703766372924
2022-01-24,AUD,3Y,3M BBSW,0.01519989986429746
2022-01-21,AUD,3Y,3M BBSW,0.01488755404311997
2022-01-20,AUD,3Y,3M BBSW,0.01551143282759998
2022-01-19,AUD,3Y,3M BBSW,0.01519834971545599
2022-01-18,AUD,3Y,3M BBSW,0.014798666567574949
2022-01-17,AUD,3Y,3M BBSW,0.01441190832630216
2022-01-14,AUD,3Y,3M BBSW,0.01407488237618752
2022-01-13,AUD,3Y,3M BBSW,0.01363755139342069
2022-01-12,AUD,3Y,3M BBSW,0.013462885832381638
2022-01-11,AUD,3Y,3M BBSW,0.01373755399583736
2022-01-10,AUD,3Y,3M BBSW,0.0138749054912463
2022-01-07,AUD,3Y,3M BBSW,0.0135243886441282
2022-01-06,AUD,3Y,3M BBSW,0.01357448609228297
2022-01-05,AUD,3Y,3M BBSW,0.01313811235611116
2022-01-04,AUD,3Y,3M BBSW,0.0130018368942386
2021-12-31,AUD,3Y,3M BBSW,0.01267547581521484
2021-12-30,AUD,3Y,3M BBSW,0.01260033643927625
2021-12-29,AUD,3Y,3M BBSW,0.0121142455585964
2021-12-24,AUD,3Y,3M BBSW,0.01239950578588375
2021-12-23,AUD,3Y,3M BBSW,0.01264950918846258
2021-12-22,AUD,3Y,3M BBSW,0.012638541801301799
2021-12-21,AUD,3Y,3M BBSW,0.01311451742957122
2021-12-20,AUD,3Y,3M BBSW,0.01313797073667694
2021-12-17,AUD,3Y,3M BBSW,0.01344960227570218
2021-12-16,AUD,3Y,3M BBSW,0.01342457810376148
2021-12-15,AUD,3Y,3M BBSW,0.01268521866557736
2021-12-14,AUD,3Y,3M BBSW,0.01238453073691612
2021-12-13,AUD,3Y,3M BBSW,0.01259996540538447
2021-12-10,AUD,3Y,3M BBSW,0.0125995441713101
2021-12-09,AUD,3Y,3M BBSW,0.01286954156486383
2021-12-08,AUD,3Y,3M BBSW,0.01363760592926858
2021-12-07,AUD,3Y,3M BBSW,0.0129518137589462
2021-12-06,AUD,3Y,3M BBSW,0.013024973242100718
2021-12-03,AUD,3Y,3M BBSW,0.012699632996913391
2021-12-02,AUD,3Y,3M BBSW,0.01353754828094144
2021-12-01,AUD,3Y,3M BBSW,0.01342585986739104
2021-11-30,AUD,3Y,3M BBSW,0.01311165503912156
2021-11-29,AUD,3Y,3M BBSW,0.01329993497694136
2021-11-26,AUD,3Y,3M BBSW,0.01251162608597046
2021-11-25,AUD,3Y,3M BBSW,0.0140374795903432
2021-11-24,AUD,3Y,3M BBSW,0.0137375199756163
2021-11-23,AUD,3Y,3M BBSW,0.0144243889018748
2021-11-22,AUD,3Y,3M BBSW,0.013674988671418552
2021-11-19,AUD,3Y,3M BBSW,0.013324577822711561
2021-11-18,AUD,3Y,3M BBSW,0.01314953629838352
2021-11-17,AUD,3Y,3M BBSW,0.0131630395125139
2021-11-16,AUD,3Y,3M BBSW,0.01338817464534958
2021-11-15,AUD,3Y,3M BBSW,0.01293800998963973
2021-11-12,AUD,3Y,3M BBSW,0.01301159889824044
2021-11-11,AUD,3Y,3M BBSW,0.01301155270400478
2021-11-10,AUD,3Y,3M BBSW,0.011664394658335131
2021-11-09,AUD,3Y,3M BBSW,0.01162924333780087
2021-11-08,AUD,3Y,3M BBSW,0.01147499140449552
2021-11-05,AUD,3Y,3M BBSW,0.01199955713723635
2021-11-04,AUD,3Y,3M BBSW,0.012499527839873402
2021-11-03,AUD,3Y,3M BBSW,0.011501497517297869
2021-11-02,AUD,3Y,3M BBSW,0.012677398971931719
2021-11-01,AUD,3Y,3M BBSW,0.01301196202686377
2021-10-29,AUD,3Y,3M BBSW,0.01341173950219013
2021-10-28,AUD,3Y,3M BBSW,0.01426156186158779
2021-10-27,AUD,3Y,3M BBSW,0.011764194710702528
2021-10-26,AUD,3Y,3M BBSW,0.009770352577572129
2021-10-25,AUD,3Y,3M BBSW,0.009374936304141816
2021-10-22,AUD,3Y,3M BBSW,0.00951178167600406
2021-10-21,AUD,3Y,3M BBSW,0.009237801142293847
2021-10-20,AUD,3Y,3M BBSW,0.008916809537085062
2021-10-19,AUD,3Y,3M BBSW,0.009045782209706093
2021-10-18,AUD,3Y,3M BBSW,0.008999995096697671
2021-10-15,AUD,3Y,3M BBSW,0.007925072133965
2021-10-14,AUD,3Y,3M BBSW,0.006887958323409112
2021-10-13,AUD,3Y,3M BBSW,0.006856705330796919
2021-10-12,AUD,3Y,3M BBSW,0.007037337595876005
2021-10-11,AUD,3Y,3M BBSW,0.00673800000017144
2021-10-08,AUD,3Y,3M BBSW,0.006599889757758541
2021-10-07,AUD,3Y,3M BBSW,0.005819637105045204
2021-10-06,AUD,3Y,3M BBSW,0.005514964748657057
2021-10-05,AUD,3Y,3M BBSW,0.00542332062192263
2021-10-01,AUD,3Y,3M BBSW,0.0052998930119576015
2021-09-30,AUD,3Y,3M BBSW,0.005162073424211235
2021-09-29,AUD,3Y,3M BBSW,0.0051453825592261285
2021-09-28,AUD,3Y,3M BBSW,0.005190622699133479
2021-09-27,AUD,3Y,3M BBSW,0.004874983915195717
2021-09-24,AUD,3Y,3M BBSW,0.004874915156575218
2021-09-23,AUD,3Y,3M BBSW,0.004311928028304969
2021-09-22,AUD,3Y,3M BBSW,0.00417120576439587
2021-09-21,AUD,3Y,3M BBSW,0.004180437862700503
2021-09-20,AUD,3Y,3M BBSW,0.00431199942436837
2021-09-17,AUD,3Y,3M BBSW,0.004311955016560294
2021-09-16,AUD,3Y,3M BBSW,0.004137946396049224
2021-09-15,AUD,3Y,3M BBSW,0.003944340564038109
2021-09-14,AUD,3Y,3M BBSW,0.004302558936132797
2021-09-13,AUD,3Y,3M BBSW,0.004269998321335514
2021-09-10,AUD,3Y,3M BBSW,0.004179943196049699
2021-09-09,AUD,3Y,3M BBSW,0.0044499286263294515
2021-09-08,AUD,3Y,3M BBSW,0.00444594908018436
2021-09-07,AUD,3Y,3M BBSW,0.004479900648873869
2021-09-06,AUD,3Y,3M BBSW,0.004287999435622351
2021-09-03,AUD,3Y,3M BBSW,0.004299954404627045
2021-09-02,AUD,3Y,3M BBSW,0.004237945559373978
2021-09-01,AUD,3Y,3M BBSW,0.004396004943326745
2021-08-31,AUD,3Y,3M BBSW,0.00404065602929008
2021-08-30,AUD,3Y,3M BBSW,0.004125000000043444
2021-08-27,AUD,3Y,3M BBSW,0.0043249671523913034
2021-08-26,AUD,3Y,3M BBSW,0.004161959492465946
2021-08-25,AUD,3Y,3M BBSW,0.004134211695941459
2021-08-24,AUD,3Y,3M BBSW,0.003831050678649122
2021-08-23,AUD,3Y,3M BBSW,0.003712000000033362
2021-08-20,AUD,3Y,3M BBSW,0.003549977399396001
2021-08-19,AUD,3Y,3M BBSW,0.0037619668759051937
2021-08-18,AUD,3Y,3M BBSW,0.003858465285859647
2021-08-17,AUD,3Y,3M BBSW,0.00386798415538523
2021-08-16,AUD,3Y,3M BBSW,0.00403700000004379
2021-08-13,AUD,3Y,3M BBSW,0.004211968170900099
2021-08-12,AUD,3Y,3M BBSW,0.004237957840485629
2021-08-11,AUD,3Y,3M BBSW,0.004483890675195428
2021-08-10,AUD,3Y,3M BBSW,0.004404018207418859
2021-08-09,AUD,3Y,3M BBSW,0.004550000000047131
2021-08-06,AUD,3Y,3M BBSW,0.004499956341892767
2021-08-05,AUD,3Y,3M BBSW,0.0039214092137258814
2021-08-04,AUD,3Y,3M BBSW,0.0038430007920280153
2021-08-03,AUD,3Y,3M BBSW,0.003527403068252894
2021-07-30,AUD,3Y,3M BBSW,0.003649996871734524
2021-07-29,AUD,3Y,3M BBSW,0.003511981701718341
2021-07-28,AUD,3Y,3M BBSW,0.0036846326587782778
2021-07-27,AUD,3Y,3M BBSW,0.0037811251081593038
2021-07-26,AUD,3Y,3M BBSW,0.0038619763530925747
2021-07-23,AUD,3Y,3M BBSW,0.003949972015629504
2021-07-22,AUD,3Y,3M BBSW,0.003837964470062582
2021-07-21,AUD,3Y,3M BBSW,0.0037965303412706456
2021-07-20,AUD,3Y,3M BBSW,0.003718238992554291
2021-07-19,AUD,3Y,3M BBSW,0.004238000000039665
2021-07-16,AUD,3Y,3M BBSW,0.004249967808901279
2021-07-15,AUD,3Y,3M BBSW,0.004088028889294392
2021-07-14,AUD,3Y,3M BBSW,0.004234161616267353
2021-07-13,AUD,3Y,3M BBSW,0.003917877334834091
2021-07-12,AUD,3Y,3M BBSW,0.0038750000000535465
2021-07-09,AUD,3Y,3M BBSW,0.004249964926529185
2021-07-08,AUD,3Y,3M BBSW,0.004461945319497972
2021-07-07,AUD,3Y,3M BBSW,0.00474563426354602
2021-07-06,AUD,3Y,3M BBSW,0.00487913854630621
2021-07-05,AUD,3Y,3M BBSW,0.004662000000059306
2021-07-02,AUD,3Y,3M BBSW,0.004537944488976167
2021-07-01,AUD,3Y,3M BBSW,0.004837900389827398
2021-06-30,AUD,3Y,3M BBSW,0.004746620194427946
2021-06-29,AUD,3Y,3M BBSW,0.004679240761572095
2021-06-28,AUD,3Y,3M BBSW,0.004749998946337118
2021-06-25,AUD,3Y,3M BBSW,0.004874917014778202
2021-06-24,AUD,3Y,3M BBSW,0.004399917523139829
2021-06-23,AUD,3Y,3M BBSW,0.004520838149305612
2021-06-22,AUD,3Y,3M BBSW,0.004804315398250245
2021-06-21,AUD,3Y,3M BBSW,0.004800000000100144
2021-06-18,AUD,3Y,3M BBSW,0.0049119514650014925
2021-06-17,AUD,3Y,3M BBSW,0.003986953570047302
2021-06-16,AUD,3Y,3M BBSW,0.003247025458440515
2021-06-15,AUD,3Y,3M BBSW,0.003180076914463068
2021-06-11,AUD,3Y,3M BBSW,0.003109977363943122
2021-06-10,AUD,3Y,3M BBSW,0.0030871705558055368
2021-06-09,AUD,3Y,3M BBSW,0.00322412485346657
2021-06-08,AUD,3Y,3M BBSW,0.003440650109818283
2021-06-07,AUD,3Y,3M BBSW,0.003412000000064613
2021-06-04,AUD,3Y,3M BBSW,0.003499975105150966
2021-06-03,AUD,3Y,3M BBSW,0.0032999684139033147
2021-06-02,AUD,3Y,3M BBSW,0.003634668694096683
2021-06-01,AUD,3Y,3M BBSW,0.0037681776090849116
2021-05-31,AUD,3Y,3M BBSW,0.003712000000284234
2021-05-28,AUD,3Y,3M BBSW,0.003674984421073071
2021-05-27,AUD,3Y,3M BBSW,0.003237981982104905
2021-05-26,AUD,3Y,3M BBSW,0.0031091610638868837
2021-05-25,AUD,3Y,3M BBSW,0.003194188144765092
2021-05-24,AUD,3Y,3M BBSW,0.003224987392106818
2021-05-21,AUD,3Y,3M BBSW,0.0032879862545826984
2021-05-20,AUD,3Y,3M BBSW,0.0033249814796825934
2021-05-19,AUD,3Y,3M BBSW,0.003396898337150497
2021-05-18,AUD,3Y,3M BBSW,0.0032820287402788063
2021-05-17,AUD,3Y,3M BBSW,0.00317498708869366
2021-05-14,AUD,3Y,3M BBSW,0.003174990506521431
2021-05-13,AUD,3Y,3M BBSW,0.003199982873061325
2021-05-12,AUD,3Y,3M BBSW,0.003085183390994894
2021-05-11,AUD,3Y,3M BBSW,0.0031193238633575797
2021-05-10,AUD,3Y,3M BBSW,0.003199987564732151
2021-05-07,AUD,3Y,3M BBSW,0.003236982848728507
2021-05-06,AUD,3Y,3M BBSW,0.003287977235531106
2021-05-05,AUD,3Y,3M BBSW,0.003359927028333959
2021-05-04,AUD,3Y,3M BBSW,0.0032440974876007662
2021-05-03,AUD,3Y,3M BBSW,0.003224987351465248
2021-04-30,AUD,3Y,3M BBSW,0.0032000016930383217
2021-04-29,AUD,3Y,3M BBSW,0.0032499814326865627
2021-04-28,AUD,3Y,3M BBSW,0.003159115304199655
2021-04-27,AUD,3Y,3M BBSW,0.0032940159685843377
2021-04-26,AUD,3Y,3M BBSW,0.00328797752608825
2021-04-23,AUD,3Y,3M BBSW,0.003324980505743983
2021-04-22,AUD,3Y,3M BBSW,0.00316197302482861
2021-04-21,AUD,3Y,3M BBSW,0.003197080747094377
2021-04-20,AUD,3Y,3M BBSW,0.0032940159443381363
2021-04-19,AUD,3Y,3M BBSW,0.0032120000000754427
2021-04-16,AUD,3Y,3M BBSW,0.003287980402859561
2021-04-15,AUD,3Y,3M BBSW,0.003275020679849589
2021-04-14,AUD,3Y,3M BBSW,0.003209090255837449
2021-04-13,AUD,3Y,3M BBSW,0.003232127908357637
2021-04-12,AUD,3Y,3M BBSW,0.003012000000069931
2021-04-09,AUD,3Y,3M BBSW,0.003061981565194053
2021-04-08,AUD,3Y,3M BBSW,0.003024972912196846
2021-04-07,AUD,3Y,3M BBSW,0.003110148714125311
2021-04-06,AUD,3Y,3M BBSW,0.003294016144046751
2021-04-01,AUD,3Y,3M BBSW,0.003434836853331721
2021-03-31,AUD,3Y,3M BBSW,0.003621866290569702
2021-03-30,AUD,3Y,3M BBSW,0.003343071394200217
2021-03-29,AUD,3Y,3M BBSW,0.0028275649811476226
2021-03-26,AUD,3Y,3M BBSW,0.002924978587401691
2021-03-25,AUD,3Y,3M BBSW,0.0028119695192070247
2021-03-24,AUD,3Y,3M BBSW,0.0026725423498513865
2021-03-23,AUD,3Y,3M BBSW,0.002894719237054751
2021-03-22,AUD,3Y,3M BBSW,0.00311299819061249
2021-03-19,AUD,3Y,3M BBSW,0.003112986599484769
2021-03-18,AUD,3Y,3M BBSW,0.003287978332547472
2021-03-17,AUD,3Y,3M BBSW,0.002959292031794999
2021-03-16,AUD,3Y,3M BBSW,0.003006526898126909
2021-03-15,AUD,3Y,3M BBSW,0.003370000000293333
2021-03-12,AUD,3Y,3M BBSW,0.003239976819904049
2021-03-11,AUD,3Y,3M BBSW,0.0030399768288452977
2021-03-10,AUD,3Y,3M BBSW,0.003267005060021238
2021-03-09,AUD,3Y,3M BBSW,0.003563516314387432
2021-03-08,AUD,3Y,3M BBSW,0.0036750000001015658
2021-03-05,AUD,3Y,3M BBSW,0.003462983409061305
2021-03-04,AUD,3Y,3M BBSW,0.003799969275240147
2021-03-03,AUD,3Y,3M BBSW,0.002860382761916444
2021-03-02,AUD,3Y,3M BBSW,0.002956617672652942
2021-03-01,AUD,3Y,3M BBSW,0.002812000000059128
2021-02-26,AUD,3Y,3M BBSW,0.0034119697997669228
2021-02-25,AUD,3Y,3M BBSW,0.0027225134899770582
2021-02-24,AUD,3Y,3M BBSW,0.002407624958838634
2021-02-23,AUD,3Y,3M BBSW,0.002274998030487925
2021-02-22,AUD,3Y,3M BBSW,0.002711993622254885
2021-02-19,AUD,3Y,3M BBSW,0.002211987136275781
2021-02-18,AUD,3Y,3M BBSW,0.00173641416740148
2021-02-17,AUD,3Y,3M BBSW,0.001784752473446036
2021-02-16,AUD,3Y,3M BBSW,0.0015249990479227098
2021-02-15,AUD,3Y,3M BBSW,0.0014999991191789461
2021-02-12,AUD,3Y,3M BBSW,0.001374994928981542
2021-02-11,AUD,3Y,3M BBSW,0.001310802817797378
2021-02-10,AUD,3Y,3M BBSW,0.001372500397648319
2021-02-09,AUD,3Y,3M BBSW,0.001424999193784727
2021-02-08,AUD,3Y,3M BBSW,0.001424998051362612
2021-02-05,AUD,3Y,3M BBSW,0.0013879937913158218
2021-02-04,AUD,3Y,3M BBSW,0.001460665983191989
2021-02-03,AUD,3Y,3M BBSW,0.001409433392604145
2021-02-02,AUD,3Y,3M BBSW,0.001524999108271984
2021-02-01,AUD,3Y,3M BBSW,0.0015879972775981249
2021-01-29,AUD,3Y,3M BBSW,0.00158799427818454
2021-01-28,AUD,3Y,3M BBSW,0.001548585792870944
2021-01-27,AUD,3Y,3M BBSW,0.0015591614651401969
2021-01-25,AUD,3Y,3M BBSW,0.001587997738132444
2021-01-22,AUD,3Y,3M BBSW,0.0015619914761015041
2021-01-21,AUD,3Y,3M BBSW,0.001510620498354216
2021-01-20,AUD,3Y,3M BBSW,0.001509252082033684
2021-01-19,AUD,3Y,3M BBSW,0.001488000000007983
2021-01-18,AUD,3Y,3M BBSW,0.001449998903594596
2021-01-15,AUD,3Y,3M BBSW,0.0014620052639620041
2021-01-14,AUD,3Y,3M BBSW,0.001473659845940444
2021-01-13,AUD,3Y,3M BBSW,0.001497273805191701
2021-01-12,AUD,3Y,3M BBSW,0.001525000000008602
2021-01-11,AUD,3Y,3M BBSW,0.00151199914239777
2021-01-08,AUD,3Y,3M BBSW,0.0015379910765697799
2021-01-07,AUD,3Y,3M BBSW,0.001473651283388957
2021-01-06,AUD,3Y,3M BBSW,0.00135952373289069
2021-01-05,AUD,3Y,3M BBSW,0.0012749994476639389
2021-01-04,AUD,3Y,3M BBSW,0.0014119984728847628
2020-12-31,AUD,3Y,3M BBSW,0.001452647286717848
2020-12-30,AUD,3Y,3M BBSW,0.001451322738674633
2020-12-29,AUD,3Y,3M BBSW,0.001425000000118977
2020-12-24,AUD,3Y,3M BBSW,0.001483939526431055
2020-12-23,AUD,3Y,3M BBSW,0.001333141495523746
2020-12-22,AUD,3Y,3M BBSW,0.0014499994356519349
2020-12-21,AUD,3Y,3M BBSW,0.001649999108141859
2020-12-18,AUD,3Y,3M BBSW,0.0017619913890496019
2020-12-17,AUD,3Y,3M BBSW,0.001748400804617824
2020-12-16,AUD,3Y,3M BBSW,0.001646998734894742
2020-12-15,AUD,3Y,3M BBSW,0.0015800000000055839
2020-12-14,AUD,3Y,3M BBSW,0.001569999144953513
2020-12-11,AUD,3Y,3M BBSW,0.001504992395780318
2020-12-10,AUD,3Y,3M BBSW,0.001493633195911812
2020-12-09,AUD,3Y,3M BBSW,0.0014723162188392841
2020-12-08,AUD,3Y,3M BBSW,0.001425000000007319
2020-12-07,AUD,3Y,3M BBSW,0.0014369993513779799
2020-12-04,AUD,3Y,3M BBSW,0.001487993744519942
2020-12-03,AUD,3Y,3M BBSW,0.001373744069702389
2020-12-02,AUD,3Y,3M BBSW,0.001385474235234416
2020-12-01,AUD,3Y,3M BBSW,0.001338000000004741
2020-11-30,AUD,3Y,3M BBSW,0.0013379997159377042
2020-11-27,AUD,3Y,3M BBSW,0.0012749960950990292
2020-11-26,AUD,3Y,3M BBSW,0.0012988127812495539
2020-11-25,AUD,3Y,3M BBSW,0.0012976348262302808
2020-11-24,AUD,3Y,3M BBSW,0.001275000000004616
2020-11-23,AUD,3Y,3M BBSW,0.0012749999212532939
2020-11-20,AUD,3Y,3M BBSW,0.001224995146380528
2020-11-19,AUD,3Y,3M BBSW,0.001248858481990963
2020-11-18,AUD,3Y,3M BBSW,0.0011598854617155048
2020-11-17,AUD,3Y,3M BBSW,0.001125000000002807
2020-11-16,AUD,3Y,3M BBSW,0.001049999933679501
2020-11-13,AUD,3Y,3M BBSW,0.001074996302860988
2020-11-12,AUD,3Y,3M BBSW,0.0011239727303465929
2020-11-11,AUD,3Y,3M BBSW,0.00124772555983971
2020-11-10,AUD,3Y,3M BBSW,0.00102500000000312
2020-11-09,AUD,3Y,3M BBSW,0.0749999973659074
2020-11-06,AUD,3Y,3M BBSW,0.074999783115344
2020-11-05,AUD,3Y,3M BBSW,0.0761304017403281
2020-11-04,AUD,3Y,3M BBSW,0.0848452495325908
2020-11-03,AUD,3Y,3M BBSW,0.0700000000001081
2020-11-02,AUD,3Y,3M BBSW,0.0962999799503705
2020-10-30,AUD,3Y,3M BBSW,0.095000055932189
2020-10-29,AUD,3Y,3M BBSW,0.0924155869792549
2020-10-28,AUD,3Y,3M BBSW,0.0923315982970535
2020-10-27,AUD,3Y,3M BBSW,0.090000000000211
2020-10-26,AUD,3Y,3M BBSW,0.0899999340038138
2020-10-23,AUD,3Y,3M BBSW,0.0949996854516254
2020-10-22,AUD,3Y,3M BBSW,0.0924154745989419
2020-10-21,AUD,3Y,3M BBSW,0.0936292332243644
2020-10-20,AUD,3Y,3M BBSW,0.0975000000002012
2020-10-19,AUD,3Y,3M BBSW,0.001150000000001868
2020-10-16,AUD,3Y,3M BBSW,0.001049996527143024
2020-10-15,AUD,3Y,3M BBSW,0.0012307717915998049
2020-10-14,AUD,3Y,3M BBSW,0.00122980094525418
2020-10-13,AUD,3Y,3M BBSW,0.00123800000000206
2020-10-12,AUD,3Y,3M BBSW,0.0013380000000025418
2020-10-09,AUD,3Y,3M BBSW,0.001287994440151617
2020-10-08,AUD,3Y,3M BBSW,0.001210891671028311
2020-10-07,AUD,3Y,3M BBSW,0.001109974054865008
2020-10-06,AUD,3Y,3M BBSW,0.0013750000000026519
2020-10-02,AUD,3Y,3M BBSW,0.00141070595961108
2020-10-01,AUD,3Y,3M BBSW,0.001409423520876338
2020-09-30,AUD,3Y,3M BBSW,0.001376253964530314
2020-09-29,AUD,3Y,3M BBSW,0.001350000000001801
2020-09-28,AUD,3Y,3M BBSW,0.001361998902506278
2020-09-25,AUD,3Y,3M BBSW,0.0012619922411916602
2020-09-24,AUD,3Y,3M BBSW,0.001298812063340298
2020-09-23,AUD,3Y,3M BBSW,0.001347544582062217
2020-09-22,AUD,3Y,3M BBSW,0.001674999280115326
2020-09-21,AUD,3Y,3M BBSW,0.0016119996570364001
2020-09-18,AUD,3Y,3M BBSW,0.001636992032760187
2020-09-17,AUD,3Y,3M BBSW,0.001473653507443779
2020-09-16,AUD,3Y,3M BBSW,0.00133556605346689
2020-09-15,AUD,3Y,3M BBSW,0.00145000000000223
2020-09-14,AUD,3Y,3M BBSW,0.001597999202594586
2020-09-11,AUD,3Y,3M BBSW,0.0016019909408441118
2020-09-10,AUD,3Y,3M BBSW,0.0016784649254920519
2020-09-09,AUD,3Y,3M BBSW,0.0017048950738749729
2020-09-08,AUD,3Y,3M BBSW,0.001788000000006135
2020-09-07,AUD,3Y,3M BBSW,0.001799999576726236
2020-09-04,AUD,3Y,3M BBSW,0.001749991009701981
2020-09-03,AUD,3Y,3M BBSW,0.001723424992535072
2020-09-02,AUD,3Y,3M BBSW,0.001808706533868085
2020-09-01,AUD,3Y,3M BBSW,0.002025000000007042
2020-08-31,AUD,3Y,3M BBSW,0.001937001060587511
2020-08-28,AUD,3Y,3M BBSW,0.001924993033450072
2020-08-27,AUD,3Y,3M BBSW,0.0018982641986738619
2020-08-26,AUD,3Y,3M BBSW,0.001983384311784894
2020-08-25,AUD,3Y,3M BBSW,0.001924997565164392
2020-08-24,AUD,3Y,3M BBSW,0.00197500000000542
2020-08-21,AUD,3Y,3M BBSW,0.001987990589649376
2020-08-20,AUD,3Y,3M BBSW,0.0020860905178646
2020-08-19,AUD,3Y,3M BBSW,0.002109155135298513
2020-08-18,AUD,3Y,3M BBSW,0.002087997217307513
2020-08-17,AUD,3Y,3M BBSW,0.002225000000006107
2020-08-14,AUD,3Y,3M BBSW,0.002199996458150627
2020-08-13,AUD,3Y,3M BBSW,0.002086090529577165
2020-08-12,AUD,3Y,3M BBSW,0.002071224336533946
2020-08-11,AUD,3Y,3M BBSW,0.001986997512781457
2020-08-10,AUD,3Y,3M BBSW,0.001925000000002598
2020-08-07,AUD,3Y,3M BBSW,0.001923240571787381
2020-08-06,AUD,3Y,3M BBSW,0.0019464467825518331
2020-08-05,AUD,3Y,3M BBSW,0.00198158360765244
2020-08-04,AUD,3Y,3M BBSW,0.001999997511202472
2020-07-31,AUD,3Y,3M BBSW,0.001975010307378955
2020-07-30,AUD,3Y,3M BBSW,0.002085107472332436
2020-07-29,AUD,3Y,3M BBSW,0.002096180599907633
2020-07-28,AUD,3Y,3M BBSW,0.00226199671906364
2020-07-27,AUD,3Y,3M BBSW,0.002150000000005938
2020-07-24,AUD,3Y,3M BBSW,0.0020869898239003933
2020-07-23,AUD,3Y,3M BBSW,0.002098078015242224
2020-07-22,AUD,3Y,3M BBSW,0.002121129829518713
2020-07-21,AUD,3Y,3M BBSW,0.002099996903183156
2020-07-20,AUD,3Y,3M BBSW,0.002050000000005266
2020-07-17,AUD,3Y,3M BBSW,0.002124989869216019
2020-07-16,AUD,3Y,3M BBSW,0.0021230551741955
2020-07-15,AUD,3Y,3M BBSW,0.002220234412926566
2020-07-14,AUD,3Y,3M BBSW,0.0021130012623545823
2020-07-13,AUD,3Y,3M BBSW,0.001950000000006647
2020-07-10,AUD,3Y,3M BBSW,0.001849991801268373
2020-07-09,AUD,3Y,3M BBSW,0.00203513530609645
2020-07-08,AUD,3Y,3M BBSW,0.002058242682316018
2020-07-07,AUD,3Y,3M BBSW,0.0021749892077910777
2020-07-06,AUD,3Y,3M BBSW,0.002262000000006682
2020-07-03,AUD,3Y,3M BBSW,0.002237984367716779
2020-07-02,AUD,3Y,3M BBSW,0.002272909626562669
2020-07-01,AUD,3Y,3M BBSW,0.002357691761949554
2020-06-30,AUD,3Y,3M BBSW,0.002324999610272885
2020-06-29,AUD,3Y,3M BBSW,0.002313000000006653
2020-06-26,AUD,3Y,3M BBSW,0.0023249786483893887
2020-06-25,AUD,3Y,3M BBSW,0.002372816509861243
2020-06-24,AUD,3Y,3M BBSW,0.002407609575663667
2020-06-23,AUD,3Y,3M BBSW,0.0023620000000011653
2020-06-22,AUD,3Y,3M BBSW,0.002337998417084881
2020-06-19,AUD,3Y,3M BBSW,0.002387984564025402
2020-06-18,AUD,3Y,3M BBSW,0.00233585978930579
2020-06-17,AUD,3Y,3M BBSW,0.002308792899788286
2020-06-16,AUD,3Y,3M BBSW,0.002600000000012464
2020-06-15,AUD,3Y,3M BBSW,0.0026500000000469408
2020-06-12,AUD,3Y,3M BBSW,0.002672547778410857
2020-06-11,AUD,3Y,3M BBSW,0.0026451685921451166
2020-06-10,AUD,3Y,3M BBSW,0.002854207883815497
2020-06-09,AUD,3Y,3M BBSW,0.002838000000074083
2020-06-05,AUD,3Y,3M BBSW,0.002824978308920391
2020-06-04,AUD,3Y,3M BBSW,0.002772457577601562
2020-06-03,AUD,3Y,3M BBSW,0.0026202268952540096
2020-06-02,AUD,3Y,3M BBSW,0.002625000000009126
2020-06-01,AUD,3Y,3M BBSW,0.002725000000009528
2020-05-29,AUD,3Y,3M BBSW,0.0027499923832052207
2020-05-28,AUD,3Y,3M BBSW,0.0026605708642256022
2020-05-27,AUD,3Y,3M BBSW,0.002645179747015825
2020-05-26,AUD,3Y,3M BBSW,0.002674989084150654
2020-05-25,AUD,3Y,3M BBSW,0.002699994880021251
2020-05-22,AUD,3Y,3M BBSW,0.002574990386738803
2020-05-21,AUD,3Y,3M BBSW,0.002247945596234261
2020-05-20,AUD,3Y,3M BBSW,0.0023207675873380957
2020-05-19,AUD,3Y,3M BBSW,0.002249991928268632
2020-05-18,AUD,3Y,3M BBSW,0.0020499962887300448
2020-05-15,AUD,3Y,3M BBSW,0.002050004535248204
2020-05-14,AUD,3Y,3M BBSW,0.0019482261223778721
2020-05-13,AUD,3Y,3M BBSW,0.002207973332447915
2020-05-12,AUD,3Y,3M BBSW,0.002261991818496431
2020-05-11,AUD,3Y,3M BBSW,0.0029309924906643107
2020-05-08,AUD,3Y,3M BBSW,0.0022999925304038322
2020-05-07,AUD,3Y,3M BBSW,0.002584637293825045
2020-05-06,AUD,3Y,3M BBSW,0.0026072457847084902
2020-05-05,AUD,3Y,3M BBSW,0.002712988646316461
2020-05-04,AUD,3Y,3M BBSW,0.002774994283043036
2020-05-01,AUD,3Y,3M BBSW,0.0028119826757817402
2020-04-30,AUD,3Y,3M BBSW,0.002955374280824103
2020-04-29,AUD,3Y,3M BBSW,0.003127826277760929
2020-04-28,AUD,3Y,3M BBSW,0.0030879926237205803
2020-04-27,AUD,3Y,3M BBSW,0.003137000000013209
2020-04-24,AUD,3Y,3M BBSW,0.003174976780978441
2020-04-23,AUD,3Y,3M BBSW,0.0032220446492949788
2020-04-22,AUD,3Y,3M BBSW,0.0031941813280469827
2020-04-21,AUD,3Y,3M BBSW,0.0031619927205777387
2020-04-20,AUD,3Y,3M BBSW,0.0031870000000129638
2020-04-17,AUD,3Y,3M BBSW,0.003268974807340615
2020-04-16,AUD,3Y,3M BBSW,0.0033099638915026243
2020-04-15,AUD,3Y,3M BBSW,0.003636534273543604
2020-04-14,AUD,3Y,3M BBSW,0.003712004286722692
2020-04-09,AUD,3Y,3M BBSW,0.003842988498290712
2020-04-08,AUD,3Y,3M BBSW,0.003814591937587174
2020-04-07,AUD,3Y,3M BBSW,0.0035241884512908
2020-04-06,AUD,3Y,3M BBSW,0.003350000000186127
2020-04-03,AUD,3Y,3M BBSW,0.003299964587134475
2020-04-02,AUD,3Y,3M BBSW,0.0034468189899211797
2020-04-01,AUD,3Y,3M BBSW,0.003505597552124911
2020-03-31,AUD,3Y,3M BBSW,0.003825004704806328
2020-03-30,AUD,3Y,3M BBSW,0.003700000000016711
2020-03-27,AUD,3Y,3M BBSW,0.0038879586644018772
2020-03-26,AUD,3Y,3M BBSW,0.004021291289937476
2020-03-25,AUD,3Y,3M BBSW,0.004741315920127952
2020-03-24,AUD,3Y,3M BBSW,0.004724962507281428
2020-03-23,AUD,3Y,3M BBSW,0.004538000000098744
2020-03-20,AUD,3Y,3M BBSW,0.0047999583686959965
2020-03-19,AUD,3Y,3M BBSW,0.004745644225103377
2020-03-18,AUD,3Y,3M BBSW,0.006014043753266841
2020-03-17,AUD,3Y,3M BBSW,0.006124953766171951
2020-03-16,AUD,3Y,3M BBSW,0.00545000000002482
2020-03-13,AUD,3Y,3M BBSW,0.006561905618432708
2020-03-12,AUD,3Y,3M BBSW,0.005444983590390244
2020-03-11,AUD,3Y,3M BBSW,0.005327285031039915
2020-03-10,AUD,3Y,3M BBSW,0.005511966739925208
2020-03-09,AUD,3Y,3M BBSW,0.005350000000030376
2020-03-06,AUD,3Y,3M BBSW,0.005361942271933363
2020-03-05,AUD,3Y,3M BBSW,0.004720665239490485
2020-03-04,AUD,3Y,3M BBSW,0.004541720602825028
2020-03-03,AUD,3Y,3M BBSW,0.0050879722494674
2020-03-02,AUD,3Y,3M BBSW,0.0052250000000337304
2020-02-28,AUD,3Y,3M BBSW,0.004786970636985008
2020-02-27,AUD,3Y,3M BBSW,0.005874961792629606
2020-02-26,AUD,3Y,3M BBSW,0.006357212771723643
2020-02-25,AUD,3Y,3M BBSW,0.006451329737442047
2020-02-24,AUD,3Y,3M BBSW,0.006462989233056736
2020-02-21,AUD,3Y,3M BBSW,0.006499917646819658
2020-02-20,AUD,3Y,3M BBSW,0.006774919984403823
2020-02-19,AUD,3Y,3M BBSW,0.0072184307621606
2020-02-18,AUD,3Y,3M BBSW,0.007236924793298825
2020-02-17,AUD,3Y,3M BBSW,0.00748698573955152
2020-02-14,AUD,3Y,3M BBSW,0.0072750006019452855
2020-02-13,AUD,3Y,3M BBSW,0.007537899366933932
2020-02-12,AUD,3Y,3M BBSW,0.007618068036515367
2020-02-11,AUD,3Y,3M BBSW,0.007286835514069095
2020-02-10,AUD,3Y,3M BBSW,0.007174986632014012
2020-02-07,AUD,3Y,3M BBSW,0.007049904655752559
2020-02-06,AUD,3Y,3M BBSW,0.007799890776407279
2020-02-05,AUD,3Y,3M BBSW,0.007381283238287229
2020-02-04,AUD,3Y,3M BBSW,0.006051048985169848
2020-02-03,AUD,3Y,3M BBSW,0.006161980686076922
2020-01-31,AUD,3Y,3M BBSW,0.006325079337801687
2020-01-30,AUD,3Y,3M BBSW,0.00665001876048869
2020-01-29,AUD,3Y,3M BBSW,0.007143498585761705
2020-01-28,AUD,3Y,3M BBSW,0.006538177605970225
2020-01-24,AUD,3Y,3M BBSW,0.007261873400955011
2020-01-23,AUD,3Y,3M BBSW,0.007687848253346417
2020-01-22,AUD,3Y,3M BBSW,0.007343315914205797
2020-01-21,AUD,3Y,3M BBSW,0.007648196399946742
2020-01-20,AUD,3Y,3M BBSW,0.007738000000119233
2020-01-17,AUD,3Y,3M BBSW,0.007811850919743315
2020-01-16,AUD,3Y,3M BBSW,0.008099827337814561
2020-01-15,AUD,3Y,3M BBSW,0.008222146515278948
2020-01-14,AUD,3Y,3M BBSW,0.008327909843208765
2020-01-13,AUD,3Y,3M BBSW,0.007961983111828493
2020-01-10,AUD,3Y,3M BBSW,0.00811179056471022
2020-01-09,AUD,3Y,3M BBSW,0.008111842505451425
2020-01-08,AUD,3Y,3M BBSW,0.007830874059779856
2020-01-07,AUD,3Y,3M BBSW,0.007872795015060052
2020-01-06,AUD,3Y,3M BBSW,0.008150000000127784
2020-01-03,AUD,3Y,3M BBSW,0.008249771040493379
2020-01-02,AUD,3Y,3M BBSW,0.009429158178804752
2019-12-31,AUD,3Y,3M BBSW,0.009458510884791277
2019-12-30,AUD,3Y,3M BBSW,0.009250000000183788
2019-12-27,AUD,3Y,3M BBSW,0.009404321890645672
2019-12-24,AUD,3Y,3M BBSW,0.009178901080426054
2019-12-23,AUD,3Y,3M BBSW,0.009025000000168933
2019-12-20,AUD,3Y,3M BBSW,0.00909985546019684
2019-12-19,AUD,3Y,3M BBSW,0.008299829284980513
2019-12-18,AUD,3Y,3M BBSW,0.00778087855043633
2019-12-17,AUD,3Y,3M BBSW,0.007649161967760592
2019-12-16,AUD,3Y,3M BBSW,0.007837000000120178
2019-12-13,AUD,3Y,3M BBSW,0.007674871956977768
2019-12-12,AUD,3Y,3M BBSW,0.007411841473327251
2019-12-11,AUD,3Y,3M BBSW,0.007430187814407394
2019-12-10,AUD,3Y,3M BBSW,0.0073117642563602855
2019-12-09,AUD,3Y,3M BBSW,0.007588000000002062
2019-12-06,AUD,3Y,3M BBSW,0.007461890593220295
2019-12-05,AUD,3Y,3M BBSW,0.0073368718215843405
2019-12-04,AUD,3Y,3M BBSW,0.007193420601952171
2019-12-03,AUD,3Y,3M BBSW,0.007973578409591665
2019-12-02,AUD,3Y,3M BBSW,0.007300000000083764
2019-11-29,AUD,3Y,3M BBSW,0.007274938743476685
2019-11-28,AUD,3Y,3M BBSW,0.00693793336220366
2019-11-27,AUD,3Y,3M BBSW,0.007093539016570296
2019-11-26,AUD,3Y,3M BBSW,0.007822854866155783
2019-11-25,AUD,3Y,3M BBSW,0.007725000000093175
2019-11-22,AUD,3Y,3M BBSW,0.007662880604629187
2019-11-21,AUD,3Y,3M BBSW,0.007524885640728337
2019-11-20,AUD,3Y,3M BBSW,0.007480157268780995
2019-11-19,AUD,3Y,3M BBSW,0.007661143670952553
2019-11-18,AUD,3Y,3M BBSW,0.007975000000109981
2019-11-15,AUD,3Y,3M BBSW,0.008062127277666767
2019-11-14,AUD,3Y,3M BBSW,0.007974996905076946
2019-11-13,AUD,3Y,3M BBSW,0.008729010215777388
2019-11-12,AUD,3Y,3M BBSW,0.00892189016964123
2019-11-11,AUD,3Y,3M BBSW,0.009088000000177112
2019-11-08,AUD,3Y,3M BBSW,0.009286824122927756
2019-11-07,AUD,3Y,3M BBSW,0.008999833356377718
2019-11-06,AUD,3Y,3M BBSW,0.009291493563057576
2019-11-05,AUD,3Y,3M BBSW,0.009195400792135901
2019-11-04,AUD,3Y,3M BBSW,0.008862000000141111
2019-11-01,AUD,3Y,3M BBSW,0.008899783334048218
2019-10-31,AUD,3Y,3M BBSW,0.008587153821760913
2019-10-30,AUD,3Y,3M BBSW,0.008380494772264262
2019-10-29,AUD,3Y,3M BBSW,0.008409803053043948
2019-10-28,AUD,3Y,3M BBSW,0.007875000000097596
2019-10-25,AUD,3Y,3M BBSW,0.007599851955582264
2019-10-24,AUD,3Y,3M BBSW,0.00801184235737747
2019-10-23,AUD,3Y,3M BBSW,0.008029604008551777
2019-10-22,AUD,3Y,3M BBSW,0.008434759485320995
2019-10-21,AUD,3Y,3M BBSW,0.00836300000007497
2019-10-18,AUD,3Y,3M BBSW,0.008249843850788668
2019-10-17,AUD,3Y,3M BBSW,0.007599860013110151
2019-10-16,AUD,3Y,3M BBSW,0.007343242175151293
2019-10-15,AUD,3Y,3M BBSW,0.0071615416168623195
2019-10-14,AUD,3Y,3M BBSW,0.00728700000006751
2019-10-11,AUD,3Y,3M BBSW,0.007574866664913114
2019-10-10,AUD,3Y,3M BBSW,0.006136884889154159
2019-10-09,AUD,3Y,3M BBSW,0.006244273201996758
2019-10-08,AUD,3Y,3M BBSW,0.006213738872704596
2019-10-04,AUD,3Y,3M BBSW,0.006337887790998895
2019-10-03,AUD,3Y,3M BBSW,0.0065559455129838365
2019-10-02,AUD,3Y,3M BBSW,0.006699742329560672
2019-10-01,AUD,3Y,3M BBSW,0.007579375696884407
2019-09-30,AUD,3Y,3M BBSW,0.007411999999965165
2019-09-27,AUD,3Y,3M BBSW,0.0075628661161310055
2019-09-26,AUD,3Y,3M BBSW,0.007612813154122856
2019-09-25,AUD,3Y,3M BBSW,0.007680883875057481
2019-09-24,AUD,3Y,3M BBSW,0.007797919735202077
2019-09-23,AUD,3Y,3M BBSW,0.007788000000046497
2019-09-20,AUD,3Y,3M BBSW,0.0077878966124848995
2019-09-19,AUD,3Y,3M BBSW,0.008362830523584455
2019-09-18,AUD,3Y,3M BBSW,0.008954820710528222
2019-09-17,AUD,3Y,3M BBSW,0.00912056324980963
2019-09-16,AUD,3Y,3M BBSW,0.009337000000104784
2019-09-13,AUD,3Y,3M BBSW,0.009111815456633574
2019-09-12,AUD,3Y,3M BBSW,0.008899773709929195
2019-09-11,AUD,3Y,3M BBSW,0.008729009220242213
2019-09-10,AUD,3Y,3M BBSW,0.008459737221764827
2019-09-09,AUD,3Y,3M BBSW,0.00816300000008138
2019-09-06,AUD,3Y,3M BBSW,0.008199870948348568
2019-09-05,AUD,3Y,3M BBSW,0.007737860153138782
2019-09-04,AUD,3Y,3M BBSW,0.007368271620516855
2019-09-03,AUD,3Y,3M BBSW,0.00718700995488359
2019-09-02,AUD,3Y,3M BBSW,0.00707499999971924
2019-08-30,AUD,3Y,3M BBSW,0.007150026469936967
2019-08-29,AUD,3Y,3M BBSW,0.006949961596470024
2019-08-28,AUD,3Y,3M BBSW,0.0070315885128616855
2019-08-27,AUD,3Y,3M BBSW,0.007323742509711285
2019-08-26,AUD,3Y,3M BBSW,0.007124977725895081
2019-08-23,AUD,3Y,3M BBSW,0.006924916866509208
2019-08-22,AUD,3Y,3M BBSW,0.007274896759101028
2019-08-21,AUD,3Y,3M BBSW,0.007081515098462544
2019-08-20,AUD,3Y,3M BBSW,0.007075159535632904
2019-08-19,AUD,3Y,3M BBSW,0.007149977072784684
2019-08-16,AUD,3Y,3M BBSW,0.00686191946742619
2019-08-15,AUD,3Y,3M BBSW,0.007075100071139231
2019-08-14,AUD,3Y,3M BBSW,0.0071315661355637085
2019-08-13,AUD,3Y,3M BBSW,0.006987317782071262
2019-08-12,AUD,3Y,3M BBSW,0.007174977788703674
2019-08-09,AUD,3Y,3M BBSW,0.007399907995741438
2019-08-08,AUD,3Y,3M BBSW,0.007274896052930545
2019-08-07,AUD,3Y,3M BBSW,0.007093503246187059
2019-08-06,AUD,3Y,3M BBSW,0.007236867352605533
2019-08-02,AUD,3Y,3M BBSW,0.007737873498888707
2019-08-01,AUD,3Y,3M BBSW,0.008667004444647259
2019-07-31,AUD,3Y,3M BBSW,0.008615651950075767
2019-07-30,AUD,3Y,3M BBSW,0.008682863450974517
2019-07-29,AUD,3Y,3M BBSW,0.008499966655459466
2019-07-26,AUD,3Y,3M BBSW,0.008824852508900447
2019-07-25,AUD,3Y,3M BBSW,0.009324785138683962
2019-07-24,AUD,3Y,3M BBSW,0.009566184174900157
2019-07-23,AUD,3Y,3M BBSW,0.010056715520740691
2019-07-22,AUD,3Y,3M BBSW,0.010099953168176681
2019-07-19,AUD,3Y,3M BBSW,0.01009987893344191
2019-07-18,AUD,3Y,3M BBSW,0.009949778128898537
2019-07-17,AUD,3Y,3M BBSW,0.01016562410023545
2019-07-16,AUD,3Y,3M BBSW,0.01010662352313397
2019-07-15,AUD,3Y,3M BBSW,0.0105130518003713
2019-07-12,AUD,3Y,3M BBSW,0.01039984874692023
2019-07-11,AUD,3Y,3M BBSW,0.00984978446536002
2019-07-10,AUD,3Y,3M BBSW,0.010040680329270699
2019-07-09,AUD,3Y,3M BBSW,0.010193493051664759
2019-07-08,AUD,3Y,3M BBSW,0.01028695068813259
2019-07-05,AUD,3Y,3M BBSW,0.009936817620423123
2019-07-04,AUD,3Y,3M BBSW,0.0098997418117979
2019-07-03,AUD,3Y,3M BBSW,0.009777928808071976
2019-07-02,AUD,3Y,3M BBSW,0.0099817478366607
2019-07-01,AUD,3Y,3M BBSW,0.010099846149009219
2019-06-28,AUD,3Y,3M BBSW,0.01023675803003601
2019-06-27,AUD,3Y,3M BBSW,0.01019974705271031
2019-06-26,AUD,3Y,3M BBSW,0.00974093559910476
2019-06-25,AUD,3Y,3M BBSW,0.009570526215431712
2019-06-24,AUD,3Y,3M BBSW,0.009688000000254606
2019-06-21,AUD,3Y,3M BBSW,0.00962482428248744
2019-06-20,AUD,3Y,3M BBSW,0.009361854427376241
2019-06-19,AUD,3Y,3M BBSW,0.0101406502631809
2019-06-18,AUD,3Y,3M BBSW,0.01050600412861134
2019-06-17,AUD,3Y,3M BBSW,0.0108750000002062
2019-06-14,AUD,3Y,3M BBSW,0.01058800979188497
2019-06-13,AUD,3Y,3M BBSW,0.01082803812791424
2019-06-12,AUD,3Y,3M BBSW,0.0112914060477357
2019-06-11,AUD,3Y,3M BBSW,0.011456017169085439
2019-06-07,AUD,3Y,3M BBSW,0.01134972862834062
2019-06-06,AUD,3Y,3M BBSW,0.01143774400350517
2019-06-05,AUD,3Y,3M BBSW,0.01192697897872439
2019-06-04,AUD,3Y,3M BBSW,0.012003327416662499
2019-06-03,AUD,3Y,3M BBSW,0.01193800000014455
2019-05-31,AUD,3Y,3M BBSW,0.01181222361365619
2019-05-30,AUD,3Y,3M BBSW,0.01210010292942
2019-05-29,AUD,3Y,3M BBSW,0.011827297223919819
2019-05-28,AUD,3Y,3M BBSW,0.01211615834835511
2019-05-27,AUD,3Y,3M BBSW,0.01212492656453202
2019-05-24,AUD,3Y,3M BBSW,0.012137862361522691
2019-05-23,AUD,3Y,3M BBSW,0.01246275507490956
2019-05-22,AUD,3Y,3M BBSW,0.01275128720244265
2019-05-21,AUD,3Y,3M BBSW,0.01293858905881415
2019-05-20,AUD,3Y,3M BBSW,0.01332480234131334
2019-05-17,AUD,3Y,3M BBSW,0.012811847166302579
2019-05-16,AUD,3Y,3M BBSW,0.01302472954971637
2019-05-15,AUD,3Y,3M BBSW,0.01331803863497764
2019-05-14,AUD,3Y,3M BBSW,0.01339294857412392
2019-05-13,AUD,3Y,3M BBSW,0.01359979734673718
2019-05-10,AUD,3Y,3M BBSW,0.013787822885045639
2019-05-09,AUD,3Y,3M BBSW,0.01372470201742404
2019-05-08,AUD,3Y,3M BBSW,0.01386225832376067
2019-05-07,AUD,3Y,3M BBSW,0.01325102953237363
2019-05-06,AUD,3Y,3M BBSW,0.013374801183709739
2019-05-03,AUD,3Y,3M BBSW,0.013811738732341402
2019-05-02,AUD,3Y,3M BBSW,0.01374961959445911
2019-05-01,AUD,3Y,3M BBSW,0.01358743661367968
2019-04-30,AUD,3Y,3M BBSW,0.01383742591306261
2019-04-29,AUD,3Y,3M BBSW,0.01392490538654988
2019-04-26,AUD,3Y,3M BBSW,0.01372465719191522
2019-04-24,AUD,3Y,3M BBSW,0.013500504860302529
2019-04-23,AUD,3Y,3M BBSW,0.01504740585240558
2019-04-18,AUD,3Y,3M BBSW,0.01553564696625793
2019-04-17,AUD,3Y,3M BBSW,0.01541005914713039
2019-04-16,AUD,3Y,3M BBSW,0.01527081329946387
2019-04-15,AUD,3Y,3M BBSW,0.015563015838137911
2019-04-12,AUD,3Y,3M BBSW,0.01587465508655488
2019-04-11,AUD,3Y,3M BBSW,0.015099497163062948
2019-04-10,AUD,3Y,3M BBSW,0.01468631290806554
2019-04-09,AUD,3Y,3M BBSW,0.015097762005387181
2019-04-08,AUD,3Y,3M BBSW,0.01528688721856495
2019-04-05,AUD,3Y,3M BBSW,0.015274579681057929
2019-04-04,AUD,3Y,3M BBSW,0.01536137750742011
2019-04-03,AUD,3Y,3M BBSW,0.01493606865425317
2019-04-02,AUD,3Y,3M BBSW,0.015009625933279229
2019-04-01,AUD,3Y,3M BBSW,0.01516164900605284
2019-03-29,AUD,3Y,3M BBSW,0.01481184982491651
2019-03-28,AUD,3Y,3M BBSW,0.014599516099935539
2019-03-27,AUD,3Y,3M BBSW,0.014811283039571091
2019-03-26,AUD,3Y,3M BBSW,0.01506047964427582
2019-03-25,AUD,3Y,3M BBSW,0.014924420428225851
2019-03-22,AUD,3Y,3M BBSW,0.014712734684006362
2019-03-21,AUD,3Y,3M BBSW,0.01584954144503942
2019-03-20,AUD,3Y,3M BBSW,0.015710602102514
2019-03-19,AUD,3Y,3M BBSW,0.01602095383025838
2019-03-18,AUD,3Y,3M BBSW,0.01627475337536537
2019-03-15,AUD,3Y,3M BBSW,0.016150445066733018
2019-03-14,AUD,3Y,3M BBSW,0.01615002605392214
2019-03-13,AUD,3Y,3M BBSW,0.01628501663550058
2019-03-12,AUD,3Y,3M BBSW,0.01690729773549374
2019-03-11,AUD,3Y,3M BBSW,0.01684973950522829
2019-03-08,AUD,3Y,3M BBSW,0.01702452549962925
2019-03-07,AUD,3Y,3M BBSW,0.01717440288129096
2019-03-06,AUD,3Y,3M BBSW,0.017533855886965478
2019-03-05,AUD,3Y,3M BBSW,0.017867629140588842
2019-03-04,AUD,3Y,3M BBSW,0.0179876982030509
2019-03-01,AUD,3Y,3M BBSW,0.01782462717032126
2019-02-28,AUD,3Y,3M BBSW,0.01752478977990269
2019-02-27,AUD,3Y,3M BBSW,0.01748434336999289
2019-02-26,AUD,3Y,3M BBSW,0.01758060215047242
2019-02-25,AUD,3Y,3M BBSW,0.01764977269404604
2019-02-22,AUD,3Y,3M BBSW,0.01749946727235234
2019-02-21,AUD,3Y,3M BBSW,0.01747459469827999
2019-02-20,AUD,3Y,3M BBSW,0.01760903963507318
2019-02-19,AUD,3Y,3M BBSW,0.01788008647649999
2019-02-18,AUD,3Y,3M BBSW,0.01802477168423969
2019-02-15,AUD,3Y,3M BBSW,0.01812551163889353
2019-02-14,AUD,3Y,3M BBSW,0.018111998441098228
2019-02-13,AUD,3Y,3M BBSW,0.01798370381533631
2019-02-12,AUD,3Y,3M BBSW,0.01775529821794092
2019-02-11,AUD,3Y,3M BBSW,0.01752478055745172
2019-02-08,AUD,3Y,3M BBSW,0.0171994930710321
2019-02-07,AUD,3Y,3M BBSW,0.017649592957015722
2019-02-06,AUD,3Y,3M BBSW,0.01818352116402288
2019-02-05,AUD,3Y,3M BBSW,0.01879141688859045
2019-02-04,AUD,3Y,3M BBSW,0.01864967270208202
2019-02-01,AUD,3Y,3M BBSW,0.01886121692173618
2019-01-31,AUD,3Y,3M BBSW,0.01881247689885489
2019-01-30,AUD,3Y,3M BBSW,0.019058228099026478
2019-01-29,AUD,3Y,3M BBSW,0.01886645789718282
2019-01-25,AUD,3Y,3M BBSW,0.01904910586152557
2019-01-24,AUD,3Y,3M BBSW,0.01929932982767505
2019-01-23,AUD,3Y,3M BBSW,0.019420408514504738
2019-01-22,AUD,3Y,3M BBSW,0.01946533576019788
2019-01-21,AUD,3Y,3M BBSW,0.01963773321646593
2019-01-18,AUD,3Y,3M BBSW,0.0196612202069699
2019-01-17,AUD,3Y,3M BBSW,0.01924933776892772
2019-01-16,AUD,3Y,3M BBSW,0.01910769073768779
2019-01-15,AUD,3Y,3M BBSW,0.019111985788187732
2019-01-14,AUD,3Y,3M BBSW,0.01901182515494952
2019-01-11,AUD,3Y,3M BBSW,0.01907419645224566
2019-01-10,AUD,3Y,3M BBSW,0.019036046866651758
2019-01-09,AUD,3Y,3M BBSW,0.01923257691672279
2019-01-08,AUD,3Y,3M BBSW,0.01906611550478438
2019-01-07,AUD,3Y,3M BBSW,0.01899974074909718
2019-01-04,AUD,3Y,3M BBSW,0.01932398858487284
2019-01-03,AUD,3Y,3M BBSW,0.018482730545982772
2019-01-02,AUD,3Y,3M BBSW,0.01889070349603301
2018-12-31,AUD,3Y,3M BBSW,0.01912535391962331
2018-12-28,AUD,3Y,3M BBSW,0.01932009196700329
2018-12-27,AUD,3Y,3M BBSW,0.01951467655914472
2018-12-24,AUD,3Y,3M BBSW,0.01949993148637812
2018-12-21,AUD,3Y,3M BBSW,0.01982429322472622
2018-12-20,AUD,3Y,3M BBSW,0.01989938216758324
2018-12-19,AUD,3Y,3M BBSW,0.01998163867743598
2018-12-18,AUD,3Y,3M BBSW,0.02008916456719528
2018-12-17,AUD,3Y,3M BBSW,0.02032490449866085
2018-12-14,AUD,3Y,3M BBSW,0.02027499474183428
2018-12-13,AUD,3Y,3M BBSW,0.02054922694639007
2018-12-12,AUD,3Y,3M BBSW,0.02028126269047692
2018-12-11,AUD,3Y,3M BBSW,0.020176019532657977
2018-12-10,AUD,3Y,3M BBSW,0.01997481727660895
2018-12-07,AUD,3Y,3M BBSW,0.01992419888030415
2018-12-06,AUD,3Y,3M BBSW,0.02012426860273707
2018-12-05,AUD,3Y,3M BBSW,0.020531124716817
2018-12-04,AUD,3Y,3M BBSW,0.02083787652701098
2018-12-03,AUD,3Y,3M BBSW,0.021262907569412192
2018-11-30,AUD,3Y,3M BBSW,0.0211253065315231
2018-11-29,AUD,3Y,3M BBSW,0.021361685344946642
2018-11-28,AUD,3Y,3M BBSW,0.02141883017308923
2018-11-27,AUD,3Y,3M BBSW,0.021387271744137883
2018-11-26,AUD,3Y,3M BBSW,0.021536901664775822
2018-11-23,AUD,3Y,3M BBSW,0.02161203499974445
2018-11-22,AUD,3Y,3M BBSW,0.02169911103464649
2018-11-21,AUD,3Y,3M BBSW,0.02185510126141342
2018-11-20,AUD,3Y,3M BBSW,0.02184916487890915
2018-11-19,AUD,3Y,3M BBSW,0.02174989980487945
2018-11-16,AUD,3Y,3M BBSW,0.021935996918463232
2018-11-15,AUD,3Y,3M BBSW,0.02212582363231608
2018-11-14,AUD,3Y,3M BBSW,0.0218807851592814
2018-11-13,AUD,3Y,3M BBSW,0.02194899279901994
2018-11-12,AUD,3Y,3M BBSW,0.02202489823063878
2018-11-09,AUD,3Y,3M BBSW,0.021824015962864964
2018-11-08,AUD,3Y,3M BBSW,0.02204907743176479
2018-11-07,AUD,3Y,3M BBSW,0.021742202322739712
2018-11-06,AUD,3Y,3M BBSW,0.02163653015403139
2018-11-05,AUD,3Y,3M BBSW,0.0216617985850983
2018-11-02,AUD,3Y,3M BBSW,0.02171178809582294
2018-11-01,AUD,3Y,3M BBSW,0.02124893368741524
2018-10-31,AUD,3Y,3M BBSW,0.02084933806345076
2018-10-30,AUD,3Y,3M BBSW,0.02084355790169409
2018-10-29,AUD,3Y,3M BBSW,0.02083800000020197
2018-10-26,AUD,3Y,3M BBSW,0.020886004920703312
2018-10-25,AUD,3Y,3M BBSW,0.02106087797733125
2018-10-24,AUD,3Y,3M BBSW,0.02124342849125103
2018-10-23,AUD,3Y,3M BBSW,0.021473809626277558
2018-10-22,AUD,3Y,3M BBSW,0.021587901858212064
2018-10-19,AUD,3Y,3M BBSW,0.021723851094252778
2018-10-18,AUD,3Y,3M BBSW,0.021760998628422082
2018-10-17,AUD,3Y,3M BBSW,0.02146821727310942
2018-10-16,AUD,3Y,3M BBSW,0.021636531583879882
2018-10-15,AUD,3Y,3M BBSW,0.02140000000023252
2018-10-12,AUD,3Y,3M BBSW,0.02129917532460704
2018-10-11,AUD,3Y,3M BBSW,0.021398932580453497
2018-10-10,AUD,3Y,3M BBSW,0.02150477854192618
2018-10-09,AUD,3Y,3M BBSW,0.021511749144293192
2018-10-08,AUD,3Y,3M BBSW,0.02143800000024839
2018-10-05,AUD,3Y,3M BBSW,0.021273954809896512
2018-10-04,AUD,3Y,3M BBSW,0.02124303982514998
2018-10-03,AUD,3Y,3M BBSW,0.020787251022193032
2018-10-02,AUD,3Y,3M BBSW,0.021105349751619297
2018-09-28,AUD,3Y,3M BBSW,0.021161077289355998
2018-09-27,AUD,3Y,3M BBSW,0.021561109588814742
2018-09-26,AUD,3Y,3M BBSW,0.021841657035635703
2018-09-25,AUD,3Y,3M BBSW,0.021860458648647548
2018-09-24,AUD,3Y,3M BBSW,0.021674900043483717
2018-09-21,AUD,3Y,3M BBSW,0.02171212989499463
2018-09-20,AUD,3Y,3M BBSW,0.021824190452867338
2018-09-19,AUD,3Y,3M BBSW,0.021717117003241363
2018-09-18,AUD,3Y,3M BBSW,0.02116254721495963
2018-09-17,AUD,3Y,3M BBSW,0.02093790537526608
2018-09-14,AUD,3Y,3M BBSW,0.02098797458844658
2018-09-13,AUD,3Y,3M BBSW,0.02097415492914509
2018-09-12,AUD,3Y,3M BBSW,0.02063101377134189
2018-09-11,AUD,3Y,3M BBSW,0.020638439202728457
2018-09-10,AUD,3Y,3M BBSW,0.02067481144003206
2018-09-07,AUD,3Y,3M BBSW,0.02063711803378773
2018-09-06,AUD,3Y,3M BBSW,0.020824188748290808
2018-09-05,AUD,3Y,3M BBSW,0.02088089379773983
2018-09-04,AUD,3Y,3M BBSW,0.02042679225732802
2018-09-03,AUD,3Y,3M BBSW,0.02037490770169204
2018-08-31,AUD,3Y,3M BBSW,0.02025066218411242
2018-08-30,AUD,3Y,3M BBSW,0.020763301258511172
2018-08-29,AUD,3Y,3M BBSW,0.021169054494596332
2018-08-28,AUD,3Y,3M BBSW,0.02120049115363884
2018-08-27,AUD,3Y,3M BBSW,0.021012105644358972
2018-08-24,AUD,3Y,3M BBSW,0.02109928744751396
2018-08-23,AUD,3Y,3M BBSW,0.02081112281121657
2018-08-22,AUD,3Y,3M BBSW,0.02101767159985994
2018-08-21,AUD,3Y,3M BBSW,0.02099950930448729
2018-08-20,AUD,3Y,3M BBSW,0.02087479973260206
2018-08-17,AUD,3Y,3M BBSW,0.02103629255874841
2018-08-16,AUD,3Y,3M BBSW,0.02084911854284037
2018-08-15,AUD,3Y,3M BBSW,0.02093538331756787
2018-08-14,AUD,3Y,3M BBSW,0.02115415316643825
2018-08-13,AUD,3Y,3M BBSW,0.021224793973222748
2018-08-10,AUD,3Y,3M BBSW,0.0212372780728889
2018-08-09,AUD,3Y,3M BBSW,0.02159905332255076
2018-08-08,AUD,3Y,3M BBSW,0.02181692677241502
2018-08-07,AUD,3Y,3M BBSW,0.021761185846060852
2018-08-03,AUD,3Y,3M BBSW,0.02192401540327304
2018-08-02,AUD,3Y,3M BBSW,0.0220544065378856
2018-08-01,AUD,3Y,3M BBSW,0.021935318814694602
2018-07-31,AUD,3Y,3M BBSW,0.021894701265666262
2018-07-30,AUD,3Y,3M BBSW,0.021650113722817423
2018-07-27,AUD,3Y,3M BBSW,0.02162396035284891
2018-07-26,AUD,3Y,3M BBSW,0.021798946403443237
2018-07-25,AUD,3Y,3M BBSW,0.02202940816959191
2018-07-24,AUD,3Y,3M BBSW,0.02223510821666106
2018-07-23,AUD,3Y,3M BBSW,0.022112772952199287
2018-07-20,AUD,3Y,3M BBSW,0.022049032998501753
2018-07-19,AUD,3Y,3M BBSW,0.02209882548116751
2018-07-18,AUD,3Y,3M BBSW,0.021867776406630977
2018-07-17,AUD,3Y,3M BBSW,0.021760938393791212
2018-07-16,AUD,3Y,3M BBSW,0.02162478377275572
2018-07-13,AUD,3Y,3M BBSW,0.021487069908293962
2018-07-12,AUD,3Y,3M BBSW,0.021612169356389307
2018-07-11,AUD,3Y,3M BBSW,0.021679851366750647
2018-07-10,AUD,3Y,3M BBSW,0.02201007786168187
2018-07-09,AUD,3Y,3M BBSW,0.021699779050748932
2018-07-06,AUD,3Y,3M BBSW,0.02166106115010821
2018-07-05,AUD,3Y,3M BBSW,0.02139896497702332
2018-07-04,AUD,3Y,3M BBSW,0.0214919084445374
2018-07-03,AUD,3Y,3M BBSW,0.02121169333074048
2018-07-02,AUD,3Y,3M BBSW,0.02147432320019619
2018-06-29,AUD,3Y,3M BBSW,0.021474575077109082
2018-06-28,AUD,3Y,3M BBSW,0.02156103744559489
2018-06-27,AUD,3Y,3M BBSW,0.02165505761532532
2018-06-26,AUD,3Y,3M BBSW,0.0216609329578859
2018-06-25,AUD,3Y,3M BBSW,0.02176115795336611
2018-06-22,AUD,3Y,3M BBSW,0.02181203262434543
2018-06-21,AUD,3Y,3M BBSW,0.022024109629792413
2018-06-20,AUD,3Y,3M BBSW,0.021805029806909258
2018-06-19,AUD,3Y,3M BBSW,0.021636293725907828
2018-06-18,AUD,3Y,3M BBSW,0.021775000000277357
2018-06-15,AUD,3Y,3M BBSW,0.02195094475743874
2018-06-14,AUD,3Y,3M BBSW,0.02211754852727921
2018-06-13,AUD,3Y,3M BBSW,0.022271924339137737
2018-06-12,AUD,3Y,3M BBSW,0.02246502104008152
2018-06-08,AUD,3Y,3M BBSW,0.02237376879527264
2018-06-07,AUD,3Y,3M BBSW,0.02277390290336454
2018-06-06,AUD,3Y,3M BBSW,0.02242933025092527
2018-06-05,AUD,3Y,3M BBSW,0.022421925573427242
2018-06-04,AUD,3Y,3M BBSW,0.02220000000021634
2025-11-03,AUD,4Y,3M BBSW,0.03701400000000131
2025-10-31,AUD,4Y,3M BBSW,0.03667700000000198
2025-10-30,AUD,4Y,3M BBSW,0.03663299999981612
2025-10-29,AUD,4Y,3M BBSW,0.03688399999974971
2025-10-28,AUD,4Y,3M BBSW,0.03523599999973251
2025-10-27,AUD,4Y,3M BBSW,0.03519100000000166
2025-10-24,AUD,4Y,3M BBSW,0.03457099123389922
2025-10-23,AUD,4Y,3M BBSW,0.03473799999980196
2025-10-22,AUD,4Y,3M BBSW,0.034278000000001294
2025-10-21,AUD,4Y,3M BBSW,0.0345369999998507
2025-10-20,AUD,4Y,3M BBSW,0.03418499999977803
2025-10-17,AUD,4Y,3M BBSW,0.03426596734815493
2025-10-16,AUD,4Y,3M BBSW,0.03408199999975718
2025-10-15,AUD,4Y,3M BBSW,0.03539896797259775
2025-10-14,AUD,4Y,3M BBSW,0.0355390049591611
2025-10-13,AUD,4Y,3M BBSW,0.03556800000000429
2025-10-10,AUD,4Y,3M BBSW,0.03615598809038682
2025-10-09,AUD,4Y,3M BBSW,0.03628900000000126
2025-10-08,AUD,4Y,3M BBSW,0.03578900000000144
2025-10-07,AUD,4Y,3M BBSW,0.03589107441133081
2025-10-03,AUD,4Y,3M BBSW,0.03571603526956001
2025-10-02,AUD,4Y,3M BBSW,0.03566521390063876
2025-10-01,AUD,4Y,3M BBSW,0.03585185152456664
2025-09-30,AUD,4Y,3M BBSW,0.03626378956591791
2025-09-29,AUD,4Y,3M BBSW,0.03576513962435375
2025-09-26,AUD,4Y,3M BBSW,0.03600722007200568
2025-09-25,AUD,4Y,3M BBSW,0.0361451572836949
2025-09-24,AUD,4Y,3M BBSW,0.03577246078989615
2025-09-23,AUD,4Y,3M BBSW,0.03468669645852493
2025-09-22,AUD,4Y,3M BBSW,0.03487071456678526
2025-09-19,AUD,4Y,3M BBSW,0.03464271922566525
2025-09-18,AUD,4Y,3M BBSW,0.03451187594642474
2025-09-17,AUD,4Y,3M BBSW,0.03455502947717289
2025-09-16,AUD,4Y,3M BBSW,0.03442329284520445
2025-09-15,AUD,4Y,3M BBSW,0.034517627611118644
2025-09-12,AUD,4Y,3M BBSW,0.034630380638342985
2025-09-11,AUD,4Y,3M BBSW,0.03425270378218038
2025-09-10,AUD,4Y,3M BBSW,0.03422769206839014
2025-09-09,AUD,4Y,3M BBSW,0.03463274959765213
2025-09-08,AUD,4Y,3M BBSW,0.03415740363756743
2025-09-05,AUD,4Y,3M BBSW,0.03430659503157295
2025-09-04,AUD,4Y,3M BBSW,0.03472374649675845
2025-09-03,AUD,4Y,3M BBSW,0.0349438244733078
2025-09-02,AUD,4Y,3M BBSW,0.034475821357211334
2025-09-01,AUD,4Y,3M BBSW,0.0344009597590515
2025-08-29,AUD,4Y,3M BBSW,0.03397278437423305
2025-08-28,AUD,4Y,3M BBSW,0.03387374720655008
2025-08-27,AUD,4Y,3M BBSW,0.03401702997448036
2025-08-26,AUD,4Y,3M BBSW,0.03404892832654626
2025-08-25,AUD,4Y,3M BBSW,0.03397711608505786
2025-08-22,AUD,4Y,3M BBSW,0.03410058765372929
2025-08-21,AUD,4Y,3M BBSW,0.03416556327889856
2025-08-20,AUD,4Y,3M BBSW,0.0338155313777564
2025-08-19,AUD,4Y,3M BBSW,0.03416585206681849
2025-08-18,AUD,4Y,3M BBSW,0.03399811442066119
2025-08-15,AUD,4Y,3M BBSW,0.03367442836631211
2025-08-14,AUD,4Y,3M BBSW,0.03378044499071525
2025-08-13,AUD,4Y,3M BBSW,0.03337080712504831
2025-08-12,AUD,4Y,3M BBSW,0.03376532012496272
2025-08-11,AUD,4Y,3M BBSW,0.03406233708903887
2025-08-08,AUD,4Y,3M BBSW,0.03405982601285187
2025-08-07,AUD,4Y,3M BBSW,0.03401663894614013
2025-08-06,AUD,4Y,3M BBSW,0.03385084069203133
2025-08-05,AUD,4Y,3M BBSW,0.033798513071042986
2025-08-01,AUD,4Y,3M BBSW,0.033611347186954396
2025-07-31,AUD,4Y,3M BBSW,0.03444315784280347
2025-07-30,AUD,4Y,3M BBSW,0.03430776775993436
2025-07-29,AUD,4Y,3M BBSW,0.034433258254984375
2025-07-28,AUD,4Y,3M BBSW,0.03473187671802579
2025-07-25,AUD,4Y,3M BBSW,0.034819820455849186
2025-07-24,AUD,4Y,3M BBSW,0.0348502509482205
2025-07-23,AUD,4Y,3M BBSW,0.03438786368370912
2025-07-22,AUD,4Y,3M BBSW,0.0341148390347809
2025-07-21,AUD,4Y,3M BBSW,0.03402665878066951
2025-07-18,AUD,4Y,3M BBSW,0.03427036360761075
2025-07-17,AUD,4Y,3M BBSW,0.03408523981189592
2025-07-16,AUD,4Y,3M BBSW,0.03499971110728252
2025-07-15,AUD,4Y,3M BBSW,0.03544254465140093
2025-07-14,AUD,4Y,3M BBSW,0.03482694414433708
2025-07-11,AUD,4Y,3M BBSW,0.03478447657740283
2025-07-10,AUD,4Y,3M BBSW,0.03454457889414465
2025-07-09,AUD,4Y,3M BBSW,0.034277158929300604
2025-07-08,AUD,4Y,3M BBSW,0.03452553688998129
2025-07-07,AUD,4Y,3M BBSW,0.03342456274146657
2025-07-04,AUD,4Y,3M BBSW,0.03326600784960354
2025-07-03,AUD,4Y,3M BBSW,0.033489403243811354
2025-07-02,AUD,4Y,3M BBSW,0.0331453460881381
2025-07-01,AUD,4Y,3M BBSW,0.03286345778268154
2025-06-30,AUD,4Y,3M BBSW,0.03291813262994133
2025-06-27,AUD,4Y,3M BBSW,0.03292676982484376
2025-06-26,AUD,4Y,3M BBSW,0.03268601421669344
2025-06-25,AUD,4Y,3M BBSW,0.032778979095955674
2025-06-24,AUD,4Y,3M BBSW,0.03303776202225913
2025-06-23,AUD,4Y,3M BBSW,0.0333945366351601
2025-06-20,AUD,4Y,3M BBSW,0.03353054451812549
2025-06-19,AUD,4Y,3M BBSW,0.03363093356179666
2025-06-18,AUD,4Y,3M BBSW,0.033989959585676834
2025-06-17,AUD,4Y,3M BBSW,0.03369472303890193
2025-06-16,AUD,4Y,3M BBSW,0.03375639485324057
2025-06-13,AUD,4Y,3M BBSW,0.03352857132343544
2025-06-12,AUD,4Y,3M BBSW,0.03321168677110935
2025-06-11,AUD,4Y,3M BBSW,0.03373215204482181
2025-06-10,AUD,4Y,3M BBSW,0.03416427527780864
2025-06-06,AUD,4Y,3M BBSW,0.03452305256128684
2025-06-05,AUD,4Y,3M BBSW,0.03391172380328807
2025-06-04,AUD,4Y,3M BBSW,0.03323488947927805
2025-06-03,AUD,4Y,3M BBSW,0.03339266437692468
2025-06-02,AUD,4Y,3M BBSW,0.03384611820308669
2025-05-30,AUD,4Y,3M BBSW,0.0336381791561837
2025-05-29,AUD,4Y,3M BBSW,0.03400600499650804
2025-05-28,AUD,4Y,3M BBSW,0.034826606274253276
2025-05-27,AUD,4Y,3M BBSW,0.033894681681442614
2025-05-26,AUD,4Y,3M BBSW,0.03412861000980842
2025-05-23,AUD,4Y,3M BBSW,0.03446690004156092
2025-05-22,AUD,4Y,3M BBSW,0.034736501651127
2025-05-21,AUD,4Y,3M BBSW,0.03536510047142579
2025-05-20,AUD,4Y,3M BBSW,0.03460450432792083
2025-05-19,AUD,4Y,3M BBSW,0.03610245312667979
2025-05-16,AUD,4Y,3M BBSW,0.03637811402421435
2025-05-15,AUD,4Y,3M BBSW,0.03595456095849322
2025-05-14,AUD,4Y,3M BBSW,0.03655343843607537
2025-05-13,AUD,4Y,3M BBSW,0.036044783315855866
2025-05-12,AUD,4Y,3M BBSW,0.03565293094241268
2025-05-09,AUD,4Y,3M BBSW,0.03411928750128661
2025-05-08,AUD,4Y,3M BBSW,0.034191927403201844
2025-05-07,AUD,4Y,3M BBSW,0.03346977126832957
2025-05-06,AUD,4Y,3M BBSW,0.03407376258542112
2025-05-05,AUD,4Y,3M BBSW,0.034039708411146494
2025-05-02,AUD,4Y,3M BBSW,0.0338627612597816
2025-05-01,AUD,4Y,3M BBSW,0.03334060683173136
2025-04-30,AUD,4Y,3M BBSW,0.03304704345328323
2025-04-29,AUD,4Y,3M BBSW,0.03304858279026615
2025-04-28,AUD,4Y,3M BBSW,0.03302554234119942
2025-04-24,AUD,4Y,3M BBSW,0.033606501577770446
2025-04-23,AUD,4Y,3M BBSW,0.03426313962773876
2025-04-22,AUD,4Y,3M BBSW,0.033634607513707705
2025-04-17,AUD,4Y,3M BBSW,0.03357751627896271
2025-04-16,AUD,4Y,3M BBSW,0.033697847343574595
2025-04-15,AUD,4Y,3M BBSW,0.03421008405000046
2025-04-14,AUD,4Y,3M BBSW,0.034240538542318906
2025-04-11,AUD,4Y,3M BBSW,0.03515076451640947
2025-04-10,AUD,4Y,3M BBSW,0.03363524917307143
2025-04-09,AUD,4Y,3M BBSW,0.03409993873702778
2025-04-08,AUD,4Y,3M BBSW,0.03325961724196796
2025-04-07,AUD,4Y,3M BBSW,0.03485441708050764
2025-04-04,AUD,4Y,3M BBSW,0.03382054832041446
2025-03-28,AUD,4Y,3M BBSW,0.03708263323390565
2025-03-27,AUD,4Y,3M BBSW,0.0375076674603943
2025-03-26,AUD,4Y,3M BBSW,0.037586425218291274
2025-03-25,AUD,4Y,3M BBSW,0.03760170055869327
2025-03-24,AUD,4Y,3M BBSW,0.0372113269184474
2025-03-21,AUD,4Y,3M BBSW,0.03712641813698618
2025-03-20,AUD,4Y,3M BBSW,0.03728873690328074
2025-03-19,AUD,4Y,3M BBSW,0.03746320425112611
2025-03-18,AUD,4Y,3M BBSW,0.03757758667509409
2025-03-17,AUD,4Y,3M BBSW,0.03743559387096183
2025-03-14,AUD,4Y,3M BBSW,0.03757989604328723
2025-03-13,AUD,4Y,3M BBSW,0.037289426799360245
2025-03-12,AUD,4Y,3M BBSW,0.03770150941553025
2025-03-11,AUD,4Y,3M BBSW,0.03749823087413735
2025-03-10,AUD,4Y,3M BBSW,0.03708974762174675
2025-03-07,AUD,4Y,3M BBSW,0.03771473235079724
2025-03-06,AUD,4Y,3M BBSW,0.03792530884544362
2025-03-05,AUD,4Y,3M BBSW,0.03827594114773814
2025-03-04,AUD,4Y,3M BBSW,0.037639624367526416
2025-03-03,AUD,4Y,3M BBSW,0.03702333011487645
2025-02-28,AUD,4Y,3M BBSW,0.03751871483381339
2025-02-27,AUD,4Y,3M BBSW,0.03770819022672875
2025-02-26,AUD,4Y,3M BBSW,0.03789215023357154
2025-02-25,AUD,4Y,3M BBSW,0.03806141404597012
2025-02-24,AUD,4Y,3M BBSW,0.03841047850945566
2025-02-21,AUD,4Y,3M BBSW,0.03911498230701854
2025-02-20,AUD,4Y,3M BBSW,0.03955515235655756
2025-02-19,AUD,4Y,3M BBSW,0.03942887647899169
2025-02-18,AUD,4Y,3M BBSW,0.03957933972554524
2025-02-17,AUD,4Y,3M BBSW,0.03869108512502589
2025-02-14,AUD,4Y,3M BBSW,0.03848742475885222
2025-02-13,AUD,4Y,3M BBSW,0.0384493351957332
2025-02-12,AUD,4Y,3M BBSW,0.03944982817816903
2025-02-11,AUD,4Y,3M BBSW,0.03867493072816314
2025-02-10,AUD,4Y,3M BBSW,0.03799396702651681
2025-02-07,AUD,4Y,3M BBSW,0.038159828684660384
2025-02-06,AUD,4Y,3M BBSW,0.03760716008919555
2025-02-05,AUD,4Y,3M BBSW,0.03677458524193069
2025-02-04,AUD,4Y,3M BBSW,0.03787254951296796
2025-02-03,AUD,4Y,3M BBSW,0.03793289123083548
2025-01-31,AUD,4Y,3M BBSW,0.03743344848097304
2025-01-30,AUD,4Y,3M BBSW,0.037598737148699726
2025-01-29,AUD,4Y,3M BBSW,0.03762486539184709
2025-01-28,AUD,4Y,3M BBSW,0.038216873754894916
2025-01-24,AUD,4Y,3M BBSW,0.03858585175813598
2025-01-23,AUD,4Y,3M BBSW,0.03900968195871975
2025-01-22,AUD,4Y,3M BBSW,0.03898107380513588
2025-01-21,AUD,4Y,3M BBSW,0.03884041118841417
2025-01-20,AUD,4Y,3M BBSW,0.0386760052435588
2025-01-17,AUD,4Y,3M BBSW,0.03940817210871925
2025-11-03,AUD,5Y,3M BBSW,0.0378649999999387
2025-10-31,AUD,5Y,3M BBSW,0.03753600000002992
2025-10-30,AUD,5Y,3M BBSW,0.03745499999993276
2025-10-29,AUD,5Y,3M BBSW,0.037718999999942854
2025-10-28,AUD,5Y,3M BBSW,0.03610899999994975
2025-10-27,AUD,5Y,3M BBSW,0.0360730000001268
2025-10-24,AUD,5Y,3M BBSW,0.03548900092227737
2025-10-23,AUD,5Y,3M BBSW,0.03564299999996215
2025-10-22,AUD,5Y,3M BBSW,0.03518200000018088
2025-10-21,AUD,5Y,3M BBSW,0.03542899999989313
2025-10-20,AUD,5Y,3M BBSW,0.03507899999995566
2025-10-17,AUD,5Y,3M BBSW,0.03517998587926859
2025-10-16,AUD,5Y,3M BBSW,0.03498599999977983
2025-10-15,AUD,5Y,3M BBSW,0.03621797330836448
2025-10-14,AUD,5Y,3M BBSW,0.03639600414007998
2025-10-13,AUD,5Y,3M BBSW,0.03644900000006309
2025-10-10,AUD,5Y,3M BBSW,0.03699200352668202
2025-10-09,AUD,5Y,3M BBSW,0.037156999999896946
2025-10-08,AUD,5Y,3M BBSW,0.03666700000018838
2025-10-07,AUD,5Y,3M BBSW,0.03680257264355083
2025-10-03,AUD,5Y,3M BBSW,0.03662129477038112
2025-10-02,AUD,5Y,3M BBSW,0.03658786260118582
2025-10-01,AUD,5Y,3M BBSW,0.03681607915714658
2025-09-30,AUD,5Y,3M BBSW,0.03710568875849724
2025-09-29,AUD,5Y,3M BBSW,0.03660887960305407
2025-09-26,AUD,5Y,3M BBSW,0.03691501035563042
2025-09-25,AUD,5Y,3M BBSW,0.0370577352476316
2025-09-24,AUD,5Y,3M BBSW,0.03670258728862954
2025-09-23,AUD,5Y,3M BBSW,0.03563036758271143
2025-09-22,AUD,5Y,3M BBSW,0.03584815297034258
2025-09-19,AUD,5Y,3M BBSW,0.03559912780509265
2025-09-18,AUD,5Y,3M BBSW,0.03547412360845069
2025-09-17,AUD,5Y,3M BBSW,0.03551313449816288
2025-09-16,AUD,5Y,3M BBSW,0.03533287643242891
2025-09-15,AUD,5Y,3M BBSW,0.03544627014843739
2025-09-12,AUD,5Y,3M BBSW,0.03553589395178617
2025-09-11,AUD,5Y,3M BBSW,0.035115324326003255
2025-09-10,AUD,5Y,3M BBSW,0.03516062403702842
2025-09-09,AUD,5Y,3M BBSW,0.035629600976578184
2025-09-08,AUD,5Y,3M BBSW,0.03511913763389105
2025-09-05,AUD,5Y,3M BBSW,0.03536125870858206
2025-09-04,AUD,5Y,3M BBSW,0.0357126059049645
2025-09-03,AUD,5Y,3M BBSW,0.03595216372781947
2025-09-02,AUD,5Y,3M BBSW,0.03562195245159652
2025-09-01,AUD,5Y,3M BBSW,0.03554997467365026
2025-08-29,AUD,5Y,3M BBSW,0.03505099941470507
2025-08-28,AUD,5Y,3M BBSW,0.03494404144701047
2025-08-27,AUD,5Y,3M BBSW,0.03511429557264309
2025-08-26,AUD,5Y,3M BBSW,0.03520352188223939
2025-08-25,AUD,5Y,3M BBSW,0.03511024392837837
2025-08-22,AUD,5Y,3M BBSW,0.03520011094626764
2025-08-21,AUD,5Y,3M BBSW,0.03527507556703232
2025-08-20,AUD,5Y,3M BBSW,0.03491797725923581
2025-08-19,AUD,5Y,3M BBSW,0.03533450443735521
2025-08-18,AUD,5Y,3M BBSW,0.03515926000020189
2025-08-15,AUD,5Y,3M BBSW,0.034750320084366126
2025-08-14,AUD,5Y,3M BBSW,0.0348290767712058
2025-08-13,AUD,5Y,3M BBSW,0.03440793620468078
2025-08-12,AUD,5Y,3M BBSW,0.03487431806274695
2025-08-11,AUD,5Y,3M BBSW,0.0350991827022583
2025-08-08,AUD,5Y,3M BBSW,0.03508189894259402
2025-08-07,AUD,5Y,3M BBSW,0.03505090419917553
2025-08-06,AUD,5Y,3M BBSW,0.034860362137863816
2025-08-05,AUD,5Y,3M BBSW,0.03484761122968989
2025-08-01,AUD,5Y,3M BBSW,0.03472405140112456
2025-07-31,AUD,5Y,3M BBSW,0.035511331253754205
2025-07-30,AUD,5Y,3M BBSW,0.03539625131319863
2025-07-29,AUD,5Y,3M BBSW,0.03553875233556132
2025-07-28,AUD,5Y,3M BBSW,0.0358330717105507
2025-07-25,AUD,5Y,3M BBSW,0.03587275775145383
2025-07-24,AUD,5Y,3M BBSW,0.03591435205337676
2025-07-23,AUD,5Y,3M BBSW,0.03551026254872557
2025-07-22,AUD,5Y,3M BBSW,0.03520899371284954
2025-07-21,AUD,5Y,3M BBSW,0.03519187195895529
2025-07-18,AUD,5Y,3M BBSW,0.03546095586123568
2025-07-17,AUD,5Y,3M BBSW,0.035292017013370564
2025-07-16,AUD,5Y,3M BBSW,0.036124605861176134
2025-07-15,AUD,5Y,3M BBSW,0.03653198078922371
2025-07-14,AUD,5Y,3M BBSW,0.03589752691263712
2025-07-11,AUD,5Y,3M BBSW,0.0358976817193916
2025-07-10,AUD,5Y,3M BBSW,0.035630944938356474
2025-07-09,AUD,5Y,3M BBSW,0.0353614843741332
2025-07-08,AUD,5Y,3M BBSW,0.03561011326459822
2025-07-07,AUD,5Y,3M BBSW,0.03454814720891313
2025-07-04,AUD,5Y,3M BBSW,0.03432444106776976
2025-07-03,AUD,5Y,3M BBSW,0.0345499464224894
2025-07-02,AUD,5Y,3M BBSW,0.0342703953117294
2025-07-01,AUD,5Y,3M BBSW,0.033947553120326754
2025-06-30,AUD,5Y,3M BBSW,0.03401948265606094
2025-06-27,AUD,5Y,3M BBSW,0.03402496368448357
2025-06-26,AUD,5Y,3M BBSW,0.03375943627706019
2025-06-25,AUD,5Y,3M BBSW,0.03384244827135777
2025-06-24,AUD,5Y,3M BBSW,0.034123848329531595
2025-06-23,AUD,5Y,3M BBSW,0.03449799712287805
2025-06-20,AUD,5Y,3M BBSW,0.034613057111019134
2025-06-19,AUD,5Y,3M BBSW,0.03466636839356107
2025-06-18,AUD,5Y,3M BBSW,0.03503028970124116
2025-06-17,AUD,5Y,3M BBSW,0.034791132981335016
2025-06-16,AUD,5Y,3M BBSW,0.03490980219425165
2025-06-13,AUD,5Y,3M BBSW,0.03468769591646403
2025-06-12,AUD,5Y,3M BBSW,0.0342612315539043
2025-06-11,AUD,5Y,3M BBSW,0.03482176646397436
2025-06-10,AUD,5Y,3M BBSW,0.03526771980912754
2025-06-06,AUD,5Y,3M BBSW,0.03565977456903247
2025-06-05,AUD,5Y,3M BBSW,0.035006499127262954
2025-06-04,AUD,5Y,3M BBSW,0.03434462113803863
2025-06-03,AUD,5Y,3M BBSW,0.03458900978685403
2025-06-02,AUD,5Y,3M BBSW,0.03503789620610568
2025-05-30,AUD,5Y,3M BBSW,0.03475653617453055
2025-05-29,AUD,5Y,3M BBSW,0.03515130405201097
2025-05-28,AUD,5Y,3M BBSW,0.035960674748843874
2025-05-27,AUD,5Y,3M BBSW,0.034987884356029404
2025-05-26,AUD,5Y,3M BBSW,0.03529934608160011
2025-05-23,AUD,5Y,3M BBSW,0.03567587679916737
2025-05-22,AUD,5Y,3M BBSW,0.03596183849960852
2025-05-21,AUD,5Y,3M BBSW,0.03668767742438706
2025-05-20,AUD,5Y,3M BBSW,0.03585109006189436
2025-05-19,AUD,5Y,3M BBSW,0.03711362085469594
2025-05-16,AUD,5Y,3M BBSW,0.03737217459539144
2025-05-15,AUD,5Y,3M BBSW,0.03696518628012952
2025-05-14,AUD,5Y,3M BBSW,0.03766223724396101
2025-05-13,AUD,5Y,3M BBSW,0.03708096962244403
2025-05-12,AUD,5Y,3M BBSW,0.03668559289923022
2025-05-09,AUD,5Y,3M BBSW,0.03518213358850753
2025-05-08,AUD,5Y,3M BBSW,0.03523737052486999
2025-05-07,AUD,5Y,3M BBSW,0.03452511139404918
2025-05-06,AUD,5Y,3M BBSW,0.03524207136800101
2025-05-05,AUD,5Y,3M BBSW,0.03516086425013007
2025-05-02,AUD,5Y,3M BBSW,0.03499941158547481
2025-05-01,AUD,5Y,3M BBSW,0.03446384897924629
2025-04-30,AUD,5Y,3M BBSW,0.03413189498814413
2025-04-29,AUD,5Y,3M BBSW,0.034193376673128134
2025-04-28,AUD,5Y,3M BBSW,0.03421155347501148
2025-04-24,AUD,5Y,3M BBSW,0.03477075861511242
2025-04-23,AUD,5Y,3M BBSW,0.03538635022247133
2025-04-22,AUD,5Y,3M BBSW,0.034822356075051124
2025-04-17,AUD,5Y,3M BBSW,0.034778523603079814
2025-04-16,AUD,5Y,3M BBSW,0.03494463380653019
2025-04-15,AUD,5Y,3M BBSW,0.0355123112629203
2025-04-14,AUD,5Y,3M BBSW,0.03556509231751168
2025-04-11,AUD,5Y,3M BBSW,0.03661497130923744
2025-04-10,AUD,5Y,3M BBSW,0.03525380419384069
2025-04-09,AUD,5Y,3M BBSW,0.03529736314987741
2025-04-08,AUD,5Y,3M BBSW,0.034611892847600634
2025-04-07,AUD,5Y,3M BBSW,0.03588408752534578
2025-04-04,AUD,5Y,3M BBSW,0.03467658051639043
2025-03-28,AUD,5Y,3M BBSW,0.03778871382587729
2025-03-27,AUD,5Y,3M BBSW,0.03822578701709422
2025-03-26,AUD,5Y,3M BBSW,0.03832831921351887
2025-03-25,AUD,5Y,3M BBSW,0.03831919409443748
2025-03-24,AUD,5Y,3M BBSW,0.037966687362540615
2025-03-21,AUD,5Y,3M BBSW,0.03783516569357591
2025-03-20,AUD,5Y,3M BBSW,0.0379559226908222
2025-03-19,AUD,5Y,3M BBSW,0.03809443595386675
2025-03-18,AUD,5Y,3M BBSW,0.038279115144389614
2025-03-17,AUD,5Y,3M BBSW,0.0381423358340006
2025-03-14,AUD,5Y,3M BBSW,0.038263165178324184
2025-03-13,AUD,5Y,3M BBSW,0.03799547453420445
2025-03-12,AUD,5Y,3M BBSW,0.03843020506589597
2025-03-11,AUD,5Y,3M BBSW,0.03829003227468894
2025-03-10,AUD,5Y,3M BBSW,0.03783386244036615
2025-03-07,AUD,5Y,3M BBSW,0.03844465198181589
2025-03-06,AUD,5Y,3M BBSW,0.03864736697918672
2025-03-05,AUD,5Y,3M BBSW,0.03899872599519661
2025-03-04,AUD,5Y,3M BBSW,0.03831641121182979
2025-03-03,AUD,5Y,3M BBSW,0.03764137896281438
2025-02-28,AUD,5Y,3M BBSW,0.03812597317617503
2025-02-27,AUD,5Y,3M BBSW,0.038291503264643756
2025-02-26,AUD,5Y,3M BBSW,0.03848997479685132
2025-02-25,AUD,5Y,3M BBSW,0.03869590832486005
2025-02-24,AUD,5Y,3M BBSW,0.03908204055846724
2025-02-21,AUD,5Y,3M BBSW,0.039765204086131684
2025-02-20,AUD,5Y,3M BBSW,0.040211192623724926
2025-02-19,AUD,5Y,3M BBSW,0.040107193057558436
2025-02-18,AUD,5Y,3M BBSW,0.0402792174017797
2025-02-17,AUD,5Y,3M BBSW,0.03939063621256179
2025-02-14,AUD,5Y,3M BBSW,0.0391043828931279
2025-02-13,AUD,5Y,3M BBSW,0.03909643076438203
2025-02-12,AUD,5Y,3M BBSW,0.040125060590809586
2025-02-11,AUD,5Y,3M BBSW,0.03935237288382921
2025-02-10,AUD,5Y,3M BBSW,0.03864524089584617
2025-02-07,AUD,5Y,3M BBSW,0.038839853945686544
2025-02-06,AUD,5Y,3M BBSW,0.03825004836932329
2025-02-05,AUD,5Y,3M BBSW,0.0367104051142966
2025-02-04,AUD,5Y,3M BBSW,0.03794329809046611
2025-02-03,AUD,5Y,3M BBSW,0.03804259979409223
2025-01-31,AUD,5Y,3M BBSW,0.03737232553986986
2025-01-30,AUD,5Y,3M BBSW,0.0375705460283797
2025-01-29,AUD,5Y,3M BBSW,0.03760471041472046
2025-01-28,AUD,5Y,3M BBSW,0.0382012145045651
2025-01-24,AUD,5Y,3M BBSW,0.03855274469056036
2025-01-23,AUD,5Y,3M BBSW,0.03913293892708642
2025-01-22,AUD,5Y,3M BBSW,0.03897075557665577
2025-01-21,AUD,5Y,3M BBSW,0.03884707688909756
2025-01-20,AUD,5Y,3M BBSW,0.03865267962451877
2025-01-17,AUD,5Y,3M BBSW,0.039436955016685
2025-11-03,AUD,6Y,3M BBSW,0.03878199999989536
2025-10-31,AUD,6Y,3M BBSW,0.03845399999989038
2025-10-30,AUD,6Y,3M BBSW,0.03838599999994945
2025-10-29,AUD,6Y,3M BBSW,0.038624999999912826
2025-10-28,AUD,6Y,3M BBSW,0.03705399999994268
2025-10-27,AUD,6Y,3M BBSW,0.03703399999986469
2025-10-24,AUD,6Y,3M BBSW,0.03647798870874781
2025-10-23,AUD,6Y,3M BBSW,0.036656999999899374
2025-10-22,AUD,6Y,3M BBSW,0.03616999999988252
2025-10-21,AUD,6Y,3M BBSW,0.03641699999996479
2025-10-20,AUD,6Y,3M BBSW,0.03606699999992871
2025-10-17,AUD,6Y,3M BBSW,0.03618499481243201
2025-10-16,AUD,6Y,3M BBSW,0.03600099999993642
2025-10-15,AUD,6Y,3M BBSW,0.03714697675946964
2025-10-14,AUD,6Y,3M BBSW,0.037348003607149766
2025-10-13,AUD,6Y,3M BBSW,0.03742300000000415
2025-10-10,AUD,6Y,3M BBSW,0.03793501230920827
2025-10-09,AUD,6Y,3M BBSW,0.03812599999989104
2025-10-08,AUD,6Y,3M BBSW,0.03763799999988383
2025-10-07,AUD,6Y,3M BBSW,0.03781509342411985
2025-10-03,AUD,6Y,3M BBSW,0.03759044911981862
2025-10-02,AUD,6Y,3M BBSW,0.037581441822914397
2025-10-01,AUD,6Y,3M BBSW,0.03782669087597632
2025-09-30,AUD,6Y,3M BBSW,0.038064634599640136
2025-09-29,AUD,6Y,3M BBSW,0.03760775089212502
2025-09-26,AUD,6Y,3M BBSW,0.0379027608158244
2025-09-25,AUD,6Y,3M BBSW,0.038070272516976346
2025-09-24,AUD,6Y,3M BBSW,0.03769194619249351
2025-09-23,AUD,6Y,3M BBSW,0.03667746900387329
2025-09-22,AUD,6Y,3M BBSW,0.03692239561864351
2025-09-19,AUD,6Y,3M BBSW,0.03666641036812917
2025-09-18,AUD,6Y,3M BBSW,0.036536357694574556
2025-09-17,AUD,6Y,3M BBSW,0.03654844208164743
2025-09-16,AUD,6Y,3M BBSW,0.03634902601822839
2025-09-15,AUD,6Y,3M BBSW,0.03644564622490381
2025-09-12,AUD,6Y,3M BBSW,0.03654726712056322
2025-09-11,AUD,6Y,3M BBSW,0.03610365707523056
2025-09-10,AUD,6Y,3M BBSW,0.0362055891568807
2025-09-09,AUD,6Y,3M BBSW,0.036694146046644296
2025-09-08,AUD,6Y,3M BBSW,0.036201555038040255
2025-09-05,AUD,6Y,3M BBSW,0.03649263820896116
2025-09-04,AUD,6Y,3M BBSW,0.03680326063639917
2025-09-03,AUD,6Y,3M BBSW,0.03707736254113037
2025-09-02,AUD,6Y,3M BBSW,0.03681792403697517
2025-09-01,AUD,6Y,3M BBSW,0.0367641899146779
2025-08-29,AUD,6Y,3M BBSW,0.0362489327524239
2025-08-28,AUD,6Y,3M BBSW,0.03610923287420745
2025-08-27,AUD,6Y,3M BBSW,0.03631541693841943
2025-08-26,AUD,6Y,3M BBSW,0.03641878738689213
2025-08-25,AUD,6Y,3M BBSW,0.036331755902443794
2025-08-22,AUD,6Y,3M BBSW,0.03640508500007431
2025-08-21,AUD,6Y,3M BBSW,0.03647844885132074
2025-08-20,AUD,6Y,3M BBSW,0.03611626918043328
2025-08-19,AUD,6Y,3M BBSW,0.03654000140259576
2025-08-18,AUD,6Y,3M BBSW,0.03640288916951817
2025-08-15,AUD,6Y,3M BBSW,0.03593245960592199
2025-08-14,AUD,6Y,3M BBSW,0.03598657686592485
2025-08-13,AUD,6Y,3M BBSW,0.03556173047633525
2025-08-12,AUD,6Y,3M BBSW,0.03603918250612785
2025-08-11,AUD,6Y,3M BBSW,0.03625121557941022
2025-08-08,AUD,6Y,3M BBSW,0.03622634613500222
2025-08-07,AUD,6Y,3M BBSW,0.03618389754253017
2025-08-06,AUD,6Y,3M BBSW,0.03596520041714274
2025-08-05,AUD,6Y,3M BBSW,0.03600149415042425
2025-08-01,AUD,6Y,3M BBSW,0.03585645081176137
2025-07-31,AUD,6Y,3M BBSW,0.03662490289992506
2025-07-30,AUD,6Y,3M BBSW,0.03653100678972865
2025-07-29,AUD,6Y,3M BBSW,0.03669757137078675
2025-07-28,AUD,6Y,3M BBSW,0.037012637662545964
2025-07-25,AUD,6Y,3M BBSW,0.0370137513769114
2025-07-24,AUD,6Y,3M BBSW,0.03707825728106333
2025-07-23,AUD,6Y,3M BBSW,0.03669575493369795
2025-07-22,AUD,6Y,3M BBSW,0.0363895889097206
2025-07-21,AUD,6Y,3M BBSW,0.0364287109994813
2025-07-18,AUD,6Y,3M BBSW,0.03672906447517001
2025-07-17,AUD,6Y,3M BBSW,0.0365448914769296
2025-07-16,AUD,6Y,3M BBSW,0.03732449353406595
2025-07-15,AUD,6Y,3M BBSW,0.03774129334067839
2025-07-14,AUD,6Y,3M BBSW,0.03710467831887252
2025-07-11,AUD,6Y,3M BBSW,0.03709981117096096
2025-07-10,AUD,6Y,3M BBSW,0.03678037352478751
2025-07-09,AUD,6Y,3M BBSW,0.036497909773755624
2025-07-08,AUD,6Y,3M BBSW,0.03675784076682572
2025-07-07,AUD,6Y,3M BBSW,0.03576104926842799
2025-07-04,AUD,6Y,3M BBSW,0.03551712993147483
2025-07-03,AUD,6Y,3M BBSW,0.03572619791585189
2025-07-02,AUD,6Y,3M BBSW,0.03548738719458548
2025-07-01,AUD,6Y,3M BBSW,0.03513588872013805
2025-06-30,AUD,6Y,3M BBSW,0.03517639880573886
2025-06-27,AUD,6Y,3M BBSW,0.03519336840874412
2025-06-26,AUD,6Y,3M BBSW,0.03495074853788549
2025-06-25,AUD,6Y,3M BBSW,0.0350516133391781
2025-06-24,AUD,6Y,3M BBSW,0.03527414272819343
2025-06-23,AUD,6Y,3M BBSW,0.0356931669424256
2025-06-20,AUD,6Y,3M BBSW,0.035768625804939023
2025-06-19,AUD,6Y,3M BBSW,0.03580765120137225
2025-06-18,AUD,6Y,3M BBSW,0.03618449139105873
2025-06-17,AUD,6Y,3M BBSW,0.03597824422164408
2025-06-16,AUD,6Y,3M BBSW,0.03610939361793439
2025-06-13,AUD,6Y,3M BBSW,0.03616335067355559
2025-06-12,AUD,6Y,3M BBSW,0.0354295913900535
2025-06-11,AUD,6Y,3M BBSW,0.03605158724566154
2025-06-10,AUD,6Y,3M BBSW,0.03648196458845604
2025-06-06,AUD,6Y,3M BBSW,0.03691333400503769
2025-06-05,AUD,6Y,3M BBSW,0.036249910932746994
2025-06-04,AUD,6Y,3M BBSW,0.035600955946869954
2025-06-03,AUD,6Y,3M BBSW,0.03587616352765037
2025-06-02,AUD,6Y,3M BBSW,0.03635316439421957
2025-05-30,AUD,6Y,3M BBSW,0.03598090623881536
2025-05-29,AUD,6Y,3M BBSW,0.03637362845552539
2025-05-28,AUD,6Y,3M BBSW,0.03716792903944278
2025-05-27,AUD,6Y,3M BBSW,0.03616953640810608
2025-05-26,AUD,6Y,3M BBSW,0.03655624008786104
2025-05-23,AUD,6Y,3M BBSW,0.03692197703770643
2025-05-22,AUD,6Y,3M BBSW,0.03725089401084747
2025-05-21,AUD,6Y,3M BBSW,0.038043481273610874
2025-05-20,AUD,6Y,3M BBSW,0.03712002237463968
2025-05-19,AUD,6Y,3M BBSW,0.03821031216556988
2025-05-16,AUD,6Y,3M BBSW,0.03844618004868428
2025-05-15,AUD,6Y,3M BBSW,0.03810096765979046
2025-05-14,AUD,6Y,3M BBSW,0.03884913275524836
2025-05-13,AUD,6Y,3M BBSW,0.03822030529892759
2025-05-12,AUD,6Y,3M BBSW,0.03780596087914338
2025-05-09,AUD,6Y,3M BBSW,0.03635861203883954
2025-05-08,AUD,6Y,3M BBSW,0.03638029985202458
2025-05-07,AUD,6Y,3M BBSW,0.03569812517253781
2025-05-06,AUD,6Y,3M BBSW,0.03647103439404137
2025-05-05,AUD,6Y,3M BBSW,0.0363712422438522
2025-05-02,AUD,6Y,3M BBSW,0.03622405536673548
2025-05-01,AUD,6Y,3M BBSW,0.03565488482331057
2025-04-30,AUD,6Y,3M BBSW,0.03531287638228885
2025-04-29,AUD,6Y,3M BBSW,0.03540658846404793
2025-04-28,AUD,6Y,3M BBSW,0.03544967340982839
2025-04-24,AUD,6Y,3M BBSW,0.035987035423052156
2025-04-23,AUD,6Y,3M BBSW,0.0365966801639552
2025-04-22,AUD,6Y,3M BBSW,0.03607471435952884
2025-04-17,AUD,6Y,3M BBSW,0.03604938633805006
2025-04-16,AUD,6Y,3M BBSW,0.03625039346939151
2025-04-15,AUD,6Y,3M BBSW,0.03681585646726164
2025-04-14,AUD,6Y,3M BBSW,0.03691101496902588
2025-04-11,AUD,6Y,3M BBSW,0.0378612596378787
2025-04-10,AUD,6Y,3M BBSW,0.036782771401721266
2025-04-09,AUD,6Y,3M BBSW,0.03653321075518304
2025-04-08,AUD,6Y,3M BBSW,0.03591973530187145
2025-04-07,AUD,6Y,3M BBSW,0.037012783273931864
2025-04-04,AUD,6Y,3M BBSW,0.03575343563524346
2025-03-28,AUD,6Y,3M BBSW,0.0386775041019273
2025-03-27,AUD,6Y,3M BBSW,0.03909156779744251
2025-03-26,AUD,6Y,3M BBSW,0.03921681575660172
2025-03-25,AUD,6Y,3M BBSW,0.03915095775692871
2025-03-24,AUD,6Y,3M BBSW,0.03883398876755943
2025-03-21,AUD,6Y,3M BBSW,0.03874589518015743
2025-03-20,AUD,6Y,3M BBSW,0.03884760472797775
2025-03-19,AUD,6Y,3M BBSW,0.0389241826045035
2025-03-18,AUD,6Y,3M BBSW,0.03913772940179846
2025-03-17,AUD,6Y,3M BBSW,0.03900574189741111
2025-03-14,AUD,6Y,3M BBSW,0.03915455853717741
2025-03-13,AUD,6Y,3M BBSW,0.03886833371904277
2025-03-12,AUD,6Y,3M BBSW,0.03933652107544303
2025-03-11,AUD,6Y,3M BBSW,0.039217294179481
2025-03-10,AUD,6Y,3M BBSW,0.0387367818663283
2025-03-07,AUD,6Y,3M BBSW,0.03928579595352638
2025-03-06,AUD,6Y,3M BBSW,0.03951021859262025
2025-03-05,AUD,6Y,3M BBSW,0.03986433339579228
2025-03-04,AUD,6Y,3M BBSW,0.03911843646462301
2025-03-03,AUD,6Y,3M BBSW,0.03840728215473765
2025-02-28,AUD,6Y,3M BBSW,0.038881281343745105
2025-02-27,AUD,6Y,3M BBSW,0.03905672582429748
2025-02-26,AUD,6Y,3M BBSW,0.03922818571809885
2025-02-25,AUD,6Y,3M BBSW,0.03948348871905615
2025-02-24,AUD,6Y,3M BBSW,0.0399395751232106
2025-02-21,AUD,6Y,3M BBSW,0.04056926296472329
2025-02-20,AUD,6Y,3M BBSW,0.04100926130217369
2025-02-19,AUD,6Y,3M BBSW,0.04091892772147605
2025-02-18,AUD,6Y,3M BBSW,0.04109856446833135
2025-02-17,AUD,6Y,3M BBSW,0.04020056710378971
2025-02-14,AUD,6Y,3M BBSW,0.03992089131197106
2025-02-13,AUD,6Y,3M BBSW,0.03991135246891926
2025-02-12,AUD,6Y,3M BBSW,0.04093663599095589
2025-02-11,AUD,6Y,3M BBSW,0.04016066040787897
2025-02-10,AUD,6Y,3M BBSW,0.03945269861940601
2025-02-07,AUD,6Y,3M BBSW,0.03963689232527362
2025-02-06,AUD,6Y,3M BBSW,0.039036132396545284
2025-02-05,AUD,6Y,3M BBSW,0.03666781270344222
2025-02-04,AUD,6Y,3M BBSW,0.03799048228337239
2025-02-03,AUD,6Y,3M BBSW,0.038115500525902346
2025-01-31,AUD,6Y,3M BBSW,0.03733176540517105
2025-01-30,AUD,6Y,3M BBSW,0.037551833766821384
2025-01-29,AUD,6Y,3M BBSW,0.03759133547367565
2025-01-28,AUD,6Y,3M BBSW,0.03819077091914541
2025-01-24,AUD,6Y,3M BBSW,0.038530779450615206
2025-01-23,AUD,6Y,3M BBSW,0.0392147454808108
2025-01-22,AUD,6Y,3M BBSW,0.03896390790810335
2025-01-21,AUD,6Y,3M BBSW,0.03885159738486035
2025-01-20,AUD,6Y,3M BBSW,0.03863718510950036
2025-01-17,AUD,6Y,3M BBSW,0.03945606257820334
2025-11-03,AUD,7Y,3M BBSW,0.03971100000005648
2025-10-31,AUD,7Y,3M BBSW,0.03938600000003746
2025-10-30,AUD,7Y,3M BBSW,0.0392920000000907
2025-10-29,AUD,7Y,3M BBSW,0.03953000000004769
2025-10-28,AUD,7Y,3M BBSW,0.03800800000017745
2025-10-27,AUD,7Y,3M BBSW,0.03798900000006717
2025-10-24,AUD,7Y,3M BBSW,0.03747997043653433
2025-10-23,AUD,7Y,3M BBSW,0.03765300000004681
2025-10-22,AUD,7Y,3M BBSW,0.03717500000005672
2025-10-21,AUD,7Y,3M BBSW,0.0373950000000154
2025-10-20,AUD,7Y,3M BBSW,0.03705300000002883
2025-10-17,AUD,7Y,3M BBSW,0.03718298100363176
2025-10-16,AUD,7Y,3M BBSW,0.03701500000008756
2025-10-15,AUD,7Y,3M BBSW,0.03808797918888481
2025-10-14,AUD,7Y,3M BBSW,0.03829200323038884
2025-10-13,AUD,7Y,3M BBSW,0.03838600000011531
2025-10-10,AUD,7Y,3M BBSW,0.03889299570245454
2025-10-09,AUD,7Y,3M BBSW,0.03910200000005418
2025-10-08,AUD,7Y,3M BBSW,0.03862800000006517
2025-10-07,AUD,7Y,3M BBSW,0.038803292446989504
2025-10-03,AUD,7Y,3M BBSW,0.03854708453822906
2025-10-02,AUD,7Y,3M BBSW,0.03853071496922875
2025-10-01,AUD,7Y,3M BBSW,0.038811076315580506
2025-09-30,AUD,7Y,3M BBSW,0.03901265372063543
2025-09-29,AUD,7Y,3M BBSW,0.03856904524797321
2025-09-26,AUD,7Y,3M BBSW,0.03887673624060164
2025-09-25,AUD,7Y,3M BBSW,0.03902996251065901
2025-09-24,AUD,7Y,3M BBSW,0.03867606050923008
2025-09-23,AUD,7Y,3M BBSW,0.03768963255261207
2025-09-22,AUD,7Y,3M BBSW,0.037947604079037654
2025-09-19,AUD,7Y,3M BBSW,0.037675631606373716
2025-09-18,AUD,7Y,3M BBSW,0.0375311400795775
2025-09-17,AUD,7Y,3M BBSW,0.03755959271784517
2025-09-16,AUD,7Y,3M BBSW,0.03733623042519028
2025-09-15,AUD,7Y,3M BBSW,0.03743251633858398
2025-09-12,AUD,7Y,3M BBSW,0.0375133989390054
2025-09-11,AUD,7Y,3M BBSW,0.03706457168441939
2025-09-10,AUD,7Y,3M BBSW,0.03724730384071785
2025-09-09,AUD,7Y,3M BBSW,0.03775878348120746
2025-09-08,AUD,7Y,3M BBSW,0.03724143475670441
2025-09-05,AUD,7Y,3M BBSW,0.03758504335526816
2025-09-04,AUD,7Y,3M BBSW,0.03785320702843431
2025-09-03,AUD,7Y,3M BBSW,0.03816362709345085
2025-09-02,AUD,7Y,3M BBSW,0.03799898948552488
2025-09-01,AUD,7Y,3M BBSW,0.037923635518292115
2025-08-29,AUD,7Y,3M BBSW,0.03735992297750137
2025-08-28,AUD,7Y,3M BBSW,0.03720553899653662
2025-08-27,AUD,7Y,3M BBSW,0.037472643289882306
2025-08-26,AUD,7Y,3M BBSW,0.03758615706380547
2025-08-25,AUD,7Y,3M BBSW,0.03749120394641656
2025-08-22,AUD,7Y,3M BBSW,0.03753517683659703
2025-08-21,AUD,7Y,3M BBSW,0.03760026317172472
2025-08-20,AUD,7Y,3M BBSW,0.03726167851244412
2025-08-19,AUD,7Y,3M BBSW,0.03770149921396656
2025-08-18,AUD,7Y,3M BBSW,0.03756645831055924
2025-08-15,AUD,7Y,3M BBSW,0.03710032172872098
2025-08-14,AUD,7Y,3M BBSW,0.03711863571041716
2025-08-13,AUD,7Y,3M BBSW,0.03667549600385275
2025-08-12,AUD,7Y,3M BBSW,0.03715500050840438
2025-08-11,AUD,7Y,3M BBSW,0.03731723960282246
2025-08-08,AUD,7Y,3M BBSW,0.03731284174389196
2025-08-07,AUD,7Y,3M BBSW,0.03725539657256293
2025-08-06,AUD,7Y,3M BBSW,0.03703607392541213
2025-08-05,AUD,7Y,3M BBSW,0.0370893268167065
2025-08-01,AUD,7Y,3M BBSW,0.03695232936959993
2025-07-31,AUD,7Y,3M BBSW,0.03773332943609977
2025-07-30,AUD,7Y,3M BBSW,0.03763873000587167
2025-07-29,AUD,7Y,3M BBSW,0.037820385444072124
2025-07-28,AUD,7Y,3M BBSW,0.03815343515720743
2025-07-25,AUD,7Y,3M BBSW,0.03813003980645468
2025-07-24,AUD,7Y,3M BBSW,0.0381756606724248
2025-07-23,AUD,7Y,3M BBSW,0.037856263918326
2025-07-22,AUD,7Y,3M BBSW,0.037540203112358735
2025-07-21,AUD,7Y,3M BBSW,0.0376172199374577
2025-07-18,AUD,7Y,3M BBSW,0.03793922213331236
2025-07-17,AUD,7Y,3M BBSW,0.037731598004362044
2025-07-16,AUD,7Y,3M BBSW,0.038482388012519186
2025-07-15,AUD,7Y,3M BBSW,0.03889188189357249
2025-07-14,AUD,7Y,3M BBSW,0.038251466859613774
2025-07-11,AUD,7Y,3M BBSW,0.03823352688788452
2025-07-10,AUD,7Y,3M BBSW,0.03789928503887587
2025-07-09,AUD,7Y,3M BBSW,0.03763202053165601
2025-07-08,AUD,7Y,3M BBSW,0.03787461415925006
2025-07-07,AUD,7Y,3M BBSW,0.03693390107641243
2025-07-04,AUD,7Y,3M BBSW,0.03666402329346417
2025-07-03,AUD,7Y,3M BBSW,0.03686065978117217
2025-07-02,AUD,7Y,3M BBSW,0.03664940265400757
2025-07-01,AUD,7Y,3M BBSW,0.03628112848287267
2025-06-30,AUD,7Y,3M BBSW,0.03633814798489802
2025-06-27,AUD,7Y,3M BBSW,0.03634706204206905
2025-06-26,AUD,7Y,3M BBSW,0.03608555764770074
2025-06-25,AUD,7Y,3M BBSW,0.0362254943123879
2025-06-24,AUD,7Y,3M BBSW,0.036432159305003
2025-06-23,AUD,7Y,3M BBSW,0.036854297990942524
2025-06-20,AUD,7Y,3M BBSW,0.03690951637715949
2025-06-19,AUD,7Y,3M BBSW,0.03690476018399492
2025-06-18,AUD,7Y,3M BBSW,0.037308598100180126
2025-06-17,AUD,7Y,3M BBSW,0.0371274054969665
2025-06-16,AUD,7Y,3M BBSW,0.03721898107105575
2025-06-13,AUD,7Y,3M BBSW,0.03718837666291199
2025-06-12,AUD,7Y,3M BBSW,0.03648591265889693
2025-06-11,AUD,7Y,3M BBSW,0.03720267661190831
2025-06-10,AUD,7Y,3M BBSW,0.037642922768909376
2025-06-06,AUD,7Y,3M BBSW,0.03807045206787506
2025-06-05,AUD,7Y,3M BBSW,0.03738443945869859
2025-06-04,AUD,7Y,3M BBSW,0.03678369809405699
2025-06-03,AUD,7Y,3M BBSW,0.03711659485479823
2025-06-02,AUD,7Y,3M BBSW,0.03756484349373077
2025-05-30,AUD,7Y,3M BBSW,0.03714567042063789
2025-05-29,AUD,7Y,3M BBSW,0.03753219144537159
2025-05-28,AUD,7Y,3M BBSW,0.0383205903291587
2025-05-27,AUD,7Y,3M BBSW,0.03730429524873338
2025-05-26,AUD,7Y,3M BBSW,0.037750876851293406
2025-05-23,AUD,7Y,3M BBSW,0.03813325073586148
2025-05-22,AUD,7Y,3M BBSW,0.03843426229311983
2025-05-21,AUD,7Y,3M BBSW,0.03932142545690175
2025-05-20,AUD,7Y,3M BBSW,0.03832998619805672
2025-05-19,AUD,7Y,3M BBSW,0.0392944543365861
2025-05-16,AUD,7Y,3M BBSW,0.03949874892676471
2025-05-15,AUD,7Y,3M BBSW,0.03920629490956485
2025-05-14,AUD,7Y,3M BBSW,0.03996545667038962
2025-05-13,AUD,7Y,3M BBSW,0.03930466272868201
2025-05-12,AUD,7Y,3M BBSW,0.03886926419078187
2025-05-09,AUD,7Y,3M BBSW,0.03745870401660842
2025-05-08,AUD,7Y,3M BBSW,0.03747667635647661
2025-05-07,AUD,7Y,3M BBSW,0.03683191371805916
2025-05-06,AUD,7Y,3M BBSW,0.03763220710734337
2025-05-05,AUD,7Y,3M BBSW,0.03749358944841592
2025-05-02,AUD,7Y,3M BBSW,0.03734621303230666
2025-05-01,AUD,7Y,3M BBSW,0.0367698548041352
2025-04-30,AUD,7Y,3M BBSW,0.03644592976783535
2025-04-29,AUD,7Y,3M BBSW,0.03655485956429764
2025-04-28,AUD,7Y,3M BBSW,0.03662892988684738
2025-04-24,AUD,7Y,3M BBSW,0.03710681450030196
2025-04-23,AUD,7Y,3M BBSW,0.03773808282514893
2025-04-22,AUD,7Y,3M BBSW,0.03724599427009938
2025-04-17,AUD,7Y,3M BBSW,0.03720604786151228
2025-04-16,AUD,7Y,3M BBSW,0.03747038474977079
2025-04-15,AUD,7Y,3M BBSW,0.03805852970116279
2025-04-14,AUD,7Y,3M BBSW,0.038187472367207834
2025-04-11,AUD,7Y,3M BBSW,0.039220956656592504
2025-04-10,AUD,7Y,3M BBSW,0.038114455736054646
2025-04-09,AUD,7Y,3M BBSW,0.03769725582874078
2025-04-08,AUD,7Y,3M BBSW,0.037194516339624534
2025-04-07,AUD,7Y,3M BBSW,0.03809109299636013
2025-04-04,AUD,7Y,3M BBSW,0.03669682410235771
2025-03-28,AUD,7Y,3M BBSW,0.03952749198614582
2025-03-27,AUD,7Y,3M BBSW,0.03994178826830498
2025-03-26,AUD,7Y,3M BBSW,0.04005171103877505
2025-03-25,AUD,7Y,3M BBSW,0.040013737719912956
2025-03-24,AUD,7Y,3M BBSW,0.03973093836889474
2025-03-21,AUD,7Y,3M BBSW,0.03953062505650266
2025-03-20,AUD,7Y,3M BBSW,0.03961997519806954
2025-03-19,AUD,7Y,3M BBSW,0.03972767105076854
2025-03-18,AUD,7Y,3M BBSW,0.03996810176349351
2025-03-17,AUD,7Y,3M BBSW,0.03983910048813946
2025-03-14,AUD,7Y,3M BBSW,0.039986930194620934
2025-03-13,AUD,7Y,3M BBSW,0.039681563960671996
2025-03-12,AUD,7Y,3M BBSW,0.04019275437303978
2025-03-11,AUD,7Y,3M BBSW,0.04009746796513042
2025-03-10,AUD,7Y,3M BBSW,0.03961197133920979
2025-03-07,AUD,7Y,3M BBSW,0.04013585021436224
2025-03-06,AUD,7Y,3M BBSW,0.040345796816800436
2025-03-05,AUD,7Y,3M BBSW,0.040708664820550286
2025-03-04,AUD,7Y,3M BBSW,0.03991798084831252
2025-03-03,AUD,7Y,3M BBSW,0.03916012427398479
2025-02-28,AUD,7Y,3M BBSW,0.03966241877282633
2025-02-27,AUD,7Y,3M BBSW,0.0398204981127342
2025-02-26,AUD,7Y,3M BBSW,0.03997902832099652
2025-02-25,AUD,7Y,3M BBSW,0.04025011897783481
2025-02-24,AUD,7Y,3M BBSW,0.040724951141156304
2025-02-21,AUD,7Y,3M BBSW,0.04132425346937039
2025-02-20,AUD,7Y,3M BBSW,0.04180189854586735
2025-02-19,AUD,7Y,3M BBSW,0.04171052282106198
2025-02-18,AUD,7Y,3M BBSW,0.041888073989989415
2025-02-17,AUD,7Y,3M BBSW,0.040989853221613165
2025-02-14,AUD,7Y,3M BBSW,0.04073449088549569
2025-02-13,AUD,7Y,3M BBSW,0.040720838658410016
2025-02-12,AUD,7Y,3M BBSW,0.041759958146950826
2025-02-11,AUD,7Y,3M BBSW,0.040961964590365774
2025-02-10,AUD,7Y,3M BBSW,0.04025084664585588
2025-02-07,AUD,7Y,3M BBSW,0.04041920724987533
2025-02-06,AUD,7Y,3M BBSW,0.03984763039878293
2025-02-05,AUD,7Y,3M BBSW,0.03663752814967089
2025-02-04,AUD,7Y,3M BBSW,0.038024028233608294
2025-02-03,AUD,7Y,3M BBSW,0.038167553180996176
2025-01-31,AUD,7Y,3M BBSW,0.0373029398594716
2025-01-30,AUD,7Y,3M BBSW,0.03753852760977748
2025-01-29,AUD,7Y,3M BBSW,0.037581826745642546
2025-01-28,AUD,7Y,3M BBSW,0.03818338319395717
2025-01-24,AUD,7Y,3M BBSW,0.03851524456860965
2025-01-23,AUD,7Y,3M BBSW,0.03927291323126829
2025-01-22,AUD,7Y,3M BBSW,0.038959037805878304
2025-01-21,AUD,7Y,3M BBSW,0.03885481126613019
2025-01-20,AUD,7Y,3M BBSW,0.03862619532793757
2025-01-17,AUD,7Y,3M BBSW,0.039469851860472444
2025-11-03,AUD,8Y,3M BBSW,0.04056499999997637
2025-10-31,AUD,8Y,3M BBSW,0.04023999999996427
2025-10-30,AUD,8Y,3M BBSW,0.04013499999998321
2025-10-29,AUD,8Y,3M BBSW,0.04038299999998233
2025-10-28,AUD,8Y,3M BBSW,0.03889199999994915
2025-10-27,AUD,8Y,3M BBSW,0.03887199999997502
2025-10-24,AUD,8Y,3M BBSW,0.03841297730485811
2025-10-23,AUD,8Y,3M BBSW,0.03857299999991444
2025-10-22,AUD,8Y,3M BBSW,0.03809899999998654
2025-10-21,AUD,8Y,3M BBSW,0.038319999999946626
2025-10-20,AUD,8Y,3M BBSW,0.03796799999985609
2025-10-17,AUD,8Y,3M BBSW,0.03811098468552625
2025-10-16,AUD,8Y,3M BBSW,0.03793000000007804
2025-10-15,AUD,8Y,3M BBSW,0.03896909934291776
2025-10-14,AUD,8Y,3M BBSW,0.03918900295035945
2025-10-13,AUD,8Y,3M BBSW,0.03926699999995663
2025-10-10,AUD,8Y,3M BBSW,0.03977800034313389
2025-10-09,AUD,8Y,3M BBSW,0.03999299999998588
2025-10-08,AUD,8Y,3M BBSW,0.03953099999997398
2025-10-07,AUD,8Y,3M BBSW,0.03970721798462726
2025-10-03,AUD,8Y,3M BBSW,0.03947027313569031
2025-10-02,AUD,8Y,3M BBSW,0.03945775028731608
2025-10-01,AUD,8Y,3M BBSW,0.03968672203053026
2025-09-30,AUD,8Y,3M BBSW,0.03989541681570491
2025-09-29,AUD,8Y,3M BBSW,0.039449184807962
2025-09-26,AUD,8Y,3M BBSW,0.03979806284095518
2025-09-25,AUD,8Y,3M BBSW,0.03995588037157899
2025-09-24,AUD,8Y,3M BBSW,0.03954723968068768
2025-09-23,AUD,8Y,3M BBSW,0.03862347516558133
2025-09-22,AUD,8Y,3M BBSW,0.03888348728839236
2025-09-19,AUD,8Y,3M BBSW,0.038622635893867586
2025-09-18,AUD,8Y,3M BBSW,0.03848245845981907
2025-09-17,AUD,8Y,3M BBSW,0.0384652211004174
2025-09-16,AUD,8Y,3M BBSW,0.03827092705996312
2025-09-15,AUD,8Y,3M BBSW,0.03836003915793344
2025-09-12,AUD,8Y,3M BBSW,0.03843221706805489
2025-09-11,AUD,8Y,3M BBSW,0.037997475407300946
2025-09-10,AUD,8Y,3M BBSW,0.0381887127450124
2025-09-09,AUD,8Y,3M BBSW,0.03874217659236181
2025-09-08,AUD,8Y,3M BBSW,0.038210948424828105
2025-09-05,AUD,8Y,3M BBSW,0.03860430387250872
2025-09-04,AUD,8Y,3M BBSW,0.03885304212461426
2025-09-03,AUD,8Y,3M BBSW,0.039161128653832276
2025-09-02,AUD,8Y,3M BBSW,0.0390710269759287
2025-09-01,AUD,8Y,3M BBSW,0.038969007894110994
2025-08-29,AUD,8Y,3M BBSW,0.03840044682276432
2025-08-28,AUD,8Y,3M BBSW,0.03823819312990894
2025-08-27,AUD,8Y,3M BBSW,0.0385041839339325
2025-08-26,AUD,8Y,3M BBSW,0.038635174879280594
2025-08-25,AUD,8Y,3M BBSW,0.03853956687817391
2025-08-22,AUD,8Y,3M BBSW,0.03858603179430665
2025-08-21,AUD,8Y,3M BBSW,0.03865921762719707
2025-08-20,AUD,8Y,3M BBSW,0.03827449940885744
2025-08-19,AUD,8Y,3M BBSW,0.03874859564168087
2025-08-18,AUD,8Y,3M BBSW,0.038614839228073766
2025-08-15,AUD,8Y,3M BBSW,0.03807797184782054
2025-08-14,AUD,8Y,3M BBSW,0.038087944316713467
2025-08-13,AUD,8Y,3M BBSW,0.03768186675595982
2025-08-12,AUD,8Y,3M BBSW,0.03818729908825
2025-08-11,AUD,8Y,3M BBSW,0.03830894770096076
2025-08-08,AUD,8Y,3M BBSW,0.03832400808510484
2025-08-07,AUD,8Y,3M BBSW,0.03825779872337669
2025-08-06,AUD,8Y,3M BBSW,0.03800238310550458
2025-08-05,AUD,8Y,3M BBSW,0.0380996070710484
2025-08-01,AUD,8Y,3M BBSW,0.03796664445923017
2025-07-31,AUD,8Y,3M BBSW,0.03873086112148909
2025-07-30,AUD,8Y,3M BBSW,0.03864562410355482
2025-07-29,AUD,8Y,3M BBSW,0.03882685700178147
2025-07-28,AUD,8Y,3M BBSW,0.03916328282087201
2025-07-25,AUD,8Y,3M BBSW,0.03914555206295307
2025-07-24,AUD,8Y,3M BBSW,0.03919531432170758
2025-07-23,AUD,8Y,3M BBSW,0.03886969343119777
2025-07-22,AUD,8Y,3M BBSW,0.038576543260408276
2025-07-21,AUD,8Y,3M BBSW,0.03868374872786874
2025-07-18,AUD,8Y,3M BBSW,0.03903339309770564
2025-07-17,AUD,8Y,3M BBSW,0.03882794432175567
2025-07-16,AUD,8Y,3M BBSW,0.03948171473653327
2025-07-15,AUD,8Y,3M BBSW,0.03991568991943297
2025-07-14,AUD,8Y,3M BBSW,0.039286116002918356
2025-07-11,AUD,8Y,3M BBSW,0.03927933069811373
2025-07-10,AUD,8Y,3M BBSW,0.03892523470167787
2025-07-09,AUD,8Y,3M BBSW,0.038621117107534506
2025-07-08,AUD,8Y,3M BBSW,0.03888308424372299
2025-07-07,AUD,8Y,3M BBSW,0.03798367021831879
2025-07-04,AUD,8Y,3M BBSW,0.03770223066038427
2025-07-03,AUD,8Y,3M BBSW,0.03789996028412888
2025-07-02,AUD,8Y,3M BBSW,0.03767361018055792
2025-07-01,AUD,8Y,3M BBSW,0.03730396744923564
2025-06-30,AUD,8Y,3M BBSW,0.03738284836549659
2025-06-27,AUD,8Y,3M BBSW,0.03738607346686452
2025-06-26,AUD,8Y,3M BBSW,0.03712468804871878
2025-06-25,AUD,8Y,3M BBSW,0.03722767187449418
2025-06-24,AUD,8Y,3M BBSW,0.03744326986607184
2025-06-23,AUD,8Y,3M BBSW,0.0378873825254639
2025-06-20,AUD,8Y,3M BBSW,0.037910191665909324
2025-06-19,AUD,8Y,3M BBSW,0.037917152838691376
2025-06-18,AUD,8Y,3M BBSW,0.03829697520909634
2025-06-17,AUD,8Y,3M BBSW,0.038151509954655334
2025-06-16,AUD,8Y,3M BBSW,0.038297922709053724
2025-06-13,AUD,8Y,3M BBSW,0.03835170182899835
2025-06-12,AUD,8Y,3M BBSW,0.03753146908877465
2025-06-11,AUD,8Y,3M BBSW,0.03819414800570902
2025-06-10,AUD,8Y,3M BBSW,0.03867886547891174
2025-06-06,AUD,8Y,3M BBSW,0.03912694525311916
2025-06-05,AUD,8Y,3M BBSW,0.03843167270792436
2025-06-04,AUD,8Y,3M BBSW,0.03780522276700349
2025-06-03,AUD,8Y,3M BBSW,0.03819331381884387
2025-06-02,AUD,8Y,3M BBSW,0.0386395887682594
2025-05-30,AUD,8Y,3M BBSW,0.03820660284579196
2025-05-29,AUD,8Y,3M BBSW,0.03859560896736811
2025-05-28,AUD,8Y,3M BBSW,0.03933314277545875
2025-05-27,AUD,8Y,3M BBSW,0.0383156867899258
2025-05-26,AUD,8Y,3M BBSW,0.03880234364936299
2025-05-23,AUD,8Y,3M BBSW,0.03920976097435361
2025-05-22,AUD,8Y,3M BBSW,0.03952514953891492
2025-05-21,AUD,8Y,3M BBSW,0.04043042462131234
2025-05-20,AUD,8Y,3M BBSW,0.03941051233981581
2025-05-19,AUD,8Y,3M BBSW,0.04024542893930085
2025-05-16,AUD,8Y,3M BBSW,0.04047214306416457
2025-05-15,AUD,8Y,3M BBSW,0.040186002205695584
2025-05-14,AUD,8Y,3M BBSW,0.040984005324865846
2025-05-13,AUD,8Y,3M BBSW,0.0402585540811051
2025-05-12,AUD,8Y,3M BBSW,0.03981526227964817
2025-05-09,AUD,8Y,3M BBSW,0.038479352938377
2025-05-08,AUD,8Y,3M BBSW,0.03847879474904832
2025-05-07,AUD,8Y,3M BBSW,0.03782772428958743
2025-05-06,AUD,8Y,3M BBSW,0.03865602280788956
2025-05-05,AUD,8Y,3M BBSW,0.03849748903587829
2025-05-02,AUD,8Y,3M BBSW,0.038353978185760224
2025-05-01,AUD,8Y,3M BBSW,0.03780459524792307
2025-04-30,AUD,8Y,3M BBSW,0.03745780978247532
2025-04-29,AUD,8Y,3M BBSW,0.03759769696728747
2025-04-28,AUD,8Y,3M BBSW,0.03766520729839836
2025-04-24,AUD,8Y,3M BBSW,0.03814742637492997
2025-04-23,AUD,8Y,3M BBSW,0.03871558771522672
2025-04-22,AUD,8Y,3M BBSW,0.0382690521803032
2025-04-17,AUD,8Y,3M BBSW,0.03825960578263792
2025-04-16,AUD,8Y,3M BBSW,0.03852167742643887
2025-04-15,AUD,8Y,3M BBSW,0.03917999005458045
2025-04-14,AUD,8Y,3M BBSW,0.03930717521267087
2025-04-11,AUD,8Y,3M BBSW,0.040371931124122594
2025-04-10,AUD,8Y,3M BBSW,0.03934765124745087
2025-04-09,AUD,8Y,3M BBSW,0.038709612442219876
2025-04-08,AUD,8Y,3M BBSW,0.038280341651153724
2025-04-07,AUD,8Y,3M BBSW,0.03906926628960972
2025-04-04,AUD,8Y,3M BBSW,0.03764054109233205
2025-03-28,AUD,8Y,3M BBSW,0.040357543066515726
2025-03-27,AUD,8Y,3M BBSW,0.04079229171072754
2025-03-26,AUD,8Y,3M BBSW,0.04090446998427513
2025-03-25,AUD,8Y,3M BBSW,0.04081684129714443
2025-03-24,AUD,8Y,3M BBSW,0.04053171180487459
2025-03-21,AUD,8Y,3M BBSW,0.04033950250305723
2025-03-20,AUD,8Y,3M BBSW,0.04043542548528847
2025-03-19,AUD,8Y,3M BBSW,0.04045882029509932
2025-03-18,AUD,8Y,3M BBSW,0.04075534416716424
2025-03-17,AUD,8Y,3M BBSW,0.040626910793289756
2025-03-14,AUD,8Y,3M BBSW,0.040776700627621947
2025-03-13,AUD,8Y,3M BBSW,0.04050004343965448
2025-03-12,AUD,8Y,3M BBSW,0.040968313673501885
2025-03-11,AUD,8Y,3M BBSW,0.04092357097254781
2025-03-10,AUD,8Y,3M BBSW,0.040400794507011846
2025-03-07,AUD,8Y,3M BBSW,0.04093821050589361
2025-03-06,AUD,8Y,3M BBSW,0.04116159446794092
2025-03-05,AUD,8Y,3M BBSW,0.041477206943838975
2025-03-04,AUD,8Y,3M BBSW,0.04067044064386033
2025-03-03,AUD,8Y,3M BBSW,0.03989823823870974
2025-02-28,AUD,8Y,3M BBSW,0.040366015249971736
2025-02-27,AUD,8Y,3M BBSW,0.04051586105335312
2025-02-26,AUD,8Y,3M BBSW,0.04069275209051848
2025-02-25,AUD,8Y,3M BBSW,0.040977335781790095
2025-02-24,AUD,8Y,3M BBSW,0.04146426469950895
2025-02-21,AUD,8Y,3M BBSW,0.04207339144117449
2025-02-20,AUD,8Y,3M BBSW,0.04252959318937384
2025-02-19,AUD,8Y,3M BBSW,0.04242540418876277
2025-02-18,AUD,8Y,3M BBSW,0.04262520616200585
2025-02-17,AUD,8Y,3M BBSW,0.04174299381884701
2025-02-14,AUD,8Y,3M BBSW,0.04146422219255547
2025-02-13,AUD,8Y,3M BBSW,0.04147859847657391
2025-02-12,AUD,8Y,3M BBSW,0.04248671836756378
2025-02-11,AUD,8Y,3M BBSW,0.04172586266350008
2025-02-10,AUD,8Y,3M BBSW,0.041001971384004375
2025-02-07,AUD,8Y,3M BBSW,0.041192698106045214
2025-02-06,AUD,8Y,3M BBSW,0.040565855694983444
2025-02-05,AUD,8Y,3M BBSW,0.036614922854228314
2025-02-04,AUD,8Y,3M BBSW,0.0380491543053455
2025-02-03,AUD,8Y,3M BBSW,0.03820651034966377
2025-01-31,AUD,8Y,3M BBSW,0.0372814270425568
2025-01-30,AUD,8Y,3M BBSW,0.03752865999607227
2025-01-29,AUD,8Y,3M BBSW,0.03757483959290671
2025-01-28,AUD,8Y,3M BBSW,0.03817791354842909
2025-01-24,AUD,8Y,3M BBSW,0.03850355212633066
2025-01-23,AUD,8Y,3M BBSW,0.03931661775845027
2025-01-22,AUD,8Y,3M BBSW,0.03895554610470755
2025-01-21,AUD,8Y,3M BBSW,0.03885726845124973
2025-01-20,AUD,8Y,3M BBSW,0.03861803420452072
2025-01-17,AUD,8Y,3M BBSW,0.03947987747454125
2025-11-03,AUD,9Y,3M BBSW,0.04134300000001165
2025-10-31,AUD,9Y,3M BBSW,0.04102399999998097
2025-10-30,AUD,9Y,3M BBSW,0.04089199999998047
2025-10-29,AUD,9Y,3M BBSW,0.04114899999992517
2025-10-28,AUD,9Y,3M BBSW,0.03969599999995326
2025-10-27,AUD,9Y,3M BBSW,0.03969699999994817
2025-10-24,AUD,9Y,3M BBSW,0.03925298409618837
2025-10-23,AUD,9Y,3M BBSW,0.03941699999999138
2025-10-22,AUD,9Y,3M BBSW,0.03894299999993067
2025-10-21,AUD,9Y,3M BBSW,0.03914599999991249
2025-10-20,AUD,9Y,3M BBSW,0.038798999999971946
2025-10-17,AUD,9Y,3M BBSW,0.03895098901301621
2025-10-16,AUD,9Y,3M BBSW,0.03876399999999188
2025-10-15,AUD,9Y,3M BBSW,0.03975414524721727
2025-10-14,AUD,9Y,3M BBSW,0.039980193685625436
2025-10-13,AUD,9Y,3M BBSW,0.04009699999999876
2025-10-10,AUD,9Y,3M BBSW,0.040584003481790594
2025-10-09,AUD,9Y,3M BBSW,0.040807999999989825
2025-10-08,AUD,9Y,3M BBSW,0.04034699999993166
2025-10-07,AUD,9Y,3M BBSW,0.040523884668618206
2025-10-03,AUD,9Y,3M BBSW,0.04029642765219862
2025-10-02,AUD,9Y,3M BBSW,0.040294561537575026
2025-10-01,AUD,9Y,3M BBSW,0.040523571269456514
2025-09-30,AUD,9Y,3M BBSW,0.04070602276523771
2025-09-29,AUD,9Y,3M BBSW,0.04024989764531672
2025-09-26,AUD,9Y,3M BBSW,0.040614586316468346
2025-09-25,AUD,9Y,3M BBSW,0.040786439175681345
2025-09-24,AUD,9Y,3M BBSW,0.040392353892726746
2025-09-23,AUD,9Y,3M BBSW,0.03945434323365371
2025-09-22,AUD,9Y,3M BBSW,0.03974892688222705
2025-09-19,AUD,9Y,3M BBSW,0.03948407761886112
2025-09-18,AUD,9Y,3M BBSW,0.03934249551034539
2025-09-17,AUD,9Y,3M BBSW,0.03932629601307202
2025-09-16,AUD,9Y,3M BBSW,0.03908995860109159
2025-09-15,AUD,9Y,3M BBSW,0.03918636401882548
2025-09-12,AUD,9Y,3M BBSW,0.03924162679653966
2025-09-11,AUD,9Y,3M BBSW,0.03883022685828425
2025-09-10,AUD,9Y,3M BBSW,0.0390734033397465
2025-09-09,AUD,9Y,3M BBSW,0.039601709595563264
2025-09-08,AUD,9Y,3M BBSW,0.03907726348568209
2025-09-05,AUD,9Y,3M BBSW,0.03951223755946231
2025-09-04,AUD,9Y,3M BBSW,0.0397516809846855
2025-09-03,AUD,9Y,3M BBSW,0.04007194937240557
2025-09-02,AUD,9Y,3M BBSW,0.04000121774494161
2025-09-01,AUD,9Y,3M BBSW,0.03989523280044285
2025-08-29,AUD,9Y,3M BBSW,0.0393094480798848
2025-08-28,AUD,9Y,3M BBSW,0.03916097031165118
2025-08-27,AUD,9Y,3M BBSW,0.0394528877242419
2025-08-26,AUD,9Y,3M BBSW,0.03954628810328995
2025-08-25,AUD,9Y,3M BBSW,0.03947550846098117
2025-08-22,AUD,9Y,3M BBSW,0.03950931780780335
2025-08-21,AUD,9Y,3M BBSW,0.03959534336679218
2025-08-20,AUD,9Y,3M BBSW,0.0392002876676007
2025-08-19,AUD,9Y,3M BBSW,0.039663664967676204
2025-08-18,AUD,9Y,3M BBSW,0.039563651004276876
2025-08-15,AUD,9Y,3M BBSW,0.03900284766485814
2025-08-14,AUD,9Y,3M BBSW,0.03901977622775627
2025-08-13,AUD,9Y,3M BBSW,0.03861280446131096
2025-08-12,AUD,9Y,3M BBSW,0.03908192853613912
2025-08-11,AUD,9Y,3M BBSW,0.03919721889003004
2025-08-08,AUD,9Y,3M BBSW,0.03922056871862866
2025-08-07,AUD,9Y,3M BBSW,0.039148377701319716
2025-08-06,AUD,9Y,3M BBSW,0.03888181069654145
2025-08-05,AUD,9Y,3M BBSW,0.03897049574640032
2025-08-01,AUD,9Y,3M BBSW,0.038874831852313524
2025-07-31,AUD,9Y,3M BBSW,0.03960918592112502
2025-07-30,AUD,9Y,3M BBSW,0.03952228492226503
2025-07-29,AUD,9Y,3M BBSW,0.03970243122114379
2025-07-28,AUD,9Y,3M BBSW,0.04006262893864379
2025-07-25,AUD,9Y,3M BBSW,0.040047091318100476
2025-07-24,AUD,9Y,3M BBSW,0.04011603432745609
2025-07-23,AUD,9Y,3M BBSW,0.0398071276656361
2025-07-22,AUD,9Y,3M BBSW,0.03947879983795462
2025-07-21,AUD,9Y,3M BBSW,0.039633925292897026
2025-07-18,AUD,9Y,3M BBSW,0.03999985816755278
2025-07-17,AUD,9Y,3M BBSW,0.03978954742541451
2025-07-16,AUD,9Y,3M BBSW,0.04040636233532991
2025-07-15,AUD,9Y,3M BBSW,0.040850942160108275
2025-07-14,AUD,9Y,3M BBSW,0.04020974704795737
2025-07-11,AUD,9Y,3M BBSW,0.04019219434027935
2025-07-10,AUD,9Y,3M BBSW,0.03984699958269058
2025-07-09,AUD,9Y,3M BBSW,0.039541666354519306
2025-07-08,AUD,9Y,3M BBSW,0.03975823212119954
2025-07-07,AUD,9Y,3M BBSW,0.03890661734277919
2025-07-04,AUD,9Y,3M BBSW,0.03862199533033757
2025-07-03,AUD,9Y,3M BBSW,0.03882548419801926
2025-07-02,AUD,9Y,3M BBSW,0.03860875965826027
2025-07-01,AUD,9Y,3M BBSW,0.03819505149381361
2025-06-30,AUD,9Y,3M BBSW,0.03830845217205002
2025-06-27,AUD,9Y,3M BBSW,0.03830288324856347
2025-06-26,AUD,9Y,3M BBSW,0.03802916980570227
2025-06-25,AUD,9Y,3M BBSW,0.03812996438248514
2025-06-24,AUD,9Y,3M BBSW,0.03829936452529974
2025-06-23,AUD,9Y,3M BBSW,0.038777322840151174
2025-06-20,AUD,9Y,3M BBSW,0.03879019340216276
2025-06-19,AUD,9Y,3M BBSW,0.03879187722724188
2025-06-18,AUD,9Y,3M BBSW,0.039185495820886034
2025-06-17,AUD,9Y,3M BBSW,0.03902852092680603
2025-06-16,AUD,9Y,3M BBSW,0.039195061456707724
2025-06-13,AUD,9Y,3M BBSW,0.03927376934997673
2025-06-12,AUD,9Y,3M BBSW,0.038431251615488014
2025-06-11,AUD,9Y,3M BBSW,0.03910775026575149
2025-06-10,AUD,9Y,3M BBSW,0.03955174179152749
2025-06-06,AUD,9Y,3M BBSW,0.04003881855412871
2025-06-05,AUD,9Y,3M BBSW,0.03935426253313786
2025-06-04,AUD,9Y,3M BBSW,0.03873239901800356
2025-06-03,AUD,9Y,3M BBSW,0.03912092900754592
2025-06-02,AUD,9Y,3M BBSW,0.03957525596700047
2025-05-30,AUD,9Y,3M BBSW,0.03913100613107159
2025-05-29,AUD,9Y,3M BBSW,0.03952915609135435
2025-05-28,AUD,9Y,3M BBSW,0.04025086128037354
2025-05-27,AUD,9Y,3M BBSW,0.03918648634970087
2025-05-26,AUD,9Y,3M BBSW,0.03973557386445896
2025-05-23,AUD,9Y,3M BBSW,0.04016038983629142
2025-05-22,AUD,9Y,3M BBSW,0.040481025972623784
2025-05-21,AUD,9Y,3M BBSW,0.041428467622009926
2025-05-20,AUD,9Y,3M BBSW,0.04034001722979685
2025-05-19,AUD,9Y,3M BBSW,0.041095094547030066
2025-05-16,AUD,9Y,3M BBSW,0.041317287763628176
2025-05-15,AUD,9Y,3M BBSW,0.04099942968358279
2025-05-14,AUD,9Y,3M BBSW,0.0418311048461436
2025-05-13,AUD,9Y,3M BBSW,0.041097882209583256
2025-05-12,AUD,9Y,3M BBSW,0.040659970391697754
2025-05-09,AUD,9Y,3M BBSW,0.03935741077945402
2025-05-08,AUD,9Y,3M BBSW,0.039365838249159
2025-05-07,AUD,9Y,3M BBSW,0.03871961687896532
2025-05-06,AUD,9Y,3M BBSW,0.03954502515450413
2025-05-05,AUD,9Y,3M BBSW,0.039396063262863226
2025-05-02,AUD,9Y,3M BBSW,0.03925201522579799
2025-05-01,AUD,9Y,3M BBSW,0.03870641269568157
2025-04-30,AUD,9Y,3M BBSW,0.03835417019531163
2025-04-29,AUD,9Y,3M BBSW,0.03848914558563222
2025-04-28,AUD,9Y,3M BBSW,0.03856418032404247
2025-04-24,AUD,9Y,3M BBSW,0.03907018898891519
2025-04-23,AUD,9Y,3M BBSW,0.03963057578543304
2025-04-22,AUD,9Y,3M BBSW,0.0391453014763719
2025-04-17,AUD,9Y,3M BBSW,0.03919732287496474
2025-04-16,AUD,9Y,3M BBSW,0.03946731156725218
2025-04-15,AUD,9Y,3M BBSW,0.040107900885317814
2025-04-14,AUD,9Y,3M BBSW,0.040261062316594855
2025-04-11,AUD,9Y,3M BBSW,0.04133996143178921
2025-04-10,AUD,9Y,3M BBSW,0.040397253367107776
2025-04-09,AUD,9Y,3M BBSW,0.03958467005730071
2025-04-08,AUD,9Y,3M BBSW,0.03919069842947935
2025-04-07,AUD,9Y,3M BBSW,0.0398585572831266
2025-04-04,AUD,9Y,3M BBSW,0.0384399999244677
2025-03-28,AUD,9Y,3M BBSW,0.04107999754819061
2025-03-27,AUD,9Y,3M BBSW,0.04153413355649729
2025-03-26,AUD,9Y,3M BBSW,0.04164350349808857
2025-03-25,AUD,9Y,3M BBSW,0.04149821330324032
2025-03-24,AUD,9Y,3M BBSW,0.04125434072818345
2025-03-21,AUD,9Y,3M BBSW,0.04104392110011259
2025-03-20,AUD,9Y,3M BBSW,0.04114355458337436
2025-03-19,AUD,9Y,3M BBSW,0.04115597924829238
2025-03-18,AUD,9Y,3M BBSW,0.041436789614665785
2025-03-17,AUD,9Y,3M BBSW,0.041326909514942466
2025-03-14,AUD,9Y,3M BBSW,0.041496884058945395
2025-03-13,AUD,9Y,3M BBSW,0.041225087855530716
2025-03-12,AUD,9Y,3M BBSW,0.04168536066762822
2025-03-11,AUD,9Y,3M BBSW,0.041611850791746556
2025-03-10,AUD,9Y,3M BBSW,0.04110469789327942
2025-03-07,AUD,9Y,3M BBSW,0.041628866713378565
2025-03-06,AUD,9Y,3M BBSW,0.04186389724488707
2025-03-05,AUD,9Y,3M BBSW,0.04218263563648025
2025-03-04,AUD,9Y,3M BBSW,0.041314119026544374
2025-03-03,AUD,9Y,3M BBSW,0.0405266348311199
2025-02-28,AUD,9Y,3M BBSW,0.041011407069013794
2025-02-27,AUD,9Y,3M BBSW,0.04116679169585599
2025-02-26,AUD,9Y,3M BBSW,0.04133416628939688
2025-02-25,AUD,9Y,3M BBSW,0.041607483665743
2025-02-24,AUD,9Y,3M BBSW,0.042126125890433824
2025-02-21,AUD,9Y,3M BBSW,0.04273272892857394
2025-02-20,AUD,9Y,3M BBSW,0.043210828766357255
2025-02-19,AUD,9Y,3M BBSW,0.04310998123393984
2025-02-18,AUD,9Y,3M BBSW,0.04326862438284637
2025-02-17,AUD,9Y,3M BBSW,0.042418723394277144
2025-02-14,AUD,9Y,3M BBSW,0.04212570545924037
2025-02-13,AUD,9Y,3M BBSW,0.04216354420503866
2025-02-12,AUD,9Y,3M BBSW,0.04318719302247469
2025-02-11,AUD,9Y,3M BBSW,0.0423825268927482
2025-02-10,AUD,9Y,3M BBSW,0.041667757321858484
2025-02-07,AUD,9Y,3M BBSW,0.041870932572605636
2025-02-06,AUD,9Y,3M BBSW,0.041253589501345056
2025-02-05,AUD,9Y,3M BBSW,0.03659748807812363
2025-02-04,AUD,9Y,3M BBSW,0.03806867320313631
2025-02-03,AUD,9Y,3M BBSW,0.038236497185599634
2025-01-31,AUD,9Y,3M BBSW,0.03726481877643741
2025-01-30,AUD,9Y,3M BBSW,0.03752097002499527
2025-01-29,AUD,9Y,3M BBSW,0.0375693295643083
2025-01-28,AUD,9Y,3M BBSW,0.03817372458786673
2025-01-24,AUD,9Y,3M BBSW,0.03849455300029899
2025-01-23,AUD,9Y,3M BBSW,0.03934996270598914
2025-01-22,AUD,9Y,3M BBSW,0.03895269459365494
2025-01-21,AUD,9Y,3M BBSW,0.03885923139543001
2025-01-20,AUD,9Y,3M BBSW,0.038611717186867296
2025-01-17,AUD,9Y,3M BBSW,0.03948770094822579
2025-11-03,AUD,10Y,3M BBSW,0.04201200000003654
2025-10-31,AUD,10Y,3M BBSW,0.04169700000002985
2025-10-30,AUD,10Y,3M BBSW,0.04156100000002851
2025-10-29,AUD,10Y,3M BBSW,0.041805000000032254
2025-10-28,AUD,10Y,3M BBSW,0.040392000000030764
2025-10-27,AUD,10Y,3M BBSW,0.04039900000003636
2025-10-24,AUD,10Y,3M BBSW,0.03996600100924091
2025-10-23,AUD,10Y,3M BBSW,0.04013300000003897
2025-10-22,AUD,10Y,3M BBSW,0.03965400000003098
2025-10-21,AUD,10Y,3M BBSW,0.03985400000003166
2025-10-20,AUD,10Y,3M BBSW,0.03951900000003016
2025-10-17,AUD,10Y,3M BBSW,0.0396699932108579
2025-10-16,AUD,10Y,3M BBSW,0.03949400000003586
2025-10-15,AUD,10Y,3M BBSW,0.04042599879072961
2025-10-14,AUD,10Y,3M BBSW,0.040667007825915605
2025-10-13,AUD,10Y,3M BBSW,0.040780000000037245
2025-10-10,AUD,10Y,3M BBSW,0.04127200714809515
2025-10-09,AUD,10Y,3M BBSW,0.04150500000004517
2025-10-08,AUD,10Y,3M BBSW,0.041042000000036175
2025-10-07,AUD,10Y,3M BBSW,0.04125256237372138
2025-10-03,AUD,10Y,3M BBSW,0.041000026540916376
2025-10-02,AUD,10Y,3M BBSW,0.041007972457137984
2025-10-01,AUD,10Y,3M BBSW,0.041224834308903426
2025-09-30,AUD,10Y,3M BBSW,0.04139855029562253
2025-09-29,AUD,10Y,3M BBSW,0.04096014968723928
2025-09-26,AUD,10Y,3M BBSW,0.04132588783911127
2025-09-25,AUD,10Y,3M BBSW,0.041485722350366384
2025-09-24,AUD,10Y,3M BBSW,0.041108877382389636
2025-09-23,AUD,10Y,3M BBSW,0.040201197147817676
2025-09-22,AUD,10Y,3M BBSW,0.040472570013225004
2025-09-19,AUD,10Y,3M BBSW,0.04022443906842723
2025-09-18,AUD,10Y,3M BBSW,0.04008667165345267
2025-09-17,AUD,10Y,3M BBSW,0.040074773424132806
2025-09-16,AUD,10Y,3M BBSW,0.03982345876690331
2025-09-15,AUD,10Y,3M BBSW,0.0399249125331565
2025-09-12,AUD,10Y,3M BBSW,0.03995289096532148
2025-09-11,AUD,10Y,3M BBSW,0.0395392973866543
2025-09-10,AUD,10Y,3M BBSW,0.03983265252683999
2025-09-09,AUD,10Y,3M BBSW,0.04037386414664196
2025-09-08,AUD,10Y,3M BBSW,0.039813933104638294
2025-09-05,AUD,10Y,3M BBSW,0.04030308614533478
2025-09-04,AUD,10Y,3M BBSW,0.04052945937910343
2025-09-03,AUD,10Y,3M BBSW,0.040846251066209927
2025-09-02,AUD,10Y,3M BBSW,0.0408283314880923
2025-09-01,AUD,10Y,3M BBSW,0.040681481087912835
2025-08-29,AUD,10Y,3M BBSW,0.04009530574977362
2025-08-28,AUD,10Y,3M BBSW,0.03996672792495412
2025-08-27,AUD,10Y,3M BBSW,0.04028121038407001
2025-08-26,AUD,10Y,3M BBSW,0.04037043002394199
2025-08-25,AUD,10Y,3M BBSW,0.040271539211000705
2025-08-22,AUD,10Y,3M BBSW,0.04031327474680358
2025-08-21,AUD,10Y,3M BBSW,0.040400285916233264
2025-08-20,AUD,10Y,3M BBSW,0.040046445158831066
2025-08-19,AUD,10Y,3M BBSW,0.040510744619962014
2025-08-18,AUD,10Y,3M BBSW,0.0403934448810476
2025-08-15,AUD,10Y,3M BBSW,0.03980654129826365
2025-08-14,AUD,10Y,3M BBSW,0.03980970535646794
2025-08-13,AUD,10Y,3M BBSW,0.03942134805200384
2025-08-12,AUD,10Y,3M BBSW,0.03990423805752146
2025-08-11,AUD,10Y,3M BBSW,0.03996358936730188
2025-08-08,AUD,10Y,3M BBSW,0.03999485059873633
2025-08-07,AUD,10Y,3M BBSW,0.03993324919185128
2025-08-06,AUD,10Y,3M BBSW,0.03965647955656546
2025-08-05,AUD,10Y,3M BBSW,0.03975983671373312
2025-08-01,AUD,10Y,3M BBSW,0.03965690103049731
2025-07-31,AUD,10Y,3M BBSW,0.0403831374124875
2025-07-30,AUD,10Y,3M BBSW,0.04030814681776276
2025-07-29,AUD,10Y,3M BBSW,0.04049419118543628
2025-07-28,AUD,10Y,3M BBSW,0.040831602595977234
2025-07-25,AUD,10Y,3M BBSW,0.04083535818965758
2025-07-24,AUD,10Y,3M BBSW,0.0408944619079257
2025-07-23,AUD,10Y,3M BBSW,0.04062020205972024
2025-07-22,AUD,10Y,3M BBSW,0.04027561527176013
2025-07-21,AUD,10Y,3M BBSW,0.04042808723573386
2025-07-18,AUD,10Y,3M BBSW,0.04083710570465583
2025-07-17,AUD,10Y,3M BBSW,0.040629753291715615
2025-07-16,AUD,10Y,3M BBSW,0.041219501480666214
2025-07-15,AUD,10Y,3M BBSW,0.04165430397642271
2025-07-14,AUD,10Y,3M BBSW,0.04101426610015885
2025-07-11,AUD,10Y,3M BBSW,0.04098667953017933
2025-07-10,AUD,10Y,3M BBSW,0.04062655256321202
2025-07-09,AUD,10Y,3M BBSW,0.0403199731970655
2025-07-08,AUD,10Y,3M BBSW,0.04053516559741314
2025-07-07,AUD,10Y,3M BBSW,0.03969012356248906
2025-07-04,AUD,10Y,3M BBSW,0.03940052477789623
2025-07-03,AUD,10Y,3M BBSW,0.03961601880466474
2025-07-02,AUD,10Y,3M BBSW,0.039419665173696196
2025-07-01,AUD,10Y,3M BBSW,0.03898380012311685
2025-06-30,AUD,10Y,3M BBSW,0.03910667806196813
2025-06-27,AUD,10Y,3M BBSW,0.03911832381647243
2025-06-26,AUD,10Y,3M BBSW,0.03880474110644008
2025-06-25,AUD,10Y,3M BBSW,0.03890479835897715
2025-06-24,AUD,10Y,3M BBSW,0.03906261215634733
2025-06-23,AUD,10Y,3M BBSW,0.039526512849240227
2025-06-20,AUD,10Y,3M BBSW,0.03957363165447358
2025-06-19,AUD,10Y,3M BBSW,0.03953151217085903
2025-06-18,AUD,10Y,3M BBSW,0.039947672222501195
2025-06-17,AUD,10Y,3M BBSW,0.03980131411456042
2025-06-16,AUD,10Y,3M BBSW,0.03990308806824092
2025-06-13,AUD,10Y,3M BBSW,0.039827823642858834
2025-06-12,AUD,10Y,3M BBSW,0.03913783861244248
2025-06-11,AUD,10Y,3M BBSW,0.03988488123424695
2025-06-10,AUD,10Y,3M BBSW,0.04031761449976045
2025-06-06,AUD,10Y,3M BBSW,0.040821423289866016
2025-06-05,AUD,10Y,3M BBSW,0.040122906238323666
2025-06-04,AUD,10Y,3M BBSW,0.03952041605187989
2025-06-03,AUD,10Y,3M BBSW,0.03994838122605548
2025-06-02,AUD,10Y,3M BBSW,0.04037361325588114
2025-05-30,AUD,10Y,3M BBSW,0.03992230018257258
2025-05-29,AUD,10Y,3M BBSW,0.040317515894044094
2025-05-28,AUD,10Y,3M BBSW,0.04104998940323713
2025-05-27,AUD,10Y,3M BBSW,0.03997132348673099
2025-05-26,AUD,10Y,3M BBSW,0.04051800776093564
2025-05-23,AUD,10Y,3M BBSW,0.04094997018529142
2025-05-22,AUD,10Y,3M BBSW,0.04129446689342578
2025-05-21,AUD,10Y,3M BBSW,0.04227504364516413
2025-05-20,AUD,10Y,3M BBSW,0.041145424829056185
2025-05-19,AUD,10Y,3M BBSW,0.04179248121755121
2025-05-16,AUD,10Y,3M BBSW,0.04205004350038892
2025-05-15,AUD,10Y,3M BBSW,0.04172383935536779
2025-05-14,AUD,10Y,3M BBSW,0.04259984635170026
2025-05-13,AUD,10Y,3M BBSW,0.041839591027247824
2025-05-12,AUD,10Y,3M BBSW,0.04135752498660803
2025-05-09,AUD,10Y,3M BBSW,0.04012306849811034
2025-05-08,AUD,10Y,3M BBSW,0.040117629175208336
2025-05-07,AUD,10Y,3M BBSW,0.03947192154407636
2025-05-06,AUD,10Y,3M BBSW,0.04033322909861237
2025-05-05,AUD,10Y,3M BBSW,0.04014280949113012
2025-05-02,AUD,10Y,3M BBSW,0.0400257133701618
2025-05-01,AUD,10Y,3M BBSW,0.03945524744361657
2025-04-30,AUD,10Y,3M BBSW,0.03908471229009518
2025-04-29,AUD,10Y,3M BBSW,0.03922453874308376
2025-04-28,AUD,10Y,3M BBSW,0.03931552089182888
2025-04-24,AUD,10Y,3M BBSW,0.039826084210465525
2025-04-23,AUD,10Y,3M BBSW,0.040382185971797976
2025-04-22,AUD,10Y,3M BBSW,0.03992642776116758
2025-04-17,AUD,10Y,3M BBSW,0.03995923502851539
2025-04-16,AUD,10Y,3M BBSW,0.04024671827849582
2025-04-15,AUD,10Y,3M BBSW,0.04089464652938965
2025-04-14,AUD,10Y,3M BBSW,0.04108074652035441
2025-04-11,AUD,10Y,3M BBSW,0.04218658240589172
2025-04-10,AUD,10Y,3M BBSW,0.041316415374579855
2025-04-09,AUD,10Y,3M BBSW,0.04036075392789648
2025-04-08,AUD,10Y,3M BBSW,0.04002819960424793
2025-04-07,AUD,10Y,3M BBSW,0.040588666628244126
2025-04-04,AUD,10Y,3M BBSW,0.03911706654132089
2025-03-28,AUD,10Y,3M BBSW,0.04170204845475381
2025-03-27,AUD,10Y,3M BBSW,0.042154213456687704
2025-03-26,AUD,10Y,3M BBSW,0.04227457911952172
2025-03-25,AUD,10Y,3M BBSW,0.04210421470745416
2025-03-24,AUD,10Y,3M BBSW,0.0418434547274452
2025-03-21,AUD,10Y,3M BBSW,0.04164997545710849
2025-03-20,AUD,10Y,3M BBSW,0.04171784279238236
2025-03-19,AUD,10Y,3M BBSW,0.041727355551246875
2025-03-18,AUD,10Y,3M BBSW,0.04203905718395047
2025-03-17,AUD,10Y,3M BBSW,0.04188951677989558
2025-03-14,AUD,10Y,3M BBSW,0.04207497003776409
2025-03-13,AUD,10Y,3M BBSW,0.04181642558321515
2025-03-12,AUD,10Y,3M BBSW,0.04229952077659119
2025-03-11,AUD,10Y,3M BBSW,0.04224586418693721
2025-03-10,AUD,10Y,3M BBSW,0.04170098483826071
2025-03-07,AUD,10Y,3M BBSW,0.04219322892795878
2025-03-06,AUD,10Y,3M BBSW,0.04245611991980555
2025-03-05,AUD,10Y,3M BBSW,0.04277413695401014
2025-03-04,AUD,10Y,3M BBSW,0.04189241078929942
2025-03-03,AUD,10Y,3M BBSW,0.041039671886516624
2025-02-28,AUD,10Y,3M BBSW,0.041547693502850355
2025-02-27,AUD,10Y,3M BBSW,0.041697882279063986
2025-02-26,AUD,10Y,3M BBSW,0.04186147254101184
2025-02-25,AUD,10Y,3M BBSW,0.042172794956040434
2025-02-24,AUD,10Y,3M BBSW,0.042664024487932994
2025-02-21,AUD,10Y,3M BBSW,0.043288993743702424
2025-02-20,AUD,10Y,3M BBSW,0.043766827333030375
2025-02-19,AUD,10Y,3M BBSW,0.04368936765893143
2025-02-18,AUD,10Y,3M BBSW,0.043835292721940894
2025-02-17,AUD,10Y,3M BBSW,0.04295651967581596
2025-02-14,AUD,10Y,3M BBSW,0.04269068324128873
2025-02-13,AUD,10Y,3M BBSW,0.042740426211386885
2025-02-12,AUD,10Y,3M BBSW,0.0437804535824353
2025-02-11,AUD,10Y,3M BBSW,0.042949985213101935
2025-02-10,AUD,10Y,3M BBSW,0.042204799712811714
2025-02-07,AUD,10Y,3M BBSW,0.04244697218195679
2025-02-06,AUD,10Y,3M BBSW,0.041818458720103535
2025-02-05,AUD,10Y,3M BBSW,0.0365836231221675
2025-02-04,AUD,10Y,3M BBSW,0.038083931157292576
2025-02-03,AUD,10Y,3M BBSW,0.03826051226258557
2025-01-31,AUD,10Y,3M BBSW,0.03725162390604503
2025-01-30,AUD,10Y,3M BBSW,0.037514878360863625
2025-01-29,AUD,10Y,3M BBSW,0.03756494964243442
2025-01-28,AUD,10Y,3M BBSW,0.0381703074715293
2025-01-24,AUD,10Y,3M BBSW,0.03848739770594913
2025-01-23,AUD,10Y,3M BBSW,0.03937658860404594
2025-01-22,AUD,10Y,3M BBSW,0.03895042145506896
2025-01-21,AUD,10Y,3M BBSW,0.0388606427843441
2025-01-20,AUD,10Y,3M BBSW,0.03860673011902965
2025-01-17,AUD,10Y,3M BBSW,0.03949391711390464
2025-11-03,AUD,12Y,3M BBSW,0.043138000000031596
2025-10-31,AUD,12Y,3M BBSW,0.042811000000025794
2025-10-30,AUD,12Y,3M BBSW,0.04267600000002338
2025-10-29,AUD,12Y,3M BBSW,0.04293000000002303
2025-10-28,AUD,12Y,3M BBSW,0.041554000000027916
2025-10-27,AUD,12Y,3M BBSW,0.04158700000002882
2025-10-24,AUD,12Y,3M BBSW,0.041165995757438
2025-10-23,AUD,12Y,3M BBSW,0.04133100000002529
2025-10-22,AUD,12Y,3M BBSW,0.04085400000001969
2025-10-21,AUD,12Y,3M BBSW,0.04103300000002376
2025-10-20,AUD,12Y,3M BBSW,0.040708000000023906
2025-10-17,AUD,12Y,3M BBSW,0.04088299439097117
2025-10-16,AUD,12Y,3M BBSW,0.04069600000002277
2025-10-15,AUD,12Y,3M BBSW,0.0415899989200685
2025-10-14,AUD,12Y,3M BBSW,0.04185800699570196
2025-10-13,AUD,12Y,3M BBSW,0.04195500000002833
2025-10-10,AUD,12Y,3M BBSW,0.04244700863226893
2025-10-09,AUD,12Y,3M BBSW,0.042692000000027486
2025-10-08,AUD,12Y,3M BBSW,0.04224300000002164
2025-10-07,AUD,12Y,3M BBSW,0.042485278192199806
2025-10-03,AUD,12Y,3M BBSW,0.04217420633790887
2025-10-02,AUD,12Y,3M BBSW,0.042203996897441275
2025-10-01,AUD,12Y,3M BBSW,0.042429628821120405
2025-09-30,AUD,12Y,3M BBSW,0.04255219170946761
2025-09-29,AUD,12Y,3M BBSW,0.042121691529488976
2025-09-26,AUD,12Y,3M BBSW,0.04248450164236302
2025-09-25,AUD,12Y,3M BBSW,0.0426815504711777
2025-09-24,AUD,12Y,3M BBSW,0.04232584322094031
2025-09-23,AUD,12Y,3M BBSW,0.041455603283091155
2025-09-22,AUD,12Y,3M BBSW,0.041748279592506356
2025-09-19,AUD,12Y,3M BBSW,0.04146920986388567
2025-09-18,AUD,12Y,3M BBSW,0.04133255552890609
2025-09-17,AUD,12Y,3M BBSW,0.041292681545863574
2025-09-16,AUD,12Y,3M BBSW,0.04106273359546842
2025-09-15,AUD,12Y,3M BBSW,0.0411334120763763
2025-09-12,AUD,12Y,3M BBSW,0.041120684400027946
2025-09-11,AUD,12Y,3M BBSW,0.04074202603948425
2025-09-10,AUD,12Y,3M BBSW,0.041068308189464414
2025-09-09,AUD,12Y,3M BBSW,0.04166369468330313
2025-09-08,AUD,12Y,3M BBSW,0.041102919510270924
2025-09-05,AUD,12Y,3M BBSW,0.04159921915545918
2025-09-04,AUD,12Y,3M BBSW,0.04184955109146191
2025-09-03,AUD,12Y,3M BBSW,0.04216518533154622
2025-09-02,AUD,12Y,3M BBSW,0.042210894327230644
2025-09-01,AUD,12Y,3M BBSW,0.04205358718903203
2025-08-29,AUD,12Y,3M BBSW,0.04141126611046882
2025-08-28,AUD,12Y,3M BBSW,0.04128208478073461
2025-08-27,AUD,12Y,3M BBSW,0.04162824517835582
2025-08-26,AUD,12Y,3M BBSW,0.04172124730099738
2025-08-25,AUD,12Y,3M BBSW,0.04163295949866044
2025-08-22,AUD,12Y,3M BBSW,0.041619191641621985
2025-08-21,AUD,12Y,3M BBSW,0.041732337249745316
2025-08-20,AUD,12Y,3M BBSW,0.041402546445229775
2025-08-19,AUD,12Y,3M BBSW,0.04187380056088183
2025-08-18,AUD,12Y,3M BBSW,0.04178791577413657
2025-08-15,AUD,12Y,3M BBSW,0.04114361983414419
2025-08-14,AUD,12Y,3M BBSW,0.04111613807822955
2025-08-13,AUD,12Y,3M BBSW,0.04072405898361751
2025-08-12,AUD,12Y,3M BBSW,0.04120878868639215
2025-08-11,AUD,12Y,3M BBSW,0.0412486187496162
2025-08-08,AUD,12Y,3M BBSW,0.04124746762918928
2025-08-07,AUD,12Y,3M BBSW,0.04122681015136562
2025-08-06,AUD,12Y,3M BBSW,0.04092401351951749
2025-08-05,AUD,12Y,3M BBSW,0.04107288306410134
2025-08-01,AUD,12Y,3M BBSW,0.04091737266812187
2025-07-31,AUD,12Y,3M BBSW,0.04163880534980945
2025-07-30,AUD,12Y,3M BBSW,0.04156403158449578
2025-07-29,AUD,12Y,3M BBSW,0.04175912265974532
2025-07-28,AUD,12Y,3M BBSW,0.04211527242206965
2025-07-25,AUD,12Y,3M BBSW,0.042083613285124756
2025-07-24,AUD,12Y,3M BBSW,0.04217643723710498
2025-07-23,AUD,12Y,3M BBSW,0.04193432522648481
2025-07-22,AUD,12Y,3M BBSW,0.04159147389291423
2025-07-21,AUD,12Y,3M BBSW,0.04176470841930072
2025-07-18,AUD,12Y,3M BBSW,0.04214467488261133
2025-07-17,AUD,12Y,3M BBSW,0.04198866868825034
2025-07-16,AUD,12Y,3M BBSW,0.04252464009591819
2025-07-15,AUD,12Y,3M BBSW,0.04293683746683243
2025-07-14,AUD,12Y,3M BBSW,0.04229102010558796
2025-07-11,AUD,12Y,3M BBSW,0.04226785210648348
2025-07-10,AUD,12Y,3M BBSW,0.0418978310548413
2025-07-09,AUD,12Y,3M BBSW,0.041589375548495885
2025-07-08,AUD,12Y,3M BBSW,0.041814115405281516
2025-07-07,AUD,12Y,3M BBSW,0.04098864228344379
2025-07-04,AUD,12Y,3M BBSW,0.040668341788841184
2025-07-03,AUD,12Y,3M BBSW,0.04088803225049749
2025-07-02,AUD,12Y,3M BBSW,0.04070416218948468
2025-07-01,AUD,12Y,3M BBSW,0.04024597273046257
2025-06-30,AUD,12Y,3M BBSW,0.04035558148769349
2025-06-27,AUD,12Y,3M BBSW,0.040360817872895714
2025-06-26,AUD,12Y,3M BBSW,0.04005233273125415
2025-06-25,AUD,12Y,3M BBSW,0.04016501557418291
2025-06-24,AUD,12Y,3M BBSW,0.04030460774773743
2025-06-23,AUD,12Y,3M BBSW,0.040774036502370686
2025-06-20,AUD,12Y,3M BBSW,0.04075601580537354
2025-06-19,AUD,12Y,3M BBSW,0.04075509294167898
2025-06-18,AUD,12Y,3M BBSW,0.04118026568376042
2025-06-17,AUD,12Y,3M BBSW,0.041066593521218844
2025-06-16,AUD,12Y,3M BBSW,0.0412164603685526
2025-06-13,AUD,12Y,3M BBSW,0.04111009266230712
2025-06-12,AUD,12Y,3M BBSW,0.04043034391962729
2025-06-11,AUD,12Y,3M BBSW,0.04114621523056685
2025-06-10,AUD,12Y,3M BBSW,0.041573695855587074
2025-06-06,AUD,12Y,3M BBSW,0.042066330189238756
2025-06-05,AUD,12Y,3M BBSW,0.04137855062123099
2025-06-04,AUD,12Y,3M BBSW,0.04080190467823232
2025-06-03,AUD,12Y,3M BBSW,0.04126341985306758
2025-06-02,AUD,12Y,3M BBSW,0.04169723176059516
2025-05-30,AUD,12Y,3M BBSW,0.0412098480352744
2025-05-29,AUD,12Y,3M BBSW,0.04159990475578448
2025-05-28,AUD,12Y,3M BBSW,0.04232232671743623
2025-05-27,AUD,12Y,3M BBSW,0.04122332116698321
2025-05-26,AUD,12Y,3M BBSW,0.041818841301477214
2025-05-23,AUD,12Y,3M BBSW,0.042226740040943726
2025-05-22,AUD,12Y,3M BBSW,0.04259271954872064
2025-05-21,AUD,12Y,3M BBSW,0.04359952412869328
2025-05-20,AUD,12Y,3M BBSW,0.04241315844344507
2025-05-19,AUD,12Y,3M BBSW,0.043006185025183205
2025-05-16,AUD,12Y,3M BBSW,0.04321290708961881
2025-05-15,AUD,12Y,3M BBSW,0.0429064403317166
2025-05-14,AUD,12Y,3M BBSW,0.04379475691131641
2025-05-13,AUD,12Y,3M BBSW,0.043018588503056156
2025-05-12,AUD,12Y,3M BBSW,0.04252340928505159
2025-05-09,AUD,12Y,3M BBSW,0.041267688510804854
2025-05-08,AUD,12Y,3M BBSW,0.04129653483259328
2025-05-07,AUD,12Y,3M BBSW,0.040681752764831505
2025-05-06,AUD,12Y,3M BBSW,0.0415748894592861
2025-05-05,AUD,12Y,3M BBSW,0.04136700117865612
2025-05-02,AUD,12Y,3M BBSW,0.04120117967801524
2025-05-01,AUD,12Y,3M BBSW,0.0406718757366694
2025-04-30,AUD,12Y,3M BBSW,0.040292462560194385
2025-04-29,AUD,12Y,3M BBSW,0.04042510508180862
2025-04-28,AUD,12Y,3M BBSW,0.04053860948919437
2025-04-24,AUD,12Y,3M BBSW,0.04101904924199065
2025-04-23,AUD,12Y,3M BBSW,0.041588353126804575
2025-04-22,AUD,12Y,3M BBSW,0.041143260635629855
2025-04-17,AUD,12Y,3M BBSW,0.04116626899292599
2025-04-16,AUD,12Y,3M BBSW,0.04149869933459903
2025-04-15,AUD,12Y,3M BBSW,0.04214269386258676
2025-04-14,AUD,12Y,3M BBSW,0.042341174376961194
2025-04-11,AUD,12Y,3M BBSW,0.043443979607421995
2025-04-10,AUD,12Y,3M BBSW,0.042626185149725264
2025-04-09,AUD,12Y,3M BBSW,0.04161738704818445
2025-04-08,AUD,12Y,3M BBSW,0.041315599454021024
2025-04-07,AUD,12Y,3M BBSW,0.04174008315258668
2025-04-04,AUD,12Y,3M BBSW,0.040222998996497436
2025-03-28,AUD,12Y,3M BBSW,0.04271334147461671
2025-03-27,AUD,12Y,3M BBSW,0.043189024762843885
2025-03-26,AUD,12Y,3M BBSW,0.04330577064414265
2025-03-25,AUD,12Y,3M BBSW,0.04313333279925414
2025-03-24,AUD,12Y,3M BBSW,0.042873804552334374
2025-03-21,AUD,12Y,3M BBSW,0.042616297548861606
2025-03-20,AUD,12Y,3M BBSW,0.042689788291747764
2025-03-19,AUD,12Y,3M BBSW,0.0426876570857637
2025-03-18,AUD,12Y,3M BBSW,0.0430195976041766
2025-03-17,AUD,12Y,3M BBSW,0.04288201718058464
2025-03-14,AUD,12Y,3M BBSW,0.04308161755470094
2025-03-13,AUD,12Y,3M BBSW,0.042789585148850964
2025-03-12,AUD,12Y,3M BBSW,0.043297811758918586
2025-03-11,AUD,12Y,3M BBSW,0.04325425041553186
2025-03-10,AUD,12Y,3M BBSW,0.042704119590880774
2025-03-07,AUD,12Y,3M BBSW,0.04317143701014653
2025-03-06,AUD,12Y,3M BBSW,0.0434153314440102
2025-03-05,AUD,12Y,3M BBSW,0.043734551952637306
2025-03-04,AUD,12Y,3M BBSW,0.04285085984301301
2025-03-03,AUD,12Y,3M BBSW,0.04196802186355406
2025-02-28,AUD,12Y,3M BBSW,0.042458626181968724
2025-02-27,AUD,12Y,3M BBSW,0.04259752237127502
2025-02-26,AUD,12Y,3M BBSW,0.04274494943171411
2025-02-25,AUD,12Y,3M BBSW,0.043117990113847246
2025-02-24,AUD,12Y,3M BBSW,0.04361735746981224
2025-02-21,AUD,12Y,3M BBSW,0.04423161974323693
2025-02-20,AUD,12Y,3M BBSW,0.04471330669456122
2025-02-19,AUD,12Y,3M BBSW,0.04461169641462019
2025-02-18,AUD,12Y,3M BBSW,0.04476973150076033
2025-02-17,AUD,12Y,3M BBSW,0.043912847793341835
2025-02-14,AUD,12Y,3M BBSW,0.04364251009265949
2025-02-13,AUD,12Y,3M BBSW,0.04369083730954974
2025-02-12,AUD,12Y,3M BBSW,0.04472948798298296
2025-02-11,AUD,12Y,3M BBSW,0.0438951825790517
2025-02-10,AUD,12Y,3M BBSW,0.04317577485826738
2025-02-07,AUD,12Y,3M BBSW,0.043320118106949884
2025-02-06,AUD,12Y,3M BBSW,0.042756896647075965
2025-02-05,AUD,12Y,3M BBSW,0.03656301350718734
2025-02-04,AUD,12Y,3M BBSW,0.0381067093913391
2025-02-03,AUD,12Y,3M BBSW,0.03829574542976757
2025-01-31,AUD,12Y,3M BBSW,0.03723201843435994
2025-01-30,AUD,12Y,3M BBSW,0.03750583946008512
2025-01-29,AUD,12Y,3M BBSW,0.037558499479062764
2025-01-28,AUD,12Y,3M BBSW,0.03816527287732093
2025-01-24,AUD,12Y,3M BBSW,0.03847685241018652
2025-01-23,AUD,12Y,3M BBSW,0.03941621391655219
2025-01-22,AUD,12Y,3M BBSW,0.03894712945650397
2025-01-21,AUD,12Y,3M BBSW,0.03886281281687974
2025-01-20,AUD,12Y,3M BBSW,0.03859921170158888
2025-01-17,AUD,12Y,3M BBSW,0.039503286270980376
2025-11-03,AUD,15Y,3M BBSW,0.04428800000001103
2025-10-31,AUD,15Y,3M BBSW,0.043946000000009186
2025-10-30,AUD,15Y,3M BBSW,0.04381400000001119
2025-10-29,AUD,15Y,3M BBSW,0.04407800000001043
2025-10-28,AUD,15Y,3M BBSW,0.04274200000001058
2025-10-27,AUD,15Y,3M BBSW,0.04280000000001192
2025-10-24,AUD,15Y,3M BBSW,0.04239201042185865
2025-10-23,AUD,15Y,3M BBSW,0.04254700000000925
2025-10-22,AUD,15Y,3M BBSW,0.042067000000010936
2025-10-21,AUD,15Y,3M BBSW,0.042227000000010145
2025-10-20,AUD,15Y,3M BBSW,0.041921000000011296
2025-10-17,AUD,15Y,3M BBSW,0.042107004144116666
2025-10-16,AUD,15Y,3M BBSW,0.041909000000010105
2025-10-15,AUD,15Y,3M BBSW,0.04278001431569871
2025-10-14,AUD,15Y,3M BBSW,0.043047010972050194
2025-10-13,AUD,15Y,3M BBSW,0.04314200000001176
2025-10-10,AUD,15Y,3M BBSW,0.04363601619689593
2025-10-09,AUD,15Y,3M BBSW,0.043893000000011534
2025-10-08,AUD,15Y,3M BBSW,0.04344300000001107
2025-10-07,AUD,15Y,3M BBSW,0.0436949568893715
2025-10-03,AUD,15Y,3M BBSW,0.04339850025238341
2025-10-02,AUD,15Y,3M BBSW,0.043400274746822134
2025-10-01,AUD,15Y,3M BBSW,0.043630906892080226
2025-09-30,AUD,15Y,3M BBSW,0.04374557294673608
2025-09-29,AUD,15Y,3M BBSW,0.04332469969706139
2025-09-26,AUD,15Y,3M BBSW,0.043679964222534146
2025-09-25,AUD,15Y,3M BBSW,0.04391121976544967
2025-09-24,AUD,15Y,3M BBSW,0.04356771803816304
2025-09-23,AUD,15Y,3M BBSW,0.0427096244136213
2025-09-22,AUD,15Y,3M BBSW,0.04302187955105456
2025-09-19,AUD,15Y,3M BBSW,0.04276602654453868
2025-09-18,AUD,15Y,3M BBSW,0.04258421821000698
2025-09-17,AUD,15Y,3M BBSW,0.0425146468203669
2025-09-16,AUD,15Y,3M BBSW,0.042290771371489566
2025-09-15,AUD,15Y,3M BBSW,0.04236226118514014
2025-09-12,AUD,15Y,3M BBSW,0.04231637954246985
2025-09-11,AUD,15Y,3M BBSW,0.04194739725989634
2025-09-10,AUD,15Y,3M BBSW,0.04232679981293372
2025-09-09,AUD,15Y,3M BBSW,0.04294023986497186
2025-09-08,AUD,15Y,3M BBSW,0.042366271856718235
2025-09-05,AUD,15Y,3M BBSW,0.04290154693979677
2025-09-04,AUD,15Y,3M BBSW,0.04315431603520507
2025-09-03,AUD,15Y,3M BBSW,0.04348416177260016
2025-09-02,AUD,15Y,3M BBSW,0.04357317986552185
2025-09-01,AUD,15Y,3M BBSW,0.04338672078456287
2025-08-29,AUD,15Y,3M BBSW,0.04274608435857994
2025-08-28,AUD,15Y,3M BBSW,0.04258037736507983
2025-08-27,AUD,15Y,3M BBSW,0.04296152216380613
2025-08-26,AUD,15Y,3M BBSW,0.0430621807221322
2025-08-25,AUD,15Y,3M BBSW,0.04296787277750673
2025-08-22,AUD,15Y,3M BBSW,0.04295386450415961
2025-08-21,AUD,15Y,3M BBSW,0.04307520397422506
2025-08-20,AUD,15Y,3M BBSW,0.04273864902878949
2025-08-19,AUD,15Y,3M BBSW,0.043204015805483185
2025-08-18,AUD,15Y,3M BBSW,0.0431449560923428
2025-08-15,AUD,15Y,3M BBSW,0.042454042958908235
2025-08-14,AUD,15Y,3M BBSW,0.04242311222984009
2025-08-13,AUD,15Y,3M BBSW,0.04199875543174032
2025-08-12,AUD,15Y,3M BBSW,0.04247560351571249
2025-08-11,AUD,15Y,3M BBSW,0.04248723943402226
2025-08-08,AUD,15Y,3M BBSW,0.04252155295185629
2025-08-07,AUD,15Y,3M BBSW,0.04249931676780809
2025-08-06,AUD,15Y,3M BBSW,0.0421645035580207
2025-08-05,AUD,15Y,3M BBSW,0.04234636469048914
2025-08-01,AUD,15Y,3M BBSW,0.04219611489332614
2025-07-31,AUD,15Y,3M BBSW,0.04286390334963722
2025-07-30,AUD,15Y,3M BBSW,0.04278988873308261
2025-07-29,AUD,15Y,3M BBSW,0.04298726387265177
2025-07-28,AUD,15Y,3M BBSW,0.043338150658344364
2025-07-25,AUD,15Y,3M BBSW,0.04334650424868411
2025-07-24,AUD,15Y,3M BBSW,0.04344916614396603
2025-07-23,AUD,15Y,3M BBSW,0.043219986105077685
2025-07-22,AUD,15Y,3M BBSW,0.04287260582079916
2025-07-21,AUD,15Y,3M BBSW,0.04305359320872122
2025-07-18,AUD,15Y,3M BBSW,0.043474609235817294
2025-07-17,AUD,15Y,3M BBSW,0.04331853559365979
2025-07-16,AUD,15Y,3M BBSW,0.04380766373828551
2025-07-15,AUD,15Y,3M BBSW,0.04423122156043176
2025-07-14,AUD,15Y,3M BBSW,0.04356196315707801
2025-07-11,AUD,15Y,3M BBSW,0.04353029191473852
2025-07-10,AUD,15Y,3M BBSW,0.043142175042237677
2025-07-09,AUD,15Y,3M BBSW,0.0428228024285196
2025-07-08,AUD,15Y,3M BBSW,0.04304329714498802
2025-07-07,AUD,15Y,3M BBSW,0.0422279361731408
2025-07-04,AUD,15Y,3M BBSW,0.04192812105776736
2025-07-03,AUD,15Y,3M BBSW,0.042137171956468274
2025-07-02,AUD,15Y,3M BBSW,0.041961353621873455
2025-07-01,AUD,15Y,3M BBSW,0.04146766960065587
2025-06-30,AUD,15Y,3M BBSW,0.041573040414103264
2025-06-27,AUD,15Y,3M BBSW,0.041570529024883215
2025-06-26,AUD,15Y,3M BBSW,0.04125674190183756
2025-06-25,AUD,15Y,3M BBSW,0.041376367242764216
2025-06-24,AUD,15Y,3M BBSW,0.0414862295343049
2025-06-23,AUD,15Y,3M BBSW,0.04194986326043876
2025-06-20,AUD,15Y,3M BBSW,0.04193900097811995
2025-06-19,AUD,15Y,3M BBSW,0.041912734732135366
2025-06-18,AUD,15Y,3M BBSW,0.04235315126692622
2025-06-17,AUD,15Y,3M BBSW,0.04226252584472684
2025-06-16,AUD,15Y,3M BBSW,0.0424002980124777
2025-06-13,AUD,15Y,3M BBSW,0.04232180524736365
2025-06-12,AUD,15Y,3M BBSW,0.041545145291622815
2025-06-11,AUD,15Y,3M BBSW,0.04233983436663433
2025-06-10,AUD,15Y,3M BBSW,0.04276221204425622
2025-06-06,AUD,15Y,3M BBSW,0.043311911123424036
2025-06-05,AUD,15Y,3M BBSW,0.0425891287415731
2025-06-04,AUD,15Y,3M BBSW,0.042036642466416675
2025-06-03,AUD,15Y,3M BBSW,0.042509243976757885
2025-06-02,AUD,15Y,3M BBSW,0.042957932514986225
2025-05-30,AUD,15Y,3M BBSW,0.04244575721977526
2025-05-29,AUD,15Y,3M BBSW,0.042836629847650354
2025-05-28,AUD,15Y,3M BBSW,0.04353910471797219
2025-05-27,AUD,15Y,3M BBSW,0.04241805622883756
2025-05-26,AUD,15Y,3M BBSW,0.04304312934634444
2025-05-23,AUD,15Y,3M BBSW,0.043483380256705485
2025-05-22,AUD,15Y,3M BBSW,0.0438435227063597
2025-05-21,AUD,15Y,3M BBSW,0.04487138515439468
2025-05-20,AUD,15Y,3M BBSW,0.043618041741361656
2025-05-19,AUD,15Y,3M BBSW,0.04413069175974695
2025-05-16,AUD,15Y,3M BBSW,0.04434437984700046
2025-05-15,AUD,15Y,3M BBSW,0.04401961286150866
2025-05-14,AUD,15Y,3M BBSW,0.044919820532883306
2025-05-13,AUD,15Y,3M BBSW,0.04409880705390244
2025-05-12,AUD,15Y,3M BBSW,0.043587364002464636
2025-05-09,AUD,15Y,3M BBSW,0.04239080000690114
2025-05-08,AUD,15Y,3M BBSW,0.042398968497156686
2025-05-07,AUD,15Y,3M BBSW,0.041806996230982475
2025-05-06,AUD,15Y,3M BBSW,0.042720153173174256
2025-05-05,AUD,15Y,3M BBSW,0.0424780222967609
2025-05-02,AUD,15Y,3M BBSW,0.04233406642614261
2025-05-01,AUD,15Y,3M BBSW,0.04179598969282035
2025-04-30,AUD,15Y,3M BBSW,0.04139338431376208
2025-04-29,AUD,15Y,3M BBSW,0.04152255596573938
2025-04-28,AUD,15Y,3M BBSW,0.0416342807906909
2025-04-24,AUD,15Y,3M BBSW,0.04210519894358958
2025-04-23,AUD,15Y,3M BBSW,0.04267811653330817
2025-04-22,AUD,15Y,3M BBSW,0.04225269580117197
2025-04-17,AUD,15Y,3M BBSW,0.04228247271716748
2025-04-16,AUD,15Y,3M BBSW,0.04264486337618848
2025-04-15,AUD,15Y,3M BBSW,0.043315474410181014
2025-04-14,AUD,15Y,3M BBSW,0.043512497703537184
2025-04-11,AUD,15Y,3M BBSW,0.04466990293042164
2025-04-10,AUD,15Y,3M BBSW,0.04379542199944273
2025-04-09,AUD,15Y,3M BBSW,0.04277106206101561
2025-04-08,AUD,15Y,3M BBSW,0.04244864471395707
2025-04-07,AUD,15Y,3M BBSW,0.04275745467845062
2025-04-04,AUD,15Y,3M BBSW,0.04126722849763133
2025-03-28,AUD,15Y,3M BBSW,0.04370051063831079
2025-03-27,AUD,15Y,3M BBSW,0.044157994659805466
2025-03-26,AUD,15Y,3M BBSW,0.04426989785940072
2025-03-25,AUD,15Y,3M BBSW,0.0440781579487583
2025-03-24,AUD,15Y,3M BBSW,0.043814540083610874
2025-03-21,AUD,15Y,3M BBSW,0.04355571338026748
2025-03-20,AUD,15Y,3M BBSW,0.043604248613382184
2025-03-19,AUD,15Y,3M BBSW,0.043600889434501404
2025-03-18,AUD,15Y,3M BBSW,0.04392990248216951
2025-03-17,AUD,15Y,3M BBSW,0.043798028619104354
2025-03-14,AUD,15Y,3M BBSW,0.04400533528487924
2025-03-13,AUD,15Y,3M BBSW,0.04371707187087958
2025-03-12,AUD,15Y,3M BBSW,0.04423699408772335
2025-03-11,AUD,15Y,3M BBSW,0.04419946037911743
2025-03-10,AUD,15Y,3M BBSW,0.04362115210161911
2025-03-07,AUD,15Y,3M BBSW,0.044101180371215534
2025-03-06,AUD,15Y,3M BBSW,0.044330919085572705
2025-03-05,AUD,15Y,3M BBSW,0.044661858001229134
2025-03-04,AUD,15Y,3M BBSW,0.04374914315238834
2025-03-03,AUD,15Y,3M BBSW,0.042825315438706484
2025-02-28,AUD,15Y,3M BBSW,0.043311477662319964
2025-02-27,AUD,15Y,3M BBSW,0.04344973835683623
2025-02-26,AUD,15Y,3M BBSW,0.043579739660021766
2025-02-25,AUD,15Y,3M BBSW,0.043984461496461805
2025-02-24,AUD,15Y,3M BBSW,0.04449580452043588
2025-02-21,AUD,15Y,3M BBSW,0.04514720589875837
2025-02-20,AUD,15Y,3M BBSW,0.04561398559828743
2025-02-19,AUD,15Y,3M BBSW,0.04546914004586123
2025-02-18,AUD,15Y,3M BBSW,0.04560991435520655
2025-02-17,AUD,15Y,3M BBSW,0.04477815473757522
2025-02-14,AUD,15Y,3M BBSW,0.04449288631701494
2025-02-13,AUD,15Y,3M BBSW,0.04457144805481919
2025-02-12,AUD,15Y,3M BBSW,0.04562483743523662
2025-02-11,AUD,15Y,3M BBSW,0.044771425694785386
2025-02-10,AUD,15Y,3M BBSW,0.04405911866260694
2025-02-07,AUD,15Y,3M BBSW,0.044179783708474474
2025-02-06,AUD,15Y,3M BBSW,0.043618796910671886
2025-02-05,AUD,15Y,3M BBSW,0.03654275757406805
2025-02-04,AUD,15Y,3M BBSW,0.038129193303770126
2025-02-03,AUD,15Y,3M BBSW,0.03833047198531037
2025-01-31,AUD,15Y,3M BBSW,0.03721276198135002
2025-01-30,AUD,15Y,3M BBSW,0.03749693876169006
2025-01-29,AUD,15Y,3M BBSW,0.0375521570160319
2025-01-28,AUD,15Y,3M BBSW,0.03816036361201134
2025-01-24,AUD,15Y,3M BBSW,0.03846636356773924
2025-01-23,AUD,15Y,3M BBSW,0.03945507624812547
2025-01-22,AUD,15Y,3M BBSW,0.03894388917608027
2025-01-21,AUD,15Y,3M BBSW,0.03886500770498933
2025-01-20,AUD,15Y,3M BBSW,0.03859185897483175
2025-01-17,AUD,15Y,3M BBSW,0.03951227911601771
2025-11-03,AUD,20Y,3M BBSW,0.04514100000006213
2025-10-31,AUD,20Y,3M BBSW,0.04479700000005942
2025-10-30,AUD,20Y,3M BBSW,0.04468000000005605
2025-10-29,AUD,20Y,3M BBSW,0.04495700000005946
2025-10-28,AUD,20Y,3M BBSW,0.04367100000005482
2025-10-27,AUD,20Y,3M BBSW,0.043730000000053504
2025-10-24,AUD,20Y,3M BBSW,0.043357022248813396
2025-10-23,AUD,20Y,3M BBSW,0.04351100000005226
2025-10-22,AUD,20Y,3M BBSW,0.04302800000004951
2025-10-21,AUD,20Y,3M BBSW,0.04318000000005175
2025-10-20,AUD,20Y,3M BBSW,0.04288400000004762
2025-10-17,AUD,20Y,3M BBSW,0.043137020612142224
2025-10-16,AUD,20Y,3M BBSW,0.04292100000004803
2025-10-15,AUD,20Y,3M BBSW,0.04373338661584855
2025-10-14,AUD,20Y,3M BBSW,0.04398636796890389
2025-10-13,AUD,20Y,3M BBSW,0.044070000000060026
2025-10-10,AUD,20Y,3M BBSW,0.044575029474002915
2025-10-09,AUD,20Y,3M BBSW,0.044859000000061384
2025-10-08,AUD,20Y,3M BBSW,0.044422000000059365
2025-10-07,AUD,20Y,3M BBSW,0.0446350512337169
2025-10-03,AUD,20Y,3M BBSW,0.04430642678718132
2025-10-02,AUD,20Y,3M BBSW,0.04430963619589019
2025-10-01,AUD,20Y,3M BBSW,0.04451832360601368
2025-09-30,AUD,20Y,3M BBSW,0.04461430513772098
2025-09-29,AUD,20Y,3M BBSW,0.044194210498635506
2025-09-26,AUD,20Y,3M BBSW,0.04454021999698476
2025-09-25,AUD,20Y,3M BBSW,0.04486014668198008
2025-09-24,AUD,20Y,3M BBSW,0.04451929349641281
2025-09-23,AUD,20Y,3M BBSW,0.04369469693424421
2025-09-22,AUD,20Y,3M BBSW,0.04401904919791371
2025-09-19,AUD,20Y,3M BBSW,0.04374940840822954
2025-09-18,AUD,20Y,3M BBSW,0.043547958820254994
2025-09-17,AUD,20Y,3M BBSW,0.043475695772825035
2025-09-16,AUD,20Y,3M BBSW,0.04323180452422692
2025-09-15,AUD,20Y,3M BBSW,0.04329347573427376
2025-09-12,AUD,20Y,3M BBSW,0.043206985804899366
2025-09-11,AUD,20Y,3M BBSW,0.04285421588558612
2025-09-10,AUD,20Y,3M BBSW,0.0432788668292772
2025-09-09,AUD,20Y,3M BBSW,0.04392479064801713
2025-09-08,AUD,20Y,3M BBSW,0.04336064687281234
2025-09-05,AUD,20Y,3M BBSW,0.043927045097546656
2025-09-04,AUD,20Y,3M BBSW,0.04423640185286011
2025-09-03,AUD,20Y,3M BBSW,0.044531996349155126
2025-09-02,AUD,20Y,3M BBSW,0.044684937855462126
2025-09-01,AUD,20Y,3M BBSW,0.04448484094253257
2025-08-29,AUD,20Y,3M BBSW,0.04378264505619444
2025-08-28,AUD,20Y,3M BBSW,0.043654771506938216
2025-08-27,AUD,20Y,3M BBSW,0.04403050549055473
2025-08-26,AUD,20Y,3M BBSW,0.04414924923914383
2025-08-25,AUD,20Y,3M BBSW,0.04407611343003122
2025-08-22,AUD,20Y,3M BBSW,0.044043214760367884
2025-08-21,AUD,20Y,3M BBSW,0.04417260666364101
2025-08-20,AUD,20Y,3M BBSW,0.043835581655947725
2025-08-19,AUD,20Y,3M BBSW,0.04431312713889897
2025-08-18,AUD,20Y,3M BBSW,0.044312089394496074
2025-08-15,AUD,20Y,3M BBSW,0.043549148280486574
2025-08-14,AUD,20Y,3M BBSW,0.04347045566235076
2025-08-13,AUD,20Y,3M BBSW,0.04302274592114588
2025-08-12,AUD,20Y,3M BBSW,0.04348766311959969
2025-08-11,AUD,20Y,3M BBSW,0.04351213752969002
2025-08-08,AUD,20Y,3M BBSW,0.04354950965187431
2025-08-07,AUD,20Y,3M BBSW,0.043521067322712936
2025-08-06,AUD,20Y,3M BBSW,0.04315156863159013
2025-08-05,AUD,20Y,3M BBSW,0.04339528308194342
2025-08-01,AUD,20Y,3M BBSW,0.04319740747252582
2025-07-31,AUD,20Y,3M BBSW,0.04382793589124469
2025-07-30,AUD,20Y,3M BBSW,0.04375247259158073
2025-07-29,AUD,20Y,3M BBSW,0.04395984655292169
2025-07-28,AUD,20Y,3M BBSW,0.0443399542439121
2025-07-25,AUD,20Y,3M BBSW,0.044353871169935936
2025-07-24,AUD,20Y,3M BBSW,0.04449003569275522
2025-07-23,AUD,20Y,3M BBSW,0.04426045864853554
2025-07-22,AUD,20Y,3M BBSW,0.04390903834688313
2025-07-21,AUD,20Y,3M BBSW,0.044126275333227154
2025-07-18,AUD,20Y,3M BBSW,0.044546063098296756
2025-07-17,AUD,20Y,3M BBSW,0.04437644587471744
2025-07-16,AUD,20Y,3M BBSW,0.04485396053387767
2025-07-15,AUD,20Y,3M BBSW,0.04525849559975373
2025-07-14,AUD,20Y,3M BBSW,0.044565000627387844
2025-07-11,AUD,20Y,3M BBSW,0.044484599269187436
2025-07-10,AUD,20Y,3M BBSW,0.04407180659020536
2025-07-09,AUD,20Y,3M BBSW,0.043746787789054525
2025-07-08,AUD,20Y,3M BBSW,0.04397038381042741
2025-07-07,AUD,20Y,3M BBSW,0.04319075580028064
2025-07-04,AUD,20Y,3M BBSW,0.042877982272386025
2025-07-03,AUD,20Y,3M BBSW,0.043063837962441995
2025-07-02,AUD,20Y,3M BBSW,0.042885491104958595
2025-07-01,AUD,20Y,3M BBSW,0.04231409172017174
2025-06-30,AUD,20Y,3M BBSW,0.04246744452182154
2025-06-27,AUD,20Y,3M BBSW,0.042470732224291735
2025-06-26,AUD,20Y,3M BBSW,0.04212740294533635
2025-06-25,AUD,20Y,3M BBSW,0.04222745148098789
2025-06-24,AUD,20Y,3M BBSW,0.0423382463972617
2025-06-23,AUD,20Y,3M BBSW,0.042810152911783556
2025-06-20,AUD,20Y,3M BBSW,0.042784432756899624
2025-06-19,AUD,20Y,3M BBSW,0.04275548209806268
2025-06-18,AUD,20Y,3M BBSW,0.043230210575844336
2025-06-17,AUD,20Y,3M BBSW,0.043149627492685715
2025-06-16,AUD,20Y,3M BBSW,0.043326273049973094
2025-06-13,AUD,20Y,3M BBSW,0.04323729352913188
2025-06-12,AUD,20Y,3M BBSW,0.042451481162878196
2025-06-11,AUD,20Y,3M BBSW,0.043215106726016715
2025-06-10,AUD,20Y,3M BBSW,0.04363225779611085
2025-06-06,AUD,20Y,3M BBSW,0.04416481793578923
2025-06-05,AUD,20Y,3M BBSW,0.0434581247901646
2025-06-04,AUD,20Y,3M BBSW,0.042935035168635484
2025-06-03,AUD,20Y,3M BBSW,0.043456226834575486
2025-06-02,AUD,20Y,3M BBSW,0.043922178609379074
2025-05-30,AUD,20Y,3M BBSW,0.04335174367524344
2025-05-29,AUD,20Y,3M BBSW,0.04375336507429235
2025-05-28,AUD,20Y,3M BBSW,0.044439106678850177
2025-05-27,AUD,20Y,3M BBSW,0.04328110770249694
2025-05-26,AUD,20Y,3M BBSW,0.04398138301233982
2025-05-23,AUD,20Y,3M BBSW,0.044406619272792
2025-05-22,AUD,20Y,3M BBSW,0.044733335246650005
2025-05-21,AUD,20Y,3M BBSW,0.045794550369989334
2025-05-20,AUD,20Y,3M BBSW,0.044457381179011775
2025-05-19,AUD,20Y,3M BBSW,0.04486015559399231
2025-05-16,AUD,20Y,3M BBSW,0.045026769538139125
2025-05-15,AUD,20Y,3M BBSW,0.044739107805146394
2025-05-14,AUD,20Y,3M BBSW,0.045646745974022525
2025-05-13,AUD,20Y,3M BBSW,0.044780899962694895
2025-05-12,AUD,20Y,3M BBSW,0.044243092682177396
2025-05-09,AUD,20Y,3M BBSW,0.043093020283608195
2025-05-08,AUD,20Y,3M BBSW,0.04310726622616334
2025-05-07,AUD,20Y,3M BBSW,0.042567444038217855
2025-05-06,AUD,20Y,3M BBSW,0.04347485117376333
2025-05-05,AUD,20Y,3M BBSW,0.04324884220988946
2025-05-02,AUD,20Y,3M BBSW,0.04304912914049357
2025-05-01,AUD,20Y,3M BBSW,0.04256694686810878
2025-04-30,AUD,20Y,3M BBSW,0.042126568655625224
2025-04-29,AUD,20Y,3M BBSW,0.04223773870991546
2025-04-28,AUD,20Y,3M BBSW,0.042349184764247295
2025-04-24,AUD,20Y,3M BBSW,0.04278773580248961
2025-04-23,AUD,20Y,3M BBSW,0.043414646984753974
2025-04-22,AUD,20Y,3M BBSW,0.04300401706647222
2025-04-17,AUD,20Y,3M BBSW,0.04303661588593771
2025-04-16,AUD,20Y,3M BBSW,0.04339742694261093
2025-04-15,AUD,20Y,3M BBSW,0.04410997931212121
2025-04-14,AUD,20Y,3M BBSW,0.04430263150079544
2025-04-11,AUD,20Y,3M BBSW,0.045515139055640835
2025-04-10,AUD,20Y,3M BBSW,0.044624805652522095
2025-04-09,AUD,20Y,3M BBSW,0.04353977066522638
2025-04-08,AUD,20Y,3M BBSW,0.04309362572790734
2025-04-07,AUD,20Y,3M BBSW,0.04343513673613117
2025-04-04,AUD,20Y,3M BBSW,0.0419783789784251
2025-03-28,AUD,20Y,3M BBSW,0.04425076618142529
2025-03-27,AUD,20Y,3M BBSW,0.04470544704502315
2025-03-26,AUD,20Y,3M BBSW,0.04477448609161664
2025-03-25,AUD,20Y,3M BBSW,0.0445835197912624
2025-03-24,AUD,20Y,3M BBSW,0.04436831633664966
2025-03-21,AUD,20Y,3M BBSW,0.04404748956542842
2025-03-20,AUD,20Y,3M BBSW,0.04407442508264034
2025-03-19,AUD,20Y,3M BBSW,0.04406845319100593
2025-03-18,AUD,20Y,3M BBSW,0.04442340552030469
2025-03-17,AUD,20Y,3M BBSW,0.04431500841023584
2025-03-14,AUD,20Y,3M BBSW,0.04452620559644951
2025-03-13,AUD,20Y,3M BBSW,0.044200188932402434
2025-03-12,AUD,20Y,3M BBSW,0.04472859992564038
2025-03-11,AUD,20Y,3M BBSW,0.0447168791885405
2025-03-10,AUD,20Y,3M BBSW,0.044127181314250856
2025-03-07,AUD,20Y,3M BBSW,0.04457809050003158
2025-03-06,AUD,20Y,3M BBSW,0.04481503176150792
2025-03-05,AUD,20Y,3M BBSW,0.045159350147866845
2025-03-04,AUD,20Y,3M BBSW,0.04422962012158198
2025-03-03,AUD,20Y,3M BBSW,0.04328031854804855
2025-02-28,AUD,20Y,3M BBSW,0.043754647354563206
2025-02-27,AUD,20Y,3M BBSW,0.043869089407106904
2025-02-26,AUD,20Y,3M BBSW,0.043976128901645664
2025-02-25,AUD,20Y,3M BBSW,0.044434327411792214
2025-02-24,AUD,20Y,3M BBSW,0.04493192914957808
2025-02-21,AUD,20Y,3M BBSW,0.04566292432267964
2025-02-20,AUD,20Y,3M BBSW,0.04603451814707735
2025-02-19,AUD,20Y,3M BBSW,0.04589635754939762
2025-02-18,AUD,20Y,3M BBSW,0.046023018445668945
2025-02-17,AUD,20Y,3M BBSW,0.045172498202137715
2025-02-14,AUD,20Y,3M BBSW,0.04489840991223204
2025-02-13,AUD,20Y,3M BBSW,0.044986972258737455
2025-02-12,AUD,20Y,3M BBSW,0.04604337600797978
2025-02-11,AUD,20Y,3M BBSW,0.045194604809288746
2025-02-10,AUD,20Y,3M BBSW,0.04445065839760781
2025-02-07,AUD,20Y,3M BBSW,0.04452078117761765
2025-02-06,AUD,20Y,3M BBSW,0.04396788728144175
2025-02-05,AUD,20Y,3M BBSW,0.03652299022789898
2025-02-04,AUD,20Y,3M BBSW,0.038151056575566236
2025-02-03,AUD,20Y,3M BBSW,0.03836437932534854
2025-01-31,AUD,20Y,3M BBSW,0.03719398526397036
2025-01-30,AUD,20Y,3M BBSW,0.03748827500220985
2025-01-29,AUD,20Y,3M BBSW,0.03754597025636129
2025-01-28,AUD,20Y,3M BBSW,0.03815555453660282
2025-01-24,AUD,20Y,3M BBSW,0.03845621438377337
2025-01-23,AUD,20Y,3M BBSW,0.039493053159268314
2025-01-22,AUD,20Y,3M BBSW,0.03894072716231392
2025-01-21,AUD,20Y,3M BBSW,0.03886711250597852
2025-01-20,AUD,20Y,3M BBSW,0.038584704917157625
2025-01-17,AUD,20Y,3M BBSW,0.039521167230058676
2025-11-03,AUD,25Y,3M BBSW,0.045113999999984576
2025-10-31,AUD,25Y,3M BBSW,0.0447839999999852
2025-10-30,AUD,25Y,3M BBSW,0.044669999999985846
2025-10-29,AUD,25Y,3M BBSW,0.044981999999984555
2025-10-28,AUD,25Y,3M BBSW,0.04369299999998692
2025-10-27,AUD,25Y,3M BBSW,0.04374599999998706
2025-10-24,AUD,25Y,3M BBSW,0.043393037121809364
2025-10-23,AUD,25Y,3M BBSW,0.043544999999987136
2025-10-22,AUD,25Y,3M BBSW,0.04305600000005867
2025-10-21,AUD,25Y,3M BBSW,0.043214999999987826
2025-10-20,AUD,25Y,3M BBSW,0.04290800000005641
2025-10-17,AUD,25Y,3M BBSW,0.04318402986038726
2025-10-16,AUD,25Y,3M BBSW,0.04294600000005663
2025-10-15,AUD,25Y,3M BBSW,0.04373159186912992
2025-10-14,AUD,25Y,3M BBSW,0.043963007536129466
2025-10-13,AUD,25Y,3M BBSW,0.04404499572383267
2025-10-10,AUD,25Y,3M BBSW,0.0445600403945896
2025-10-09,AUD,25Y,3M BBSW,0.04489399999998439
2025-10-08,AUD,25Y,3M BBSW,0.044418999999985415
2025-10-07,AUD,25Y,3M BBSW,0.04464777263615053
2025-10-03,AUD,25Y,3M BBSW,0.04424918181197998
2025-10-02,AUD,25Y,3M BBSW,0.044228138366320474
2025-10-01,AUD,25Y,3M BBSW,0.044425043032484915
2025-09-30,AUD,25Y,3M BBSW,0.04451879457255212
2025-09-29,AUD,25Y,3M BBSW,0.044126769320214566
2025-09-26,AUD,25Y,3M BBSW,0.04444141684290685
2025-09-25,AUD,25Y,3M BBSW,0.0448139577835589
2025-09-24,AUD,25Y,3M BBSW,0.04447230192481453
2025-09-23,AUD,25Y,3M BBSW,0.043707243207348846
2025-09-22,AUD,25Y,3M BBSW,0.04403558325347182
2025-09-19,AUD,25Y,3M BBSW,0.04376687909288426
2025-09-18,AUD,25Y,3M BBSW,0.043539484185385426
2025-09-17,AUD,25Y,3M BBSW,0.04347018556026863
2025-09-16,AUD,25Y,3M BBSW,0.04320507022888188
2025-09-15,AUD,25Y,3M BBSW,0.04324911230871899
2025-09-12,AUD,25Y,3M BBSW,0.04316056219441129
2025-09-11,AUD,25Y,3M BBSW,0.0428566686120918
2025-09-10,AUD,25Y,3M BBSW,0.043309084693936566
2025-09-09,AUD,25Y,3M BBSW,0.0439998736481887
2025-09-08,AUD,25Y,3M BBSW,0.043464140465951734
2025-09-05,AUD,25Y,3M BBSW,0.0440337291770302
2025-09-04,AUD,25Y,3M BBSW,0.044346661319000794
2025-09-03,AUD,25Y,3M BBSW,0.04466496627443367
2025-09-02,AUD,25Y,3M BBSW,0.044821439968641165
2025-09-01,AUD,25Y,3M BBSW,0.04462209380438325
2025-08-29,AUD,25Y,3M BBSW,0.04393268874757035
2025-08-28,AUD,25Y,3M BBSW,0.043799522297296785
2025-08-27,AUD,25Y,3M BBSW,0.044183342274451205
2025-08-26,AUD,25Y,3M BBSW,0.04429953591473176
2025-08-25,AUD,25Y,3M BBSW,0.044228192361150685
2025-08-22,AUD,25Y,3M BBSW,0.0441953469091483
2025-08-21,AUD,25Y,3M BBSW,0.044319378146551076
2025-08-20,AUD,25Y,3M BBSW,0.04397164905785793
2025-08-19,AUD,25Y,3M BBSW,0.04444766462830672
2025-08-18,AUD,25Y,3M BBSW,0.04444548448355199
2025-08-15,AUD,25Y,3M BBSW,0.043615406961948364
2025-08-14,AUD,25Y,3M BBSW,0.043513479656289024
2025-08-13,AUD,25Y,3M BBSW,0.043038147529473915
2025-08-12,AUD,25Y,3M BBSW,0.04349860119364925
2025-08-11,AUD,25Y,3M BBSW,0.04350811110576365
2025-08-08,AUD,25Y,3M BBSW,0.04353870954634459
2025-08-07,AUD,25Y,3M BBSW,0.04353786005860301
2025-08-06,AUD,25Y,3M BBSW,0.043145739538405795
2025-08-05,AUD,25Y,3M BBSW,0.04342154896167255
2025-08-01,AUD,25Y,3M BBSW,0.04316364699554993
2025-07-31,AUD,25Y,3M BBSW,0.04380321574638534
2025-07-30,AUD,25Y,3M BBSW,0.04371389573504629
2025-07-29,AUD,25Y,3M BBSW,0.04395087654831879
2025-07-28,AUD,25Y,3M BBSW,0.04433073227835696
2025-07-25,AUD,25Y,3M BBSW,0.0443566860264116
2025-07-24,AUD,25Y,3M BBSW,0.04450509531041879
2025-07-23,AUD,25Y,3M BBSW,0.044283623509358216
2025-07-22,AUD,25Y,3M BBSW,0.04394264737015991
2025-07-21,AUD,25Y,3M BBSW,0.04416954916107882
2025-07-18,AUD,25Y,3M BBSW,0.04459531235819911
2025-07-17,AUD,25Y,3M BBSW,0.04444095478671078
2025-07-16,AUD,25Y,3M BBSW,0.04486892751617164
2025-07-15,AUD,25Y,3M BBSW,0.04524740739285446
2025-07-14,AUD,25Y,3M BBSW,0.04450844943201477
2025-07-11,AUD,25Y,3M BBSW,0.04441100545499947
2025-07-10,AUD,25Y,3M BBSW,0.04396698460104771
2025-07-09,AUD,25Y,3M BBSW,0.043638050203937684
2025-07-08,AUD,25Y,3M BBSW,0.043871568420250605
2025-07-07,AUD,25Y,3M BBSW,0.04308187750145375
2025-07-04,AUD,25Y,3M BBSW,0.042772056677523734
2025-07-03,AUD,25Y,3M BBSW,0.042954309664978416
2025-07-02,AUD,25Y,3M BBSW,0.04276621834874519
2025-07-01,AUD,25Y,3M BBSW,0.042175295533674564
2025-06-30,AUD,25Y,3M BBSW,0.04234665408221041
2025-06-27,AUD,25Y,3M BBSW,0.04233722981265122
2025-06-26,AUD,25Y,3M BBSW,0.041991314235770974
2025-06-25,AUD,25Y,3M BBSW,0.04206671539100302
2025-06-24,AUD,25Y,3M BBSW,0.04219182776182919
2025-06-23,AUD,25Y,3M BBSW,0.04265849714314554
2025-06-20,AUD,25Y,3M BBSW,0.04263982031236726
2025-06-19,AUD,25Y,3M BBSW,0.042596446277108416
2025-06-18,AUD,25Y,3M BBSW,0.04307431063915798
2025-06-17,AUD,25Y,3M BBSW,0.04301384690213479
2025-06-16,AUD,25Y,3M BBSW,0.04316563753848804
2025-06-13,AUD,25Y,3M BBSW,0.043073395395796084
2025-06-12,AUD,25Y,3M BBSW,0.042367327217340114
2025-06-11,AUD,25Y,3M BBSW,0.04306016392921672
2025-06-10,AUD,25Y,3M BBSW,0.04350022522308896
2025-06-06,AUD,25Y,3M BBSW,0.044043028047211885
2025-06-05,AUD,25Y,3M BBSW,0.04333583608908374
2025-06-04,AUD,25Y,3M BBSW,0.042836654952461625
2025-06-03,AUD,25Y,3M BBSW,0.04334473157459497
2025-06-02,AUD,25Y,3M BBSW,0.04380449347174395
2025-05-30,AUD,25Y,3M BBSW,0.04322018098409566
2025-05-29,AUD,25Y,3M BBSW,0.04361936973342245
2025-05-28,AUD,25Y,3M BBSW,0.04429447162837243
2025-05-27,AUD,25Y,3M BBSW,0.043144875649391255
2025-05-26,AUD,25Y,3M BBSW,0.04386280566449896
2025-05-23,AUD,25Y,3M BBSW,0.04426625255616482
2025-05-22,AUD,25Y,3M BBSW,0.04459343303795251
2025-05-21,AUD,25Y,3M BBSW,0.04563811638756113
2025-05-20,AUD,25Y,3M BBSW,0.04424679949450841
2025-05-19,AUD,25Y,3M BBSW,0.044591664626588104
2025-05-16,AUD,25Y,3M BBSW,0.04473341051867708
2025-05-15,AUD,25Y,3M BBSW,0.04442841756220844
2025-05-14,AUD,25Y,3M BBSW,0.04532400534535842
2025-05-13,AUD,25Y,3M BBSW,0.04445919350010592
2025-05-12,AUD,25Y,3M BBSW,0.043912387229753644
2025-05-09,AUD,25Y,3M BBSW,0.04281981189033154
2025-05-08,AUD,25Y,3M BBSW,0.04281178852823864
2025-05-07,AUD,25Y,3M BBSW,0.04228902906108198
2025-05-06,AUD,25Y,3M BBSW,0.043214702505885064
2025-05-05,AUD,25Y,3M BBSW,0.04298168489076985
2025-05-02,AUD,25Y,3M BBSW,0.04277702100734944
2025-05-01,AUD,25Y,3M BBSW,0.04229833311597249
2025-04-30,AUD,25Y,3M BBSW,0.0417828069241747
2025-04-29,AUD,25Y,3M BBSW,0.041896816730896534
2025-04-28,AUD,25Y,3M BBSW,0.042002607500715466
2025-04-24,AUD,25Y,3M BBSW,0.04241788555963522
2025-04-23,AUD,25Y,3M BBSW,0.04307035991827688
2025-04-22,AUD,25Y,3M BBSW,0.04269659271236563
2025-04-17,AUD,25Y,3M BBSW,0.0427099468930587
2025-04-16,AUD,25Y,3M BBSW,0.043066873292923205
2025-04-15,AUD,25Y,3M BBSW,0.043780214738899724
2025-04-14,AUD,25Y,3M BBSW,0.04398187902900681
2025-04-11,AUD,25Y,3M BBSW,0.04527963596489397
2025-04-10,AUD,25Y,3M BBSW,0.0443600905651599
2025-04-09,AUD,25Y,3M BBSW,0.043286623470454505
2025-04-08,AUD,25Y,3M BBSW,0.04278685459118253
2025-04-07,AUD,25Y,3M BBSW,0.0432029174118482
2025-04-04,AUD,25Y,3M BBSW,0.041734616128268766
2025-03-28,AUD,25Y,3M BBSW,0.04386664095342207
2025-03-27,AUD,25Y,3M BBSW,0.04432360627210627
2025-03-26,AUD,25Y,3M BBSW,0.04436038980433519
2025-03-25,AUD,25Y,3M BBSW,0.04419568735190915
2025-03-24,AUD,25Y,3M BBSW,0.04395636617546119
2025-03-21,AUD,25Y,3M BBSW,0.04364038210586159
2025-03-20,AUD,25Y,3M BBSW,0.04366945492594433
2025-03-19,AUD,25Y,3M BBSW,0.04364646603080717
2025-03-18,AUD,25Y,3M BBSW,0.04402413257996212
2025-03-17,AUD,25Y,3M BBSW,0.043902410749961804
2025-03-14,AUD,25Y,3M BBSW,0.044049675300589924
2025-03-13,AUD,25Y,3M BBSW,0.0436864840243683
2025-03-12,AUD,25Y,3M BBSW,0.044241876042245123
2025-03-11,AUD,25Y,3M BBSW,0.04425185415761951
2025-03-10,AUD,25Y,3M BBSW,0.04367060413855027
2025-03-07,AUD,25Y,3M BBSW,0.04410844812578762
2025-03-06,AUD,25Y,3M BBSW,0.04435460911962449
2025-03-05,AUD,25Y,3M BBSW,0.044719664529747113
2025-03-04,AUD,25Y,3M BBSW,0.04375012400616656
2025-03-03,AUD,25Y,3M BBSW,0.04275843605481964
2025-02-28,AUD,25Y,3M BBSW,0.04323644643025244
2025-02-27,AUD,25Y,3M BBSW,0.043329490470369464
2025-02-26,AUD,25Y,3M BBSW,0.043440568465549265
2025-02-25,AUD,25Y,3M BBSW,0.04394741755591289
2025-02-24,AUD,25Y,3M BBSW,0.04444409771557558
2025-02-21,AUD,25Y,3M BBSW,0.0452019025938505
2025-02-20,AUD,25Y,3M BBSW,0.04550638929310398
2025-02-19,AUD,25Y,3M BBSW,0.045379685590961734
2025-02-18,AUD,25Y,3M BBSW,0.04551131128871937
2025-02-17,AUD,25Y,3M BBSW,0.04463457533021515
2025-02-14,AUD,25Y,3M BBSW,0.044366497137644095
2025-02-13,AUD,25Y,3M BBSW,0.04446431933029489
2025-02-12,AUD,25Y,3M BBSW,0.04550702767130091
2025-02-11,AUD,25Y,3M BBSW,0.044657170988101486
2025-02-10,AUD,25Y,3M BBSW,0.04389083135484624
2025-02-07,AUD,25Y,3M BBSW,0.04396221203058684
2025-02-06,AUD,25Y,3M BBSW,0.04340455214211096
2025-02-05,AUD,25Y,3M BBSW,0.03651136839127549
2025-02-04,AUD,25Y,3M BBSW,0.03816384638362709
2025-02-03,AUD,25Y,3M BBSW,0.03838425931990361
2025-01-31,AUD,25Y,3M BBSW,0.03718295172302803
2025-01-30,AUD,25Y,3M BBSW,0.03748318077794937
2025-01-29,AUD,25Y,3M BBSW,0.03754233364685517
2025-01-28,AUD,25Y,3M BBSW,0.03815269964916764
2025-01-24,AUD,25Y,3M BBSW,0.03845023205020059
2025-01-23,AUD,25Y,3M BBSW,0.039515375780450744
2025-01-22,AUD,25Y,3M BBSW,0.03893886836246628
2025-01-21,AUD,25Y,3M BBSW,0.0388683119604838
2025-01-20,AUD,25Y,3M BBSW,0.038580490683196016
2025-01-17,AUD,25Y,3M BBSW,0.03952636202508795
2025-11-03,AUD,30Y,3M BBSW,0.04479399999997172
2025-10-31,AUD,30Y,3M BBSW,0.04446299999997265
2025-10-30,AUD,30Y,3M BBSW,0.04434899999997371
2025-10-29,AUD,30Y,3M BBSW,0.044671999999971776
2025-10-28,AUD,30Y,3M BBSW,0.043361999999974754
2025-10-27,AUD,30Y,3M BBSW,0.04342599999997519
2025-10-24,AUD,30Y,3M BBSW,0.04307203737592492
2025-10-23,AUD,30Y,3M BBSW,0.043222999999975274
2025-10-22,AUD,30Y,3M BBSW,0.042731999999977406
2025-10-21,AUD,30Y,3M BBSW,0.04288499999997611
2025-10-20,AUD,30Y,3M BBSW,0.042587999999978275
2025-10-17,AUD,30Y,3M BBSW,0.04287203369820725
2025-10-16,AUD,30Y,3M BBSW,0.042626999999978044
2025-10-15,AUD,30Y,3M BBSW,0.043386021815736864
2025-10-14,AUD,30Y,3M BBSW,0.04359101025041001
2025-10-13,AUD,30Y,3M BBSW,0.043686996131451716
2025-10-10,AUD,30Y,3M BBSW,0.04420603934371688
2025-10-09,AUD,30Y,3M BBSW,0.04457499999997021
2025-10-08,AUD,30Y,3M BBSW,0.04408699999997272
2025-10-07,AUD,30Y,3M BBSW,0.04429941630109706
2025-10-03,AUD,30Y,3M BBSW,0.04386502488613619
2025-10-02,AUD,30Y,3M BBSW,0.0438438320012724
2025-10-01,AUD,30Y,3M BBSW,0.0440272394510043
2025-09-30,AUD,30Y,3M BBSW,0.04409656790636387
2025-09-29,AUD,30Y,3M BBSW,0.043731916327572964
2025-09-26,AUD,30Y,3M BBSW,0.044034228605167425
2025-09-25,AUD,30Y,3M BBSW,0.04445427090828547
2025-09-24,AUD,30Y,3M BBSW,0.04413164199203472
2025-09-23,AUD,30Y,3M BBSW,0.04340497067934593
2025-09-22,AUD,30Y,3M BBSW,0.043740040448596085
2025-09-19,AUD,30Y,3M BBSW,0.04347920236177412
2025-09-18,AUD,30Y,3M BBSW,0.04323789485035194
2025-09-17,AUD,30Y,3M BBSW,0.043179652668927905
2025-09-16,AUD,30Y,3M BBSW,0.04288010218545134
2025-09-15,AUD,30Y,3M BBSW,0.04291345948526095
2025-09-12,AUD,30Y,3M BBSW,0.04283403149868674
2025-09-11,AUD,30Y,3M BBSW,0.042560353334135576
2025-09-10,AUD,30Y,3M BBSW,0.043019028210904864
2025-09-09,AUD,30Y,3M BBSW,0.04376076295884651
2025-09-08,AUD,30Y,3M BBSW,0.0432602003049575
2025-09-05,AUD,30Y,3M BBSW,0.04382342574312157
2025-09-04,AUD,30Y,3M BBSW,0.04414394099179477
2025-09-03,AUD,30Y,3M BBSW,0.044496805243774376
2025-09-02,AUD,30Y,3M BBSW,0.04463353934390728
2025-09-01,AUD,30Y,3M BBSW,0.04445044581765302
2025-08-29,AUD,30Y,3M BBSW,0.043732142518590686
2025-08-28,AUD,30Y,3M BBSW,0.043598622813723106
2025-08-27,AUD,30Y,3M BBSW,0.043985743577284596
2025-08-26,AUD,30Y,3M BBSW,0.04410662994080112
2025-08-25,AUD,30Y,3M BBSW,0.04402824334607362
2025-08-22,AUD,30Y,3M BBSW,0.04400428484762223
2025-08-21,AUD,30Y,3M BBSW,0.044130070782877846
2025-08-20,AUD,30Y,3M BBSW,0.043775840702830096
2025-08-19,AUD,30Y,3M BBSW,0.044244687874377284
2025-08-18,AUD,30Y,3M BBSW,0.04427171245693552
2025-08-15,AUD,30Y,3M BBSW,0.04336550640486949
2025-08-14,AUD,30Y,3M BBSW,0.04326808416505111
2025-08-13,AUD,30Y,3M BBSW,0.04277875402053263
2025-08-12,AUD,30Y,3M BBSW,0.04320002218725444
2025-08-11,AUD,30Y,3M BBSW,0.04320661842076137
2025-08-08,AUD,30Y,3M BBSW,0.04325395709958677
2025-08-07,AUD,30Y,3M BBSW,0.04327335654852586
2025-08-06,AUD,30Y,3M BBSW,0.04288723746766039
2025-08-05,AUD,30Y,3M BBSW,0.04315902549366312
2025-08-01,AUD,30Y,3M BBSW,0.04286483519790603
2025-07-31,AUD,30Y,3M BBSW,0.04348827732229758
2025-07-30,AUD,30Y,3M BBSW,0.04340122067339054
2025-07-29,AUD,30Y,3M BBSW,0.0436691912937184
2025-07-28,AUD,30Y,3M BBSW,0.044045193112987185
2025-07-25,AUD,30Y,3M BBSW,0.04410741890221531
2025-07-24,AUD,30Y,3M BBSW,0.04430060177530639
2025-07-23,AUD,30Y,3M BBSW,0.04405005633915354
2025-07-22,AUD,30Y,3M BBSW,0.043715673062523275
2025-07-21,AUD,30Y,3M BBSW,0.04396128500738161
2025-07-18,AUD,30Y,3M BBSW,0.044385131311479364
2025-07-17,AUD,30Y,3M BBSW,0.04422063426884411
2025-07-16,AUD,30Y,3M BBSW,0.0446212983328709
2025-07-15,AUD,30Y,3M BBSW,0.0449827578067917
2025-07-14,AUD,30Y,3M BBSW,0.04419456777551945
2025-07-11,AUD,30Y,3M BBSW,0.044073584818031364
2025-07-10,AUD,30Y,3M BBSW,0.04358224092663678
2025-07-09,AUD,30Y,3M BBSW,0.04325660184844668
2025-07-08,AUD,30Y,3M BBSW,0.04348644084785698
2025-07-07,AUD,30Y,3M BBSW,0.04270470756605473
2025-07-04,AUD,30Y,3M BBSW,0.04239764202730769
2025-07-03,AUD,30Y,3M BBSW,0.04257869902920262
2025-07-02,AUD,30Y,3M BBSW,0.04239770119498407
2025-07-01,AUD,30Y,3M BBSW,0.04176525241617281
2025-06-30,AUD,30Y,3M BBSW,0.041939851053346223
2025-06-27,AUD,30Y,3M BBSW,0.041925854298744666
2025-06-26,AUD,30Y,3M BBSW,0.041578736438739695
2025-06-25,AUD,30Y,3M BBSW,0.04163773802560302
2025-06-24,AUD,30Y,3M BBSW,0.04175683239365252
2025-06-23,AUD,30Y,3M BBSW,0.04222260758082082
2025-06-20,AUD,30Y,3M BBSW,0.042198908405421676
2025-06-19,AUD,30Y,3M BBSW,0.042150282338445005
2025-06-18,AUD,30Y,3M BBSW,0.04264323905412571
2025-06-17,AUD,30Y,3M BBSW,0.04257932419503242
2025-06-16,AUD,30Y,3M BBSW,0.04278420265128369
2025-06-13,AUD,30Y,3M BBSW,0.04260936656697692
2025-06-12,AUD,30Y,3M BBSW,0.041907773772912396
2025-06-11,AUD,30Y,3M BBSW,0.0426481192467653
2025-06-10,AUD,30Y,3M BBSW,0.0430787819508418
2025-06-06,AUD,30Y,3M BBSW,0.04364719156386147
2025-06-05,AUD,30Y,3M BBSW,0.04292424057166199
2025-06-04,AUD,30Y,3M BBSW,0.04246766088892638
2025-06-03,AUD,30Y,3M BBSW,0.042973673303931204
2025-06-02,AUD,30Y,3M BBSW,0.04341970303350107
2025-05-30,AUD,30Y,3M BBSW,0.042807818023783105
2025-05-29,AUD,30Y,3M BBSW,0.043197020781370436
2025-05-28,AUD,30Y,3M BBSW,0.04387861716234253
2025-05-27,AUD,30Y,3M BBSW,0.04272577539868393
2025-05-26,AUD,30Y,3M BBSW,0.04346637429925021
2025-05-23,AUD,30Y,3M BBSW,0.04384025698851582
2025-05-22,AUD,30Y,3M BBSW,0.04415932206017095
2025-05-21,AUD,30Y,3M BBSW,0.04520938062038388
2025-05-20,AUD,30Y,3M BBSW,0.04375357016362427
2025-05-19,AUD,30Y,3M BBSW,0.044087370401734424
2025-05-16,AUD,30Y,3M BBSW,0.0441769137334453
2025-05-15,AUD,30Y,3M BBSW,0.04385470642820276
2025-05-14,AUD,30Y,3M BBSW,0.04474307488648612
2025-05-13,AUD,30Y,3M BBSW,0.043877036374042964
2025-05-12,AUD,30Y,3M BBSW,0.04332082129696779
2025-05-09,AUD,30Y,3M BBSW,0.04226965618124188
2025-05-08,AUD,30Y,3M BBSW,0.042270083865928135
2025-05-07,AUD,30Y,3M BBSW,0.04177827832390465
2025-05-06,AUD,30Y,3M BBSW,0.042684080525712875
2025-05-05,AUD,30Y,3M BBSW,0.042450341478155476
2025-05-02,AUD,30Y,3M BBSW,0.04225150354869249
2025-05-01,AUD,30Y,3M BBSW,0.04176660942891747
2025-04-30,AUD,30Y,3M BBSW,0.041202572648928765
2025-04-29,AUD,30Y,3M BBSW,0.04131993418386366
2025-04-28,AUD,30Y,3M BBSW,0.04142851053495611
2025-04-24,AUD,30Y,3M BBSW,0.04184100629413376
2025-04-23,AUD,30Y,3M BBSW,0.04250945197593467
2025-04-22,AUD,30Y,3M BBSW,0.04216718893377373
2025-04-17,AUD,30Y,3M BBSW,0.04216403423605098
2025-04-16,AUD,30Y,3M BBSW,0.04252556494161085
2025-04-15,AUD,30Y,3M BBSW,0.04323621625796818
2025-04-14,AUD,30Y,3M BBSW,0.0434403683304541
2025-04-11,AUD,30Y,3M BBSW,0.04477934639965019
2025-04-10,AUD,30Y,3M BBSW,0.04386944478683011
2025-04-09,AUD,30Y,3M BBSW,0.04281771171904703
2025-04-08,AUD,30Y,3M BBSW,0.042282720058335374
2025-04-07,AUD,30Y,3M BBSW,0.042762253532889496
2025-04-04,AUD,30Y,3M BBSW,0.04128469929173548
2025-03-28,AUD,30Y,3M BBSW,0.04328123722738478
2025-03-27,AUD,30Y,3M BBSW,0.043708527572193484
2025-03-26,AUD,30Y,3M BBSW,0.04377466741924338
2025-03-25,AUD,30Y,3M BBSW,0.04359956555478055
2025-03-24,AUD,30Y,3M BBSW,0.043365961820995766
2025-03-21,AUD,30Y,3M BBSW,0.04303616101181706
2025-03-20,AUD,30Y,3M BBSW,0.04306470558022166
2025-03-19,AUD,30Y,3M BBSW,0.04303804261059898
2025-03-18,AUD,30Y,3M BBSW,0.043401691235960556
2025-03-17,AUD,30Y,3M BBSW,0.04327391433965268
2025-03-14,AUD,30Y,3M BBSW,0.04339698934005409
2025-03-13,AUD,30Y,3M BBSW,0.042994510094467774
2025-03-12,AUD,30Y,3M BBSW,0.04359402152121247
2025-03-11,AUD,30Y,3M BBSW,0.04361047845827744
2025-03-10,AUD,30Y,3M BBSW,0.043026356343445545
2025-03-07,AUD,30Y,3M BBSW,0.04345893878148638
2025-03-06,AUD,30Y,3M BBSW,0.043721491306209274
2025-03-05,AUD,30Y,3M BBSW,0.04410992236706754
2025-03-04,AUD,30Y,3M BBSW,0.04309952654206142
2025-03-03,AUD,30Y,3M BBSW,0.04208182312151906
2025-02-28,AUD,30Y,3M BBSW,0.042540909750469084
2025-02-27,AUD,30Y,3M BBSW,0.042617047552895
2025-02-26,AUD,30Y,3M BBSW,0.042732109382154285
2025-02-25,AUD,30Y,3M BBSW,0.04327778719800223
2025-02-24,AUD,30Y,3M BBSW,0.043803525783823946
2025-02-21,AUD,30Y,3M BBSW,0.04458099423005317
2025-02-20,AUD,30Y,3M BBSW,0.04483617249658298
2025-02-19,AUD,30Y,3M BBSW,0.04471050573195703
2025-02-18,AUD,30Y,3M BBSW,0.04483599248154537
2025-02-17,AUD,30Y,3M BBSW,0.043965032298502627
2025-02-14,AUD,30Y,3M BBSW,0.04366878663259918
2025-02-13,AUD,30Y,3M BBSW,0.04378976759613252
2025-02-12,AUD,30Y,3M BBSW,0.04482405639901353
2025-02-11,AUD,30Y,3M BBSW,0.043966919638657495
2025-02-10,AUD,30Y,3M BBSW,0.043209079717207576
2025-02-07,AUD,30Y,3M BBSW,0.04326127489579862
2025-02-06,AUD,30Y,3M BBSW,0.04270416955925807
2025-02-05,AUD,30Y,3M BBSW,0.03650367400039187
2025-02-04,AUD,30Y,3M BBSW,0.038172324234692516
2025-02-03,AUD,30Y,3M BBSW,0.03839737725254151
2025-01-31,AUD,30Y,3M BBSW,0.03717565980238935
2025-01-30,AUD,30Y,3M BBSW,0.037479794380147674
2025-01-29,AUD,30Y,3M BBSW,0.03753990814888907
2025-01-28,AUD,30Y,3M BBSW,0.03815082934445295
2025-01-24,AUD,30Y,3M BBSW,0.03844628408246431
2025-01-23,AUD,30Y,3M BBSW,0.03953012397405793
2025-01-22,AUD,30Y,3M BBSW,0.03893761802632133
2025-01-21,AUD,30Y,3M BBSW,0.03886912967246588
2025-01-20,AUD,30Y,3M BBSW,0.038577709942860194
2025-01-17,AUD,30Y,3M BBSW,0.039529802403628043
2025-11-03,AUD,35Y,3M BBSW,0.0448259999999491
2025-10-31,AUD,35Y,3M BBSW,0.044494999999945224
2025-10-30,AUD,35Y,3M BBSW,0.04437099999994379
2025-10-29,AUD,35Y,3M BBSW,0.044706999999938934
2025-10-28,AUD,35Y,3M BBSW,0.043396999999939956
2025-10-27,AUD,35Y,3M BBSW,0.04346299999994308
2025-10-24,AUD,35Y,3M BBSW,0.043111039172806905
2025-10-23,AUD,35Y,3M BBSW,0.04326199999994092
2025-10-22,AUD,35Y,3M BBSW,0.04277199999995189
2025-10-21,AUD,35Y,3M BBSW,0.042921999999940466
2025-10-20,AUD,35Y,3M BBSW,0.042622999999953545
2025-10-17,AUD,35Y,3M BBSW,0.042913035128065935
2025-10-16,AUD,35Y,3M BBSW,0.042665999999954456
2025-10-15,AUD,35Y,3M BBSW,0.0434200155438436
2025-10-14,AUD,35Y,3M BBSW,0.043623005490844594
2025-10-13,AUD,35Y,3M BBSW,0.043719993766880336
2025-10-10,AUD,35Y,3M BBSW,0.04423904161920503
2025-10-09,AUD,35Y,3M BBSW,0.044612999999998786
2025-10-08,AUD,35Y,3M BBSW,0.044122999999942854
2025-10-07,AUD,35Y,3M BBSW,0.04433571786947481
2025-10-03,AUD,35Y,3M BBSW,0.0438973156976692
2025-10-02,AUD,35Y,3M BBSW,0.04387560175233331
2025-10-01,AUD,35Y,3M BBSW,0.04405553567022652
2025-09-30,AUD,35Y,3M BBSW,0.044123067360413826
2025-09-29,AUD,35Y,3M BBSW,0.04376029104515307
2025-09-26,AUD,35Y,3M BBSW,0.044062141880590294
2025-09-25,AUD,35Y,3M BBSW,0.04448950192498903
2025-09-24,AUD,35Y,3M BBSW,0.04416691094197065
2025-09-23,AUD,35Y,3M BBSW,0.04344612057877037
2025-09-22,AUD,35Y,3M BBSW,0.04378023387138844
2025-09-19,AUD,35Y,3M BBSW,0.043521943547855324
2025-09-18,AUD,35Y,3M BBSW,0.04327903807029794
2025-09-17,AUD,35Y,3M BBSW,0.04321982016984444
2025-09-16,AUD,35Y,3M BBSW,0.042825835213038524
2025-09-15,AUD,35Y,3M BBSW,0.042948781114512065
2025-09-12,AUD,35Y,3M BBSW,0.04286779205392335
2025-09-11,AUD,35Y,3M BBSW,0.04259849377190903
2025-09-10,AUD,35Y,3M BBSW,0.04306029176525564
2025-09-09,AUD,35Y,3M BBSW,0.04380788756397183
2025-09-08,AUD,35Y,3M BBSW,0.043309269632144515
2025-09-05,AUD,35Y,3M BBSW,0.043876152989450606
2025-09-04,AUD,35Y,3M BBSW,0.04419802589814616
2025-09-03,AUD,35Y,3M BBSW,0.04455290141351892
2025-09-02,AUD,35Y,3M BBSW,0.044691660281931986
2025-09-01,AUD,35Y,3M BBSW,0.04450863541096825
2025-08-29,AUD,35Y,3M BBSW,0.04378780620943372
2025-08-28,AUD,35Y,3M BBSW,0.043654759970099016
2025-08-27,AUD,35Y,3M BBSW,0.044041910790017215
2025-08-26,AUD,35Y,3M BBSW,0.04416380960229524
2025-08-25,AUD,35Y,3M BBSW,0.04408538026664734
2025-08-22,AUD,35Y,3M BBSW,0.044061934787815324
2025-08-21,AUD,35Y,3M BBSW,0.044188190200794744
2025-08-20,AUD,35Y,3M BBSW,0.04383008304665076
2025-08-19,AUD,35Y,3M BBSW,0.0443008600976812
2025-08-18,AUD,35Y,3M BBSW,0.04433183644952989
2025-08-15,AUD,35Y,3M BBSW,0.04341521790932222
2025-08-14,AUD,35Y,3M BBSW,0.04331623455502489
2025-08-13,AUD,35Y,3M BBSW,0.04282406978519042
2025-08-12,AUD,35Y,3M BBSW,0.04324332578645647
2025-08-11,AUD,35Y,3M BBSW,0.04324786613597996
2025-08-08,AUD,35Y,3M BBSW,0.043296701313071895
2025-08-07,AUD,35Y,3M BBSW,0.04331951709153589
2025-08-06,AUD,35Y,3M BBSW,0.042923603078979154
2025-08-05,AUD,35Y,3M BBSW,0.043204352123101246
2025-08-01,AUD,35Y,3M BBSW,0.042907229918554064
2025-07-31,AUD,35Y,3M BBSW,0.04352621381460147
2025-07-30,AUD,35Y,3M BBSW,0.043439629830735044
2025-07-29,AUD,35Y,3M BBSW,0.04371055930675374
2025-07-28,AUD,35Y,3M BBSW,0.044087509582143795
2025-07-25,AUD,35Y,3M BBSW,0.044153197510518015
2025-07-24,AUD,35Y,3M BBSW,0.044350864716095825
2025-07-23,AUD,35Y,3M BBSW,0.04409849729915502
2025-07-22,AUD,35Y,3M BBSW,0.04376405353613562
2025-07-21,AUD,35Y,3M BBSW,0.044012674708923054
2025-07-18,AUD,35Y,3M BBSW,0.04443908170373091
2025-07-17,AUD,35Y,3M BBSW,0.04427507042692236
2025-07-16,AUD,35Y,3M BBSW,0.04467366868895985
2025-07-15,AUD,35Y,3M BBSW,0.04502928399626249
2025-07-14,AUD,35Y,3M BBSW,0.04423513752647794
2025-07-11,AUD,35Y,3M BBSW,0.044111537079439704
2025-07-10,AUD,35Y,3M BBSW,0.04361568147905488
2025-07-09,AUD,35Y,3M BBSW,0.0432880842530122
2025-07-08,AUD,35Y,3M BBSW,0.043518016995346055
2025-07-07,AUD,35Y,3M BBSW,0.04273817637068022
2025-07-04,AUD,35Y,3M BBSW,0.042431681416302755
2025-07-03,AUD,35Y,3M BBSW,0.04261217664867431
2025-07-02,AUD,35Y,3M BBSW,0.04243121836310639
2025-07-01,AUD,35Y,3M BBSW,0.04179364468558372
2025-06-30,AUD,35Y,3M BBSW,0.0419694181155513
2025-06-27,AUD,35Y,3M BBSW,0.041954844751709415
2025-06-26,AUD,35Y,3M BBSW,0.04160714238437837
2025-06-25,AUD,35Y,3M BBSW,0.041663168206135345
2025-06-24,AUD,35Y,3M BBSW,0.04178131081160961
2025-06-23,AUD,35Y,3M BBSW,0.04224801094959007
2025-06-20,AUD,35Y,3M BBSW,0.04222386468850459
2025-06-19,AUD,35Y,3M BBSW,0.04217473260860325
2025-06-18,AUD,35Y,3M BBSW,0.04266868124868575
2025-06-17,AUD,35Y,3M BBSW,0.04260581226788469
2025-06-16,AUD,35Y,3M BBSW,0.04281343411981449
2025-06-13,AUD,35Y,3M BBSW,0.04263490147516563
2025-06-12,AUD,35Y,3M BBSW,0.04193581186125492
2025-06-11,AUD,35Y,3M BBSW,0.0426745363385114
2025-06-10,AUD,35Y,3M BBSW,0.043106238482712965
2025-06-06,AUD,35Y,3M BBSW,0.0436772205252919
2025-06-05,AUD,35Y,3M BBSW,0.042953751709195645
2025-06-04,AUD,35Y,3M BBSW,0.04250007801614541
2025-06-03,AUD,35Y,3M BBSW,0.04300813177025728
2025-06-02,AUD,35Y,3M BBSW,0.04345314446517262
2025-05-30,AUD,35Y,3M BBSW,0.04283783607172079
2025-05-29,AUD,35Y,3M BBSW,0.043227582957015384
2025-05-28,AUD,35Y,3M BBSW,0.043907216433780524
2025-05-27,AUD,35Y,3M BBSW,0.04275229189121834
2025-05-26,AUD,35Y,3M BBSW,0.043497878576148376
2025-05-23,AUD,35Y,3M BBSW,0.043870320698416704
2025-05-22,AUD,35Y,3M BBSW,0.04418891825508403
2025-05-21,AUD,35Y,3M BBSW,0.045241096871848144
2025-05-20,AUD,35Y,3M BBSW,0.043774191687057824
2025-05-19,AUD,35Y,3M BBSW,0.044101800584668706
2025-05-16,AUD,35Y,3M BBSW,0.044184973463754676
2025-05-15,AUD,35Y,3M BBSW,0.04386250035273229
2025-05-14,AUD,35Y,3M BBSW,0.04475075332929101
2025-05-13,AUD,35Y,3M BBSW,0.043881649108120424
2025-05-12,AUD,35Y,3M BBSW,0.04332338348158735
2025-05-09,AUD,35Y,3M BBSW,0.04228070112818091
2025-05-08,AUD,35Y,3M BBSW,0.04228054390261235
2025-05-07,AUD,35Y,3M BBSW,0.04178880960657759
2025-05-06,AUD,35Y,3M BBSW,0.042697657171420884
2025-05-05,AUD,35Y,3M BBSW,0.04246284433845379
2025-05-02,AUD,35Y,3M BBSW,0.04226448193990396
2025-05-01,AUD,35Y,3M BBSW,0.04178109633606488
2025-04-30,AUD,35Y,3M BBSW,0.041210097909384465
2025-04-29,AUD,35Y,3M BBSW,0.041327451864477435
2025-04-28,AUD,35Y,3M BBSW,0.04143594859678748
2025-04-24,AUD,35Y,3M BBSW,0.04184737950082027
2025-04-23,AUD,35Y,3M BBSW,0.04251688922141452
2025-04-22,AUD,35Y,3M BBSW,0.042178577699139505
2025-04-17,AUD,35Y,3M BBSW,0.042175923254724405
2025-04-16,AUD,35Y,3M BBSW,0.04249427984955686
2025-04-15,AUD,35Y,3M BBSW,0.0432259640121357
2025-04-14,AUD,35Y,3M BBSW,0.043424190773723975
2025-04-11,AUD,35Y,3M BBSW,0.04480141969466182
2025-04-10,AUD,35Y,3M BBSW,0.043891988466755766
2025-04-09,AUD,35Y,3M BBSW,0.0428351339012472
2025-04-08,AUD,35Y,3M BBSW,0.04229511788972147
2025-04-07,AUD,35Y,3M BBSW,0.04277643482523259
2025-04-04,AUD,35Y,3M BBSW,0.041298270250401614
2025-03-28,AUD,35Y,3M BBSW,0.04327597763706073
2025-03-27,AUD,35Y,3M BBSW,0.043702871253915455
2025-03-26,AUD,35Y,3M BBSW,0.04376694774157916
2025-03-25,AUD,35Y,3M BBSW,0.04359179612823233
2025-03-24,AUD,35Y,3M BBSW,0.043358150029451294
2025-03-21,AUD,35Y,3M BBSW,0.043026838133072946
2025-03-20,AUD,35Y,3M BBSW,0.043051888207813575
2025-03-19,AUD,35Y,3M BBSW,0.04302624207973702
2025-03-18,AUD,35Y,3M BBSW,0.04339093118885229
2025-03-17,AUD,35Y,3M BBSW,0.04326214981995404
2025-03-14,AUD,35Y,3M BBSW,0.04338367902815408
2025-03-13,AUD,35Y,3M BBSW,0.04294886705027616
2025-03-12,AUD,35Y,3M BBSW,0.043579292228734426
2025-03-11,AUD,35Y,3M BBSW,0.04359771639061536
2025-03-10,AUD,35Y,3M BBSW,0.04301353228963881
2025-03-07,AUD,35Y,3M BBSW,0.043444612557799946
2025-03-06,AUD,35Y,3M BBSW,0.04370867640020193
2025-03-05,AUD,35Y,3M BBSW,0.044098112996950295
2025-03-04,AUD,35Y,3M BBSW,0.04308262548920825
2025-03-03,AUD,35Y,3M BBSW,0.042060817755976414
2025-02-28,AUD,35Y,3M BBSW,0.042513573018859295
2025-02-27,AUD,35Y,3M BBSW,0.042588164616422
2025-02-26,AUD,35Y,3M BBSW,0.042912741237879706
2025-02-25,AUD,35Y,3M BBSW,0.043251873012598085
2025-02-24,AUD,35Y,3M BBSW,0.043785487510510125
2025-02-21,AUD,35Y,3M BBSW,0.044566123941085854
2025-02-20,AUD,35Y,3M BBSW,0.04481915984729494
2025-02-19,AUD,35Y,3M BBSW,0.044688562522711604
2025-02-18,AUD,35Y,3M BBSW,0.044814030929364874
2025-02-17,AUD,35Y,3M BBSW,0.043942992884892874
2025-02-14,AUD,35Y,3M BBSW,0.04364846999978761
2025-02-13,AUD,35Y,3M BBSW,0.0437727150314754
2025-02-12,AUD,35Y,3M BBSW,0.044801187900431375
2025-02-11,AUD,35Y,3M BBSW,0.04394398952866073
2025-02-10,AUD,35Y,3M BBSW,0.043186055706205886
2025-02-07,AUD,35Y,3M BBSW,0.04323436825641818
2025-02-06,AUD,35Y,3M BBSW,0.04268305324474103
2025-02-05,AUD,35Y,3M BBSW,0.03649825106908943
2025-02-04,AUD,35Y,3M BBSW,0.038178296212955404
2025-02-03,AUD,35Y,3M BBSW,0.03840660774772154
2025-01-31,AUD,35Y,3M BBSW,0.03717053036695583
2025-01-30,AUD,35Y,3M BBSW,0.03747742117237411
2025-01-29,AUD,35Y,3M BBSW,0.037538207964902696
2025-01-28,AUD,35Y,3M BBSW,0.03814950723413109
2025-01-24,AUD,35Y,3M BBSW,0.03844349923823858
2025-01-23,AUD,35Y,3M BBSW,0.03954049491885176
2025-01-22,AUD,35Y,3M BBSW,0.03893675019723846
2025-01-21,AUD,35Y,3M BBSW,0.03886970554137377
2025-01-20,AUD,35Y,3M BBSW,0.03857574565227333
2025-01-17,AUD,35Y,3M BBSW,0.0395322264368792
2025-11-11,AUD,3M,3M BBSW,0.036406999999999995
2025-11-10,AUD,3M,3M BBSW,0.036448
2025-11-07,AUD,3M,3M BBSW,0.03635
2025-11-06,AUD,3M,3M BBSW,0.036442999999999996
2025-11-05,AUD,3M,3M BBSW,0.036448999999999995
2025-11-04,AUD,3M,3M BBSW,0.036392
2025-11-03,AUD,3M,3M BBSW,0.03635
2025-10-31,AUD,3M,3M BBSW,0.036354000000000004
2025-10-30,AUD,3M,3M BBSW,0.036490999999999996
2025-10-29,AUD,3M,3M BBSW,0.035575999999999997
2025-10-28,AUD,3M,3M BBSW,0.035585
2025-10-27,AUD,3M,3M BBSW,0.035025
2025-10-24,AUD,3M,3M BBSW,0.035137
2025-10-23,AUD,3M,3M BBSW,0.034994
2025-10-22,AUD,3M,3M BBSW,0.034925000000000005
2025-10-21,AUD,3M,3M BBSW,0.03494
2025-10-20,AUD,3M,3M BBSW,0.034904000000000004
2025-10-17,AUD,3M,3M BBSW,0.034975
2025-10-16,AUD,3M,3M BBSW,0.035699999999999996
2025-10-15,AUD,3M,3M BBSW,0.035633
2025-10-14,AUD,3M,3M BBSW,0.035593
2025-10-13,AUD,3M,3M BBSW,0.035750000000000004
2025-10-10,AUD,3M,3M BBSW,0.035865999999999995
2025-10-09,AUD,3M,3M BBSW,0.03579
2025-10-08,AUD,3M,3M BBSW,0.03582
2025-10-07,AUD,3M,3M BBSW,0.035888
2025-10-03,AUD,3M,3M BBSW,0.03585
2025-10-02,AUD,3M,3M BBSW,0.036074999999999996
2025-10-01,AUD,3M,3M BBSW,0.036118000000000004
2025-09-30,AUD,3M,3M BBSW,0.035764
2025-09-29,AUD,3M,3M BBSW,0.035918
2025-09-26,AUD,3M,3M BBSW,0.035956
2025-09-25,AUD,3M,3M BBSW,0.035956999999999996
2025-09-24,AUD,3M,3M BBSW,0.035474
2025-09-23,AUD,3M,3M BBSW,0.03556
2025-09-22,AUD,3M,3M BBSW,0.035468
2025-09-19,AUD,3M,3M BBSW,0.035483
2025-09-18,AUD,3M,3M BBSW,0.035589
2025-09-17,AUD,3M,3M BBSW,0.035575
2025-09-16,AUD,3M,3M BBSW,0.0356
2025-09-15,AUD,3M,3M BBSW,0.035802
2025-09-12,AUD,3M,3M BBSW,0.035873
2025-09-11,AUD,3M,3M BBSW,0.035825
2025-09-10,AUD,3M,3M BBSW,0.035869
2025-09-09,AUD,3M,3M BBSW,0.035816
2025-09-08,AUD,3M,3M BBSW,0.035750000000000004
2025-09-05,AUD,3M,3M BBSW,0.035835
2025-09-04,AUD,3M,3M BBSW,0.035831
2025-09-03,AUD,3M,3M BBSW,0.035748
2025-09-02,AUD,3M,3M BBSW,0.035735
2025-09-01,AUD,3M,3M BBSW,0.035625
2025-08-29,AUD,3M,3M BBSW,0.035728
2025-08-28,AUD,3M,3M BBSW,0.035622
2025-08-27,AUD,3M,3M BBSW,0.035363000000000006
2025-08-26,AUD,3M,3M BBSW,0.035481
2025-08-25,AUD,3M,3M BBSW,0.035547
2025-08-22,AUD,3M,3M BBSW,0.035591
2025-08-21,AUD,3M,3M BBSW,0.035716
2025-08-20,AUD,3M,3M BBSW,0.035725
2025-08-19,AUD,3M,3M BBSW,0.035807000000000005
2025-08-18,AUD,3M,3M BBSW,0.0359
2025-08-15,AUD,3M,3M BBSW,0.036164999999999996
2025-08-14,AUD,3M,3M BBSW,0.03612
2025-08-13,AUD,3M,3M BBSW,0.036334
2025-08-12,AUD,3M,3M BBSW,0.036342
2025-08-11,AUD,3M,3M BBSW,0.036577
2025-08-08,AUD,3M,3M BBSW,0.036675
2025-08-07,AUD,3M,3M BBSW,0.036906
2025-08-06,AUD,3M,3M BBSW,0.036661
2025-08-05,AUD,3M,3M BBSW,0.036623
2025-08-01,AUD,3M,3M BBSW,0.036899
2025-07-31,AUD,3M,3M BBSW,0.036814
2025-07-30,AUD,3M,3M BBSW,0.037018
2025-07-29,AUD,3M,3M BBSW,0.037059
2025-07-28,AUD,3M,3M BBSW,0.03701
2025-07-25,AUD,3M,3M BBSW,0.037197
2025-07-24,AUD,3M,3M BBSW,0.0369
2025-07-23,AUD,3M,3M BBSW,0.0369
2025-07-22,AUD,3M,3M BBSW,0.036936
2025-07-21,AUD,3M,3M BBSW,0.036817
2025-07-18,AUD,3M,3M BBSW,0.03687
2025-07-17,AUD,3M,3M BBSW,0.0371
2025-07-16,AUD,3M,3M BBSW,0.037200000000000004
2025-07-15,AUD,3M,3M BBSW,0.037166000000000005
2025-07-14,AUD,3M,3M BBSW,0.037168
2025-07-11,AUD,3M,3M BBSW,0.03725
2025-07-10,AUD,3M,3M BBSW,0.037408000000000004
2025-07-09,AUD,3M,3M BBSW,0.037663
2025-07-08,AUD,3M,3M BBSW,0.035755
2025-07-07,AUD,3M,3M BBSW,0.035809
2025-07-04,AUD,3M,3M BBSW,0.035790999999999996
2025-07-03,AUD,3M,3M BBSW,0.03583
2025-07-02,AUD,3M,3M BBSW,0.035886
2025-07-01,AUD,3M,3M BBSW,0.035967
2025-06-30,AUD,3M,3M BBSW,0.036037
2025-06-27,AUD,3M,3M BBSW,0.0361
2025-06-26,AUD,3M,3M BBSW,0.0362
2025-06-25,AUD,3M,3M BBSW,0.0365
2025-06-24,AUD,3M,3M BBSW,0.036636
2025-06-23,AUD,3M,3M BBSW,0.036639
2025-06-20,AUD,3M,3M BBSW,0.036936
2025-06-19,AUD,3M,3M BBSW,0.036936
2025-06-18,AUD,3M,3M BBSW,0.036994
2025-06-17,AUD,3M,3M BBSW,0.037119
2025-06-16,AUD,3M,3M BBSW,0.037138
2025-06-13,AUD,3M,3M BBSW,0.037175
2025-06-12,AUD,3M,3M BBSW,0.03725
2025-06-11,AUD,3M,3M BBSW,0.037349
2025-06-10,AUD,3M,3M BBSW,0.037152
2025-06-06,AUD,3M,3M BBSW,0.037075
2025-06-05,AUD,3M,3M BBSW,0.037048
2025-06-04,AUD,3M,3M BBSW,0.037114
2025-06-03,AUD,3M,3M BBSW,0.037094999999999996
2025-06-02,AUD,3M,3M BBSW,0.03705
2025-05-30,AUD,3M,3M BBSW,0.03725
2025-05-29,AUD,3M,3M BBSW,0.037294
2025-05-28,AUD,3M,3M BBSW,0.0369
2025-05-27,AUD,3M,3M BBSW,0.03695
2025-05-26,AUD,3M,3M BBSW,0.037094999999999996
2025-05-23,AUD,3M,3M BBSW,0.037235
2025-05-22,AUD,3M,3M BBSW,0.037303
2025-05-21,AUD,3M,3M BBSW,0.037325
2025-05-20,AUD,3M,3M BBSW,0.037943
2025-05-19,AUD,3M,3M BBSW,0.038076
2025-05-16,AUD,3M,3M BBSW,0.037972
2025-05-15,AUD,3M,3M BBSW,0.037989999999999996
2025-05-14,AUD,3M,3M BBSW,0.037938
2025-05-13,AUD,3M,3M BBSW,0.037994
2025-05-12,AUD,3M,3M BBSW,0.038003
2025-05-09,AUD,3M,3M BBSW,0.038096
2025-05-08,AUD,3M,3M BBSW,0.038197999999999996
2025-05-07,AUD,3M,3M BBSW,0.038291
2025-05-06,AUD,3M,3M BBSW,0.038468
2025-05-05,AUD,3M,3M BBSW,0.0385
2025-05-02,AUD,3M,3M BBSW,0.038647
2025-05-01,AUD,3M,3M BBSW,0.038797
2025-04-30,AUD,3M,3M BBSW,0.038745
2025-04-29,AUD,3M,3M BBSW,0.038925999999999995
2025-04-28,AUD,3M,3M BBSW,0.038962
2025-04-24,AUD,3M,3M BBSW,0.039182
2025-04-23,AUD,3M,3M BBSW,0.039367
2025-04-22,AUD,3M,3M BBSW,0.039522
2025-04-17,AUD,3M,3M BBSW,0.040084
2025-04-16,AUD,3M,3M BBSW,0.04003
2025-04-15,AUD,3M,3M BBSW,0.040149
2025-04-14,AUD,3M,3M BBSW,0.04047799999999999
2025-04-11,AUD,3M,3M BBSW,0.040849
2025-04-10,AUD,3M,3M BBSW,0.041191000000000005
2025-04-09,AUD,3M,3M BBSW,0.0407
2025-04-08,AUD,3M,3M BBSW,0.040618999999999995
2025-04-07,AUD,3M,3M BBSW,0.040211
2025-04-04,AUD,3M,3M BBSW,0.041139
2025-04-03,AUD,3M,3M BBSW,0.041277
2025-04-02,AUD,3M,3M BBSW,0.041174999999999996
2025-04-01,AUD,3M,3M BBSW,0.041191000000000005
2025-03-31,AUD,3M,3M BBSW,0.041254
2025-03-28,AUD,3M,3M BBSW,0.041311999999999995
2025-03-27,AUD,3M,3M BBSW,0.041109
2025-03-26,AUD,3M,3M BBSW,0.041075
2025-03-25,AUD,3M,3M BBSW,0.041144999999999994
2025-03-24,AUD,3M,3M BBSW,0.041167999999999996
2025-03-21,AUD,3M,3M BBSW,0.041100000000000005
2025-03-20,AUD,3M,3M BBSW,0.041211000000000005
2025-03-19,AUD,3M,3M BBSW,0.04115
2025-03-18,AUD,3M,3M BBSW,0.041124999999999995
2025-03-17,AUD,3M,3M BBSW,0.041137
2025-03-14,AUD,3M,3M BBSW,0.04115
2025-03-13,AUD,3M,3M BBSW,0.041186999999999994
2025-03-12,AUD,3M,3M BBSW,0.041127000000000004
2025-03-11,AUD,3M,3M BBSW,0.041131
2025-03-10,AUD,3M,3M BBSW,0.041100000000000005
2025-03-07,AUD,3M,3M BBSW,0.041113
2025-03-06,AUD,3M,3M BBSW,0.041181999999999996
2025-03-05,AUD,3M,3M BBSW,0.041173
2025-03-04,AUD,3M,3M BBSW,0.041164
2025-03-03,AUD,3M,3M BBSW,0.041153
2025-02-28,AUD,3M,3M BBSW,0.041159999999999995
2025-02-27,AUD,3M,3M BBSW,0.041193999999999995
2025-02-26,AUD,3M,3M BBSW,0.04117200000000001
2025-02-25,AUD,3M,3M BBSW,0.041245000000000004
2025-02-24,AUD,3M,3M BBSW,0.041287000000000004
2025-02-21,AUD,3M,3M BBSW,0.041422999999999995
2025-02-20,AUD,3M,3M BBSW,0.041473
2025-02-19,AUD,3M,3M BBSW,0.041485
2025-02-18,AUD,3M,3M BBSW,0.041691000000000006
2025-02-17,AUD,3M,3M BBSW,0.041740000000000006
2025-02-14,AUD,3M,3M BBSW,0.041793
2025-02-13,AUD,3M,3M BBSW,0.041957
2025-02-12,AUD,3M,3M BBSW,0.042039
2025-02-11,AUD,3M,3M BBSW,0.041944
2025-02-10,AUD,3M,3M BBSW,0.042030000000000005
2025-02-07,AUD,3M,3M BBSW,0.0421
2025-02-06,AUD,3M,3M BBSW,0.0421
2025-02-05,AUD,3M,3M BBSW,0.042207999999999996
2025-02-04,AUD,3M,3M BBSW,0.042276999999999995
2025-02-03,AUD,3M,3M BBSW,0.042349
2025-01-31,AUD,3M,3M BBSW,0.042496
2025-01-30,AUD,3M,3M BBSW,0.042553
2025-01-29,AUD,3M,3M BBSW,0.042942999999999995
2025-01-28,AUD,3M,3M BBSW,0.042903000000000004
2025-01-24,AUD,3M,3M BBSW,0.04315
2025-01-23,AUD,3M,3M BBSW,0.043285
2025-01-22,AUD,3M,3M BBSW,0.043329000000000006
2025-01-21,AUD,3M,3M BBSW,0.043323
2025-01-20,AUD,3M,3M BBSW,0.043331
2025-01-17,AUD,3M,3M BBSW,0.043308
2025-01-16,AUD,3M,3M BBSW,0.043399
2025-01-15,AUD,3M,3M BBSW,0.043584
2025-01-14,AUD,3M,3M BBSW,0.043411
2025-01-13,AUD,3M,3M BBSW,0.043397
2025-01-10,AUD,3M,3M BBSW,0.043528000000000004
2025-01-09,AUD,3M,3M BBSW,0.043469
2025-01-08,AUD,3M,3M BBSW,0.043781
2025-01-07,AUD,3M,3M BBSW,0.043776999999999996
2025-01-06,AUD,3M,3M BBSW,0.043875000000000004
2025-01-03,AUD,3M,3M BBSW,0.043877
2025-01-02,AUD,3M,3M BBSW,0.043975
2024-12-31,AUD,3M,3M BBSW,0.044162999999999994
2024-12-30,AUD,3M,3M BBSW,0.044199999999999996
2024-12-27,AUD,3M,3M BBSW,0.044321
2024-12-24,AUD,3M,3M BBSW,0.044386999999999996
2024-12-23,AUD,3M,3M BBSW,0.044513
2024-12-20,AUD,3M,3M BBSW,0.044482999999999995
2024-12-19,AUD,3M,3M BBSW,0.044627
2024-12-18,AUD,3M,3M BBSW,0.04468
2024-12-17,AUD,3M,3M BBSW,0.044656
2024-12-16,AUD,3M,3M BBSW,0.044599
2024-12-13,AUD,3M,3M BBSW,0.044604
2024-12-12,AUD,3M,3M BBSW,0.044482999999999995
2024-12-11,AUD,3M,3M BBSW,0.044388
2024-12-10,AUD,3M,3M BBSW,0.044443
2024-12-09,AUD,3M,3M BBSW,0.044397
2024-12-06,AUD,3M,3M BBSW,0.04426
2024-12-05,AUD,3M,3M BBSW,0.044257
2024-12-04,AUD,3M,3M BBSW,0.044226999999999995
2024-12-03,AUD,3M,3M BBSW,0.044273
2024-12-02,AUD,3M,3M BBSW,0.04436
2024-11-29,AUD,3M,3M BBSW,0.044278000000000005
2024-11-28,AUD,3M,3M BBSW,0.044216
2024-11-27,AUD,3M,3M BBSW,0.04415
2024-11-26,AUD,3M,3M BBSW,0.044179
2024-11-25,AUD,3M,3M BBSW,0.044150999999999996
2024-11-22,AUD,3M,3M BBSW,0.044229000000000004
2024-11-21,AUD,3M,3M BBSW,0.044226999999999995
2024-11-20,AUD,3M,3M BBSW,0.044199999999999996
2024-11-19,AUD,3M,3M BBSW,0.044235
2024-11-18,AUD,3M,3M BBSW,0.044263000000000004
2024-11-15,AUD,3M,3M BBSW,0.044194000000000004
2024-11-14,AUD,3M,3M BBSW,0.044273
2024-11-13,AUD,3M,3M BBSW,0.044125
2024-11-12,AUD,3M,3M BBSW,0.044165
2024-11-11,AUD,3M,3M BBSW,0.044131000000000004
2024-11-08,AUD,3M,3M BBSW,0.044192
2024-11-07,AUD,3M,3M BBSW,0.04415
2024-11-06,AUD,3M,3M BBSW,0.044231
2024-11-05,AUD,3M,3M BBSW,0.044106
2024-11-04,AUD,3M,3M BBSW,0.044211
2024-11-01,AUD,3M,3M BBSW,0.044116999999999996
2024-10-31,AUD,3M,3M BBSW,0.044183
2024-10-30,AUD,3M,3M BBSW,0.043905
2024-10-29,AUD,3M,3M BBSW,0.043911
2024-10-28,AUD,3M,3M BBSW,0.043956
2024-10-25,AUD,3M,3M BBSW,0.04383600000000001
2024-10-24,AUD,3M,3M BBSW,0.043937
2024-10-23,AUD,3M,3M BBSW,0.043975999999999994
2024-10-22,AUD,3M,3M BBSW,0.04386
2024-10-21,AUD,3M,3M BBSW,0.0438
2024-10-18,AUD,3M,3M BBSW,0.04386999999999999
2024-10-17,AUD,3M,3M BBSW,0.043717
2024-10-16,AUD,3M,3M BBSW,0.043932
2024-10-15,AUD,3M,3M BBSW,0.044038
2024-10-14,AUD,3M,3M BBSW,0.04415
2024-10-11,AUD,3M,3M BBSW,0.044197
2024-10-10,AUD,3M,3M BBSW,0.044246
2024-10-09,AUD,3M,3M BBSW,0.044246
2024-10-08,AUD,3M,3M BBSW,0.044249000000000004
2024-10-04,AUD,3M,3M BBSW,0.044143999999999996
2024-10-03,AUD,3M,3M BBSW,0.044199999999999996
2024-10-02,AUD,3M,3M BBSW,0.044292
2024-10-01,AUD,3M,3M BBSW,0.044333
2024-09-30,AUD,3M,3M BBSW,0.044341
2024-09-27,AUD,3M,3M BBSW,0.044413999999999995
2024-09-26,AUD,3M,3M BBSW,0.044337999999999995
2024-09-25,AUD,3M,3M BBSW,0.044267
2024-09-24,AUD,3M,3M BBSW,0.044382000000000005
2024-09-23,AUD,3M,3M BBSW,0.044283
2024-09-20,AUD,3M,3M BBSW,0.044199999999999996
2024-09-19,AUD,3M,3M BBSW,0.044155
2024-09-18,AUD,3M,3M BBSW,0.044231
2024-09-17,AUD,3M,3M BBSW,0.044177
2024-09-16,AUD,3M,3M BBSW,0.044161
2024-09-13,AUD,3M,3M BBSW,0.044245
2024-09-12,AUD,3M,3M BBSW,0.044199999999999996
2024-09-11,AUD,3M,3M BBSW,0.044327
2024-09-10,AUD,3M,3M BBSW,0.04421
2024-09-09,AUD,3M,3M BBSW,0.044053
2024-09-06,AUD,3M,3M BBSW,0.044027000000000004
2024-09-05,AUD,3M,3M BBSW,0.043875000000000004
2024-09-04,AUD,3M,3M BBSW,0.044093999999999994
2024-09-03,AUD,3M,3M BBSW,0.04399600000000001
2024-09-02,AUD,3M,3M BBSW,0.043966000000000005
2024-08-30,AUD,3M,3M BBSW,0.043937
2024-08-29,AUD,3M,3M BBSW,0.043865
2024-08-28,AUD,3M,3M BBSW,0.043675
2024-08-27,AUD,3M,3M BBSW,0.043641
2024-08-26,AUD,3M,3M BBSW,0.043510999999999994
2024-08-23,AUD,3M,3M BBSW,0.043525
2024-08-22,AUD,3M,3M BBSW,0.043651
2024-08-21,AUD,3M,3M BBSW,0.043793
2024-08-20,AUD,3M,3M BBSW,0.043685
2024-08-19,AUD,3M,3M BBSW,0.043642
2024-08-16,AUD,3M,3M BBSW,0.043672
2024-08-15,AUD,3M,3M BBSW,0.043392
2024-08-14,AUD,3M,3M BBSW,0.043563
2024-08-13,AUD,3M,3M BBSW,0.043567
2024-08-12,AUD,3M,3M BBSW,0.043729
2024-08-09,AUD,3M,3M BBSW,0.043791000000000004
2024-08-08,AUD,3M,3M BBSW,0.043861
2024-08-07,AUD,3M,3M BBSW,0.043903
2024-08-06,AUD,3M,3M BBSW,0.043542
2024-08-02,AUD,3M,3M BBSW,0.044101999999999995
2024-08-01,AUD,3M,3M BBSW,0.04417
2024-07-31,AUD,3M,3M BBSW,0.044898999999999994
2024-07-30,AUD,3M,3M BBSW,0.04491
2024-07-29,AUD,3M,3M BBSW,0.044800000000000006
2024-07-26,AUD,3M,3M BBSW,0.04485
2024-07-25,AUD,3M,3M BBSW,0.044905
2024-07-24,AUD,3M,3M BBSW,0.0447
2024-07-23,AUD,3M,3M BBSW,0.044787999999999994
2024-07-22,AUD,3M,3M BBSW,0.044699
2024-07-19,AUD,3M,3M BBSW,0.044649999999999995
2024-07-18,AUD,3M,3M BBSW,0.044389000000000005
2024-07-17,AUD,3M,3M BBSW,0.044461
2024-07-16,AUD,3M,3M BBSW,0.044424
2024-07-15,AUD,3M,3M BBSW,0.044532999999999996
2024-07-12,AUD,3M,3M BBSW,0.044569
2024-07-11,AUD,3M,3M BBSW,0.044575
2024-07-10,AUD,3M,3M BBSW,0.044608999999999996
2024-07-09,AUD,3M,3M BBSW,0.044633000000000006
2024-07-08,AUD,3M,3M BBSW,0.044621
2024-07-05,AUD,3M,3M BBSW,0.044615999999999996
2024-07-04,AUD,3M,3M BBSW,0.044589
2024-07-03,AUD,3M,3M BBSW,0.044596
2024-07-02,AUD,3M,3M BBSW,0.044455
2024-07-01,AUD,3M,3M BBSW,0.044488
2024-06-28,AUD,3M,3M BBSW,0.04445299999999999
2024-06-27,AUD,3M,3M BBSW,0.044583000000000005
2024-06-26,AUD,3M,3M BBSW,0.043983
2024-06-25,AUD,3M,3M BBSW,0.04401
2024-06-24,AUD,3M,3M BBSW,0.043923
2024-06-21,AUD,3M,3M BBSW,0.044056
2024-06-20,AUD,3M,3M BBSW,0.0438
2024-06-19,AUD,3M,3M BBSW,0.043768
2024-06-18,AUD,3M,3M BBSW,0.043714
2024-06-17,AUD,3M,3M BBSW,0.043709
2024-06-14,AUD,3M,3M BBSW,0.043678
2024-06-13,AUD,3M,3M BBSW,0.043658999999999996
2024-06-12,AUD,3M,3M BBSW,0.043598
2024-06-11,AUD,3M,3M BBSW,0.043573
2024-06-07,AUD,3M,3M BBSW,0.043537
2024-06-06,AUD,3M,3M BBSW,0.043458
2024-06-05,AUD,3M,3M BBSW,0.043518999999999995
2024-06-04,AUD,3M,3M BBSW,0.043547
2024-06-03,AUD,3M,3M BBSW,0.043491999999999996
2024-05-31,AUD,3M,3M BBSW,0.0435
2024-05-30,AUD,3M,3M BBSW,0.043496
2024-05-29,AUD,3M,3M BBSW,0.043425000000000005
2024-05-28,AUD,3M,3M BBSW,0.04335
2024-05-27,AUD,3M,3M BBSW,0.04335
2024-05-24,AUD,3M,3M BBSW,0.043403
2024-05-23,AUD,3M,3M BBSW,0.04335
2024-05-22,AUD,3M,3M BBSW,0.04335
2024-05-21,AUD,3M,3M BBSW,0.043426
2024-05-20,AUD,3M,3M BBSW,0.043425000000000005
2024-05-17,AUD,3M,3M BBSW,0.043449999999999996
2024-05-16,AUD,3M,3M BBSW,0.043542
2024-05-15,AUD,3M,3M BBSW,0.0437
2024-05-14,AUD,3M,3M BBSW,0.043703000000000006
2024-05-13,AUD,3M,3M BBSW,0.043704
2024-05-10,AUD,3M,3M BBSW,0.043818
2024-05-09,AUD,3M,3M BBSW,0.043775
2024-05-08,AUD,3M,3M BBSW,0.043787
2024-05-07,AUD,3M,3M BBSW,0.044181
2024-05-06,AUD,3M,3M BBSW,0.044116999999999996
2024-05-03,AUD,3M,3M BBSW,0.044071
2024-05-02,AUD,3M,3M BBSW,0.044106
2024-05-01,AUD,3M,3M BBSW,0.04399600000000001
2024-04-30,AUD,3M,3M BBSW,0.044086
2024-04-29,AUD,3M,3M BBSW,0.044111000000000004
2024-04-26,AUD,3M,3M BBSW,0.044122
2024-04-24,AUD,3M,3M BBSW,0.043705
2024-04-23,AUD,3M,3M BBSW,0.043682
2024-04-22,AUD,3M,3M BBSW,0.043669
2024-04-19,AUD,3M,3M BBSW,0.043625
2024-04-18,AUD,3M,3M BBSW,0.043633
2024-04-17,AUD,3M,3M BBSW,0.043591
2024-04-16,AUD,3M,3M BBSW,0.043555
2024-04-15,AUD,3M,3M BBSW,0.043554
2024-04-12,AUD,3M,3M BBSW,0.043403
2024-04-11,AUD,3M,3M BBSW,0.043549
2024-04-10,AUD,3M,3M BBSW,0.043458
2024-04-09,AUD,3M,3M BBSW,0.043468
2024-04-08,AUD,3M,3M BBSW,0.043487
2024-04-05,AUD,3M,3M BBSW,0.043554
2024-04-04,AUD,3M,3M BBSW,0.04344699999999999
2024-04-03,AUD,3M,3M BBSW,0.043455
2024-04-02,AUD,3M,3M BBSW,0.0434
2024-03-28,AUD,3M,3M BBSW,0.043442
2024-03-27,AUD,3M,3M BBSW,0.043436
2024-03-26,AUD,3M,3M BBSW,0.043505
2024-03-25,AUD,3M,3M BBSW,0.043537
2024-03-22,AUD,3M,3M BBSW,0.043497
2024-03-21,AUD,3M,3M BBSW,0.043528000000000004
2024-03-20,AUD,3M,3M BBSW,0.04351
2024-03-19,AUD,3M,3M BBSW,0.043484999999999996
2024-03-18,AUD,3M,3M BBSW,0.043539
2024-03-15,AUD,3M,3M BBSW,0.043448
2024-03-14,AUD,3M,3M BBSW,0.043445
2024-03-13,AUD,3M,3M BBSW,0.04348
2024-03-12,AUD,3M,3M BBSW,0.043454
2024-03-11,AUD,3M,3M BBSW,0.043456
2024-03-08,AUD,3M,3M BBSW,0.043501000000000005
2024-03-07,AUD,3M,3M BBSW,0.0435
2024-03-06,AUD,3M,3M BBSW,0.043433
2024-03-05,AUD,3M,3M BBSW,0.043465
2024-03-04,AUD,3M,3M BBSW,0.043387
2024-03-01,AUD,3M,3M BBSW,0.043375000000000004
2024-02-29,AUD,3M,3M BBSW,0.04335
2024-02-28,AUD,3M,3M BBSW,0.043398000000000006
2024-02-27,AUD,3M,3M BBSW,0.043349
2024-02-26,AUD,3M,3M BBSW,0.043356000000000006
2024-02-23,AUD,3M,3M BBSW,0.043351
2024-02-22,AUD,3M,3M BBSW,0.043373
2024-02-21,AUD,3M,3M BBSW,0.043326
2024-02-20,AUD,3M,3M BBSW,0.043329000000000006
2024-02-19,AUD,3M,3M BBSW,0.0434
2024-02-16,AUD,3M,3M BBSW,0.04338
2024-02-15,AUD,3M,3M BBSW,0.043476
2024-02-14,AUD,3M,3M BBSW,0.043459000000000005
2024-02-13,AUD,3M,3M BBSW,0.043455
2024-02-12,AUD,3M,3M BBSW,0.043472
2024-02-09,AUD,3M,3M BBSW,0.043436
2024-02-08,AUD,3M,3M BBSW,0.043445
2024-02-07,AUD,3M,3M BBSW,0.04349
2024-02-06,AUD,3M,3M BBSW,0.043476999999999995
2024-02-05,AUD,3M,3M BBSW,0.043491999999999996
2024-02-02,AUD,3M,3M BBSW,0.043228
2024-02-01,AUD,3M,3M BBSW,0.043252
2024-01-31,AUD,3M,3M BBSW,0.04346
2024-01-30,AUD,3M,3M BBSW,0.043442999999999996
2024-01-29,AUD,3M,3M BBSW,0.043564
2024-01-25,AUD,3M,3M BBSW,0.043515
2024-01-24,AUD,3M,3M BBSW,0.043501000000000005
2024-01-23,AUD,3M,3M BBSW,0.043449999999999996
2024-01-22,AUD,3M,3M BBSW,0.043463
2024-01-19,AUD,3M,3M BBSW,0.043389
2024-01-18,AUD,3M,3M BBSW,0.0435
2024-01-17,AUD,3M,3M BBSW,0.043502
2024-01-16,AUD,3M,3M BBSW,0.043508
2024-01-15,AUD,3M,3M BBSW,0.043502
2024-01-12,AUD,3M,3M BBSW,0.043550000000000005
2024-01-11,AUD,3M,3M BBSW,0.043574
2024-01-10,AUD,3M,3M BBSW,0.043636999999999995
2024-01-09,AUD,3M,3M BBSW,0.043593
2024-01-08,AUD,3M,3M BBSW,0.043629
2024-01-05,AUD,3M,3M BBSW,0.043616999999999996
2024-01-04,AUD,3M,3M BBSW,0.043636999999999995
2024-01-03,AUD,3M,3M BBSW,0.043613
2024-01-02,AUD,3M,3M BBSW,0.043578
2023-12-29,AUD,3M,3M BBSW,0.043575
2023-12-28,AUD,3M,3M BBSW,0.0436
2023-12-27,AUD,3M,3M BBSW,0.043651
2023-12-22,AUD,3M,3M BBSW,0.043693
2023-12-21,AUD,3M,3M BBSW,0.043633
2023-12-20,AUD,3M,3M BBSW,0.043653000000000004
2023-12-19,AUD,3M,3M BBSW,0.043669
2023-12-18,AUD,3M,3M BBSW,0.043625
2023-12-15,AUD,3M,3M BBSW,0.0435
2023-12-14,AUD,3M,3M BBSW,0.043540999999999996
2023-12-13,AUD,3M,3M BBSW,0.043583
2023-12-12,AUD,3M,3M BBSW,0.043552
2023-12-11,AUD,3M,3M BBSW,0.043602
2023-12-08,AUD,3M,3M BBSW,0.043444
2023-12-07,AUD,3M,3M BBSW,0.043503
2023-12-06,AUD,3M,3M BBSW,0.043548
2023-12-05,AUD,3M,3M BBSW,0.043756
2023-12-04,AUD,3M,3M BBSW,0.043668
2023-12-01,AUD,3M,3M BBSW,0.043696
2023-11-30,AUD,3M,3M BBSW,0.043674
2023-11-29,AUD,3M,3M BBSW,0.043880999999999996
2023-11-28,AUD,3M,3M BBSW,0.043744
2023-11-27,AUD,3M,3M BBSW,0.043775
2023-11-24,AUD,3M,3M BBSW,0.043786
2023-11-23,AUD,3M,3M BBSW,0.043982
2023-11-22,AUD,3M,3M BBSW,0.043658
2023-11-21,AUD,3M,3M BBSW,0.043829
2023-11-20,AUD,3M,3M BBSW,0.043828
2023-11-17,AUD,3M,3M BBSW,0.043805
2023-11-16,AUD,3M,3M BBSW,0.04388
2023-11-15,AUD,3M,3M BBSW,0.043974
2023-11-14,AUD,3M,3M BBSW,0.044116
2023-11-13,AUD,3M,3M BBSW,0.044185999999999996
2023-11-10,AUD,3M,3M BBSW,0.044142
2023-11-09,AUD,3M,3M BBSW,0.044029
2023-11-08,AUD,3M,3M BBSW,0.044142
2023-11-07,AUD,3M,3M BBSW,0.043672
2023-11-06,AUD,3M,3M BBSW,0.043472
2023-11-03,AUD,3M,3M BBSW,0.04353799999999999
2023-11-02,AUD,3M,3M BBSW,0.043497
2023-11-01,AUD,3M,3M BBSW,0.043521000000000004
2023-10-31,AUD,3M,3M BBSW,0.043507
2023-10-30,AUD,3M,3M BBSW,0.043418
2023-10-27,AUD,3M,3M BBSW,0.04314199999999999
2023-10-26,AUD,3M,3M BBSW,0.043326
2023-10-25,AUD,3M,3M BBSW,0.042428999999999994
2023-10-24,AUD,3M,3M BBSW,0.042273
2023-10-23,AUD,3M,3M BBSW,0.0421
2023-10-20,AUD,3M,3M BBSW,0.042198
2023-10-19,AUD,3M,3M BBSW,0.042167
2023-10-18,AUD,3M,3M BBSW,0.042005999999999995
2023-10-17,AUD,3M,3M BBSW,0.041542
2023-10-16,AUD,3M,3M BBSW,0.041517
2023-10-13,AUD,3M,3M BBSW,0.041540999999999995
2023-10-12,AUD,3M,3M BBSW,0.04135
2023-10-11,AUD,3M,3M BBSW,0.041395999999999995
2023-10-10,AUD,3M,3M BBSW,0.041383
2023-10-09,AUD,3M,3M BBSW,0.041394
2023-10-06,AUD,3M,3M BBSW,0.04128999999999999
2023-10-05,AUD,3M,3M BBSW,0.04136599999999999
2023-10-04,AUD,3M,3M BBSW,0.0414
2023-10-03,AUD,3M,3M BBSW,0.041571
2023-09-29,AUD,3M,3M BBSW,0.0414
2023-09-28,AUD,3M,3M BBSW,0.041469
2023-09-27,AUD,3M,3M BBSW,0.041398000000000004
2023-09-26,AUD,3M,3M BBSW,0.041356000000000004
2023-09-25,AUD,3M,3M BBSW,0.041388
2023-09-22,AUD,3M,3M BBSW,0.041455
2023-09-21,AUD,3M,3M BBSW,0.0414
2023-09-20,AUD,3M,3M BBSW,0.041352
2023-09-19,AUD,3M,3M BBSW,0.041256
2023-09-18,AUD,3M,3M BBSW,0.041193999999999995
2023-09-15,AUD,3M,3M BBSW,0.041273
2023-09-14,AUD,3M,3M BBSW,0.041225
2023-09-13,AUD,3M,3M BBSW,0.041163
2023-09-12,AUD,3M,3M BBSW,0.041238000000000004
2023-09-11,AUD,3M,3M BBSW,0.04127
2023-09-08,AUD,3M,3M BBSW,0.041210000000000004
2023-09-07,AUD,3M,3M BBSW,0.041203000000000004
2023-09-06,AUD,3M,3M BBSW,0.041228
2023-09-05,AUD,3M,3M BBSW,0.041250999999999996
2023-09-04,AUD,3M,3M BBSW,0.04125
2023-09-01,AUD,3M,3M BBSW,0.041335
2023-08-31,AUD,3M,3M BBSW,0.041304
2023-08-30,AUD,3M,3M BBSW,0.041303
2023-08-29,AUD,3M,3M BBSW,0.041380999999999994
2023-08-28,AUD,3M,3M BBSW,0.04135
2023-08-25,AUD,3M,3M BBSW,0.04137
2023-08-24,AUD,3M,3M BBSW,0.041372
2023-08-23,AUD,3M,3M BBSW,0.041444999999999996
2023-08-22,AUD,3M,3M BBSW,0.041420000000000005
2023-08-21,AUD,3M,3M BBSW,0.041443
2023-08-18,AUD,3M,3M BBSW,0.041498999999999994
2023-08-17,AUD,3M,3M BBSW,0.041621
2023-08-16,AUD,3M,3M BBSW,0.041543000000000004
2023-08-15,AUD,3M,3M BBSW,0.041715999999999996
2023-08-14,AUD,3M,3M BBSW,0.04168
2023-08-11,AUD,3M,3M BBSW,0.041679
2023-08-10,AUD,3M,3M BBSW,0.041663
2023-08-09,AUD,3M,3M BBSW,0.04178
2023-08-08,AUD,3M,3M BBSW,0.041776999999999995
2023-08-04,AUD,3M,3M BBSW,0.041899
2023-08-03,AUD,3M,3M BBSW,0.0418
2023-08-02,AUD,3M,3M BBSW,0.041881
2023-08-01,AUD,3M,3M BBSW,0.042627
2023-07-31,AUD,3M,3M BBSW,0.042568999999999996
2023-07-28,AUD,3M,3M BBSW,0.042812
2023-07-27,AUD,3M,3M BBSW,0.042759
2023-07-26,AUD,3M,3M BBSW,0.0435
2023-07-25,AUD,3M,3M BBSW,0.043545999999999994
2023-07-24,AUD,3M,3M BBSW,0.043575
2023-07-21,AUD,3M,3M BBSW,0.043579
2023-07-20,AUD,3M,3M BBSW,0.042969999999999994
2023-07-19,AUD,3M,3M BBSW,0.04285
2023-07-18,AUD,3M,3M BBSW,0.042873999999999995
2023-07-17,AUD,3M,3M BBSW,0.042983
2023-07-14,AUD,3M,3M BBSW,0.042891000000000006
2023-07-13,AUD,3M,3M BBSW,0.042929
2023-07-12,AUD,3M,3M BBSW,0.04305
2023-07-11,AUD,3M,3M BBSW,0.043013
2023-07-10,AUD,3M,3M BBSW,0.0431
2023-07-07,AUD,3M,3M BBSW,0.043026
2023-07-06,AUD,3M,3M BBSW,0.042800000000000005
2023-07-05,AUD,3M,3M BBSW,0.042679999999999996
2023-07-04,AUD,3M,3M BBSW,0.043348000000000005
2023-07-03,AUD,3M,3M BBSW,0.043491999999999996
2023-06-30,AUD,3M,3M BBSW,0.043507
2023-06-29,AUD,3M,3M BBSW,0.042926
2023-06-28,AUD,3M,3M BBSW,0.043055
2023-06-27,AUD,3M,3M BBSW,0.04298
2023-06-26,AUD,3M,3M BBSW,0.043171999999999995
2023-06-23,AUD,3M,3M BBSW,0.043213
2023-06-22,AUD,3M,3M BBSW,0.042835
2023-06-21,AUD,3M,3M BBSW,0.04283000000000001
2023-06-20,AUD,3M,3M BBSW,0.043178999999999995
2023-06-19,AUD,3M,3M BBSW,0.043153
2023-06-16,AUD,3M,3M BBSW,0.04302399999999999
2023-06-15,AUD,3M,3M BBSW,0.042359999999999995
2023-06-14,AUD,3M,3M BBSW,0.042199
2023-06-13,AUD,3M,3M BBSW,0.042165
2023-06-09,AUD,3M,3M BBSW,0.04206699999999999
2023-06-08,AUD,3M,3M BBSW,0.042019
2023-06-07,AUD,3M,3M BBSW,0.041793
2023-06-06,AUD,3M,3M BBSW,0.040504
2023-06-05,AUD,3M,3M BBSW,0.040726000000000005
2023-06-02,AUD,3M,3M BBSW,0.040217
2023-06-01,AUD,3M,3M BBSW,0.040145
2023-05-31,AUD,3M,3M BBSW,0.039818
2023-05-30,AUD,3M,3M BBSW,0.039580000000000004
2023-05-29,AUD,3M,3M BBSW,0.039537
2023-05-26,AUD,3M,3M BBSW,0.039476
2023-05-25,AUD,3M,3M BBSW,0.039297
2023-05-24,AUD,3M,3M BBSW,0.03923
2023-05-23,AUD,3M,3M BBSW,0.039155
2023-05-22,AUD,3M,3M BBSW,0.039167
2023-05-19,AUD,3M,3M BBSW,0.039293999999999996
2023-05-18,AUD,3M,3M BBSW,0.039186
2023-05-17,AUD,3M,3M BBSW,0.039226000000000004
2023-05-16,AUD,3M,3M BBSW,0.039122
2023-05-15,AUD,3M,3M BBSW,0.038959
2023-05-12,AUD,3M,3M BBSW,0.038849999999999996
2023-05-11,AUD,3M,3M BBSW,0.038743
2023-05-10,AUD,3M,3M BBSW,0.038774
2023-05-09,AUD,3M,3M BBSW,0.038759
2023-05-08,AUD,3M,3M BBSW,0.038761000000000004
2023-05-05,AUD,3M,3M BBSW,0.038715
2023-05-04,AUD,3M,3M BBSW,0.03872
2023-05-03,AUD,3M,3M BBSW,0.038740000000000004
2023-05-02,AUD,3M,3M BBSW,0.036859
2023-05-01,AUD,3M,3M BBSW,0.036674000000000005
2023-04-28,AUD,3M,3M BBSW,0.036781
2023-04-27,AUD,3M,3M BBSW,0.036586
2023-04-26,AUD,3M,3M BBSW,0.036761
2023-04-24,AUD,3M,3M BBSW,0.036832
2023-04-21,AUD,3M,3M BBSW,0.036821
2023-04-20,AUD,3M,3M BBSW,0.036857
2023-04-19,AUD,3M,3M BBSW,0.036789999999999996
2023-04-18,AUD,3M,3M BBSW,0.036613
2023-04-17,AUD,3M,3M BBSW,0.036608
2023-04-14,AUD,3M,3M BBSW,0.036543
2023-04-13,AUD,3M,3M BBSW,0.036448
2023-04-12,AUD,3M,3M BBSW,0.036469999999999995
2023-04-11,AUD,3M,3M BBSW,0.036527
2023-04-06,AUD,3M,3M BBSW,0.03639
2023-04-05,AUD,3M,3M BBSW,0.036431
2023-04-04,AUD,3M,3M BBSW,0.036983
2023-04-03,AUD,3M,3M BBSW,0.036991
2023-03-31,AUD,3M,3M BBSW,0.037149999999999996
2023-03-30,AUD,3M,3M BBSW,0.037088
2023-03-29,AUD,3M,3M BBSW,0.037044
2023-03-28,AUD,3M,3M BBSW,0.036991
2023-03-27,AUD,3M,3M BBSW,0.03695
2023-03-23,AUD,3M,3M BBSW,0.03696
2023-03-22,AUD,3M,3M BBSW,0.036884
2023-03-21,AUD,3M,3M BBSW,0.036732
2023-03-20,AUD,3M,3M BBSW,0.036885
2023-03-17,AUD,3M,3M BBSW,0.036857
2023-03-16,AUD,3M,3M BBSW,0.036615
2023-03-15,AUD,3M,3M BBSW,0.036583000000000004
2023-03-14,AUD,3M,3M BBSW,0.036379999999999996
2023-03-13,AUD,3M,3M BBSW,0.036446
2023-03-10,AUD,3M,3M BBSW,0.0364
2023-03-09,AUD,3M,3M BBSW,0.036361
2023-03-08,AUD,3M,3M BBSW,0.036332
2023-03-07,AUD,3M,3M BBSW,0.036324
2023-03-06,AUD,3M,3M BBSW,0.036324999999999996
2023-03-03,AUD,3M,3M BBSW,0.036286
2023-03-02,AUD,3M,3M BBSW,0.036237
2023-03-01,AUD,3M,3M BBSW,0.035949
2023-02-28,AUD,3M,3M BBSW,0.035628
2023-02-27,AUD,3M,3M BBSW,0.0355
2023-02-24,AUD,3M,3M BBSW,0.035134
2023-02-23,AUD,3M,3M BBSW,0.03505
2023-02-22,AUD,3M,3M BBSW,0.035224000000000005
2023-02-21,AUD,3M,3M BBSW,0.034994
2023-02-20,AUD,3M,3M BBSW,0.034745
2023-02-17,AUD,3M,3M BBSW,0.034651999999999995
2023-02-16,AUD,3M,3M BBSW,0.034735999999999996
2023-02-15,AUD,3M,3M BBSW,0.034866
2023-02-14,AUD,3M,3M BBSW,0.03489
2023-02-13,AUD,3M,3M BBSW,0.035002
2023-02-10,AUD,3M,3M BBSW,0.034681000000000003
2025-11-12,AUD,10Y,3M BBSW,0.04241200000003022
2025-11-11,AUD,10Y,3M BBSW,0.04213400000002991
2025-11-10,AUD,10Y,3M BBSW,0.042193000000031546
2025-11-07,AUD,10Y,3M BBSW,0.04169699827949236
2025-11-06,AUD,10Y,3M BBSW,0.04165600000003946
2025-11-05,AUD,10Y,3M BBSW,0.04197700000003382
2025-11-04,AUD,10Y,3M BBSW,0.04178700000003159
2025-11-12,AUD,12Y,3M BBSW,0.04352700000002459
2025-11-11,AUD,12Y,3M BBSW,0.04322000000002848
2025-11-10,AUD,12Y,3M BBSW,0.043295000000030816
2025-11-07,AUD,12Y,3M BBSW,0.04281800345762921
2025-11-06,AUD,12Y,3M BBSW,0.042762000000027924
2025-11-05,AUD,12Y,3M BBSW,0.043094000000024585
2025-11-04,AUD,12Y,3M BBSW,0.04288800000002817
2025-11-12,AUD,15Y,3M BBSW,0.044665000000011175
2025-11-11,AUD,15Y,3M BBSW,0.04434400000000971
2025-11-10,AUD,15Y,3M BBSW,0.044444000000011405
2025-11-07,AUD,15Y,3M BBSW,0.04398600795105301
2025-11-06,AUD,15Y,3M BBSW,0.04388700000000927
2025-11-05,AUD,15Y,3M BBSW,0.04421800000001003
2025-11-04,AUD,15Y,3M BBSW,0.04401200000001053
2025-11-12,AUD,18M,3M BBSW,0.035794999999947376
2025-11-11,AUD,18M,3M BBSW,0.03576400000000045
2025-11-10,AUD,18M,3M BBSW,0.03575499999996364
2025-11-07,AUD,18M,3M BBSW,0.03541597409146906
2025-11-06,AUD,18M,3M BBSW,0.03536400000000018
2025-11-05,AUD,18M,3M BBSW,0.03555500000000008
2025-11-04,AUD,18M,3M BBSW,0.03546500000000016
2025-11-12,AUD,1Y,3M BBSW,0.03575000000000022
2025-11-11,AUD,1Y,3M BBSW,0.03576699999999994
2025-11-10,AUD,1Y,3M BBSW,0.03576500000000002
2025-11-07,AUD,1Y,3M BBSW,0.03547292220113877
2025-11-06,AUD,1Y,3M BBSW,0.03544999999999999
2025-11-05,AUD,1Y,3M BBSW,0.03560600000000008
2025-11-04,AUD,1Y,3M BBSW,0.03553800000000016
2025-11-12,AUD,20Y,3M BBSW,0.04549800000006277
2025-11-11,AUD,20Y,3M BBSW,0.045173000000062684
2025-11-10,AUD,20Y,3M BBSW,0.045285000000061845
2025-11-07,AUD,20Y,3M BBSW,0.04484302616757674
2025-11-06,AUD,20Y,3M BBSW,0.04472800000005879
2025-11-05,AUD,20Y,3M BBSW,0.04503500000006362
2025-11-04,AUD,20Y,3M BBSW,0.04483200000006318
2025-11-12,AUD,25Y,3M BBSW,0.045473999999984055
2025-11-11,AUD,25Y,3M BBSW,0.04515999999998452
2025-11-10,AUD,25Y,3M BBSW,0.04527299999998431
2025-11-07,AUD,25Y,3M BBSW,0.044845034266872114
2025-11-06,AUD,25Y,3M BBSW,0.04469099999998564
2025-11-05,AUD,25Y,3M BBSW,0.045010999999983946
2025-11-04,AUD,25Y,3M BBSW,0.04479399999998476
2025-11-12,AUD,2Y,3M BBSW,0.03600200000000008
2025-11-11,AUD,2Y,3M BBSW,0.03595700000000011
2025-11-10,AUD,2Y,3M BBSW,0.03592100000000007
2025-11-07,AUD,2Y,3M BBSW,0.03551692353931557
2025-11-06,AUD,2Y,3M BBSW,0.03548000000000003
2025-11-05,AUD,2Y,3M BBSW,0.03567100000000009
2025-11-04,AUD,2Y,3M BBSW,0.03558300000000006
2025-11-12,AUD,30M,3M BBSW,0.03631599999994227
2025-11-11,AUD,30M,3M BBSW,0.03622499999991676
2025-11-10,AUD,30M,3M BBSW,0.03618000000005037
2025-11-07,AUD,30M,3M BBSW,0.035756946448537844
2025-11-06,AUD,30M,3M BBSW,0.03570699999995149
2025-11-05,AUD,30M,3M BBSW,0.03592099999998581
2025-11-04,AUD,30M,3M BBSW,0.03583199999996105
2025-11-12,AUD,30Y,3M BBSW,0.045168999999971315
2025-11-11,AUD,30Y,3M BBSW,0.04484899999997161
2025-11-10,AUD,30Y,3M BBSW,0.04496399999997151
2025-11-07,AUD,30Y,3M BBSW,0.04453803278624349
2025-11-06,AUD,30Y,3M BBSW,0.04436899999997324
2025-11-05,AUD,30Y,3M BBSW,0.04466599999997048
2025-11-04,AUD,30Y,3M BBSW,0.0444509999999716
2025-11-12,AUD,35Y,3M BBSW,0.04520599999995106
2025-11-11,AUD,35Y,3M BBSW,0.04488499999994709
2025-11-10,AUD,35Y,3M BBSW,0.04499699999994626
2025-11-07,AUD,35Y,3M BBSW,0.044572035095177515
2025-11-06,AUD,35Y,3M BBSW,0.044399999999951686
2025-11-05,AUD,35Y,3M BBSW,0.044693999999941586
2025-11-04,AUD,35Y,3M BBSW,0.04447999999994709
2025-11-12,AUD,3Y,3M BBSW,0.03668799999978121
2025-11-11,AUD,3Y,3M BBSW,0.03654099999982432
2025-11-10,AUD,3Y,3M BBSW,0.03649900000002834
2025-11-07,AUD,3Y,3M BBSW,0.036085950277909624
2025-11-06,AUD,3Y,3M BBSW,0.036008999999772404
2025-11-05,AUD,3Y,3M BBSW,0.03625400000002731
2025-11-04,AUD,3Y,3M BBSW,0.03615999999971177
2025-11-12,AUD,4Y,3M BBSW,0.03747200000000086
2025-11-11,AUD,4Y,3M BBSW,0.03726800000000073
2025-11-10,AUD,4Y,3M BBSW,0.037247999999751646
2025-11-07,AUD,4Y,3M BBSW,0.03680795952652686
2025-11-06,AUD,4Y,3M BBSW,0.03672900000000134
2025-11-05,AUD,4Y,3M BBSW,0.03698399999975063
2025-11-04,AUD,4Y,3M BBSW,0.03687399999976995
2025-11-12,AUD,5Y,3M BBSW,0.03830700000006725
2025-11-11,AUD,5Y,3M BBSW,0.03808900000009154
2025-11-10,AUD,5Y,3M BBSW,0.03805599999994754
2025-11-07,AUD,5Y,3M BBSW,0.03762198451897183
2025-11-06,AUD,5Y,3M BBSW,0.03754900000001873
2025-11-05,AUD,5Y,3M BBSW,0.03782599999995177
2025-11-04,AUD,5Y,3M BBSW,0.03769999999990632
2025-11-12,AUD,6M,3M BBSW,0.036080999999999974
2025-11-11,AUD,6M,3M BBSW,0.0360919999999998
2025-11-10,AUD,6M,3M BBSW,0.0361140000000001
2025-11-07,AUD,6M,3M BBSW,0.03601000000000001
2025-11-06,AUD,6M,3M BBSW,0.03601200000000002
2025-11-05,AUD,6M,3M BBSW,0.03611799999999989
2025-11-04,AUD,6M,3M BBSW,0.03611099999999977
2025-11-03,AUD,6M,3M BBSW,0.03601600000000009
2025-10-31,AUD,6M,3M BBSW,0.03591099999999988
2025-10-30,AUD,6M,3M BBSW,0.03593200000000026
2025-10-29,AUD,6M,3M BBSW,0.03606899999999181
2025-10-28,AUD,6M,3M BBSW,0.03475300000000034
2025-10-27,AUD,6M,3M BBSW,0.03481199999999993
2025-10-24,AUD,6M,3M BBSW,0.03420000000000011
2025-10-23,AUD,6M,3M BBSW,0.03434199999999996
2025-10-22,AUD,6M,3M BBSW,0.03415400000000015
2025-10-21,AUD,6M,3M BBSW,0.03419999999999998
2025-10-20,AUD,6M,3M BBSW,0.03414800000000003
2025-10-17,AUD,6M,3M BBSW,0.03389100000000299
2025-10-16,AUD,6M,3M BBSW,0.03398900000000261
2025-10-15,AUD,6M,3M BBSW,0.03520999999999992
2025-10-14,AUD,6M,3M BBSW,0.03518899999999993
2025-10-13,AUD,6M,3M BBSW,0.03513800000000004
2025-10-10,AUD,6M,3M BBSW,0.03549000000000017
2025-10-09,AUD,6M,3M BBSW,0.03546400000000016
2025-10-08,AUD,6M,3M BBSW,0.035293000000000456
2025-10-07,AUD,6M,3M BBSW,0.03530200000000029
2025-10-03,AUD,6M,3M BBSW,0.034541872478446735
2025-10-02,AUD,6M,3M BBSW,0.035225000000000194
2025-10-01,AUD,6M,3M BBSW,0.03537036816952038
2025-09-30,AUD,6M,3M BBSW,0.03550800000004822
2025-09-29,AUD,6M,3M BBSW,0.03492287281096765
2025-09-26,AUD,6M,3M BBSW,0.035361170668430704
2025-09-25,AUD,6M,3M BBSW,0.03533665131031806
2025-09-24,AUD,6M,3M BBSW,0.035409999999999914
2025-09-23,AUD,6M,3M BBSW,0.0345160000000003
2025-09-22,AUD,6M,3M BBSW,0.03441763908557771
2025-09-19,AUD,6M,3M BBSW,0.03435900000000067
2025-09-18,AUD,6M,3M BBSW,0.03436000000000086
2025-09-17,AUD,6M,3M BBSW,0.03445000000000029
2025-09-16,AUD,6M,3M BBSW,0.03449899999930218
2025-09-15,AUD,6M,3M BBSW,0.03488347924512758
2025-09-12,AUD,6M,3M BBSW,0.03467799999987038
2025-09-11,AUD,6M,3M BBSW,0.03466599999986498
2025-09-10,AUD,6M,3M BBSW,0.03466300000042286
2025-09-09,AUD,6M,3M BBSW,0.0348349999996165
2025-09-08,AUD,6M,3M BBSW,0.03451708991535217
2025-09-05,AUD,6M,3M BBSW,0.03479899999984707
2025-09-04,AUD,6M,3M BBSW,0.03482799999985609
2025-09-03,AUD,6M,3M BBSW,0.03492200000042514
2025-09-02,AUD,6M,3M BBSW,0.03461599999953392
2025-09-01,AUD,6M,3M BBSW,0.03443354856721524
2025-08-29,AUD,6M,3M BBSW,0.03480338465595596
2025-08-28,AUD,6M,3M BBSW,0.03473900588799602
2025-08-27,AUD,6M,3M BBSW,0.0344880000002994
2025-08-26,AUD,6M,3M BBSW,0.03440299999979727
2025-08-25,AUD,6M,3M BBSW,0.03442500000052304
2025-08-22,AUD,6M,3M BBSW,0.03434107614280393
2025-08-21,AUD,6M,3M BBSW,0.03414837370305309
2025-08-20,AUD,6M,3M BBSW,0.03445000000088752
2025-08-19,AUD,6M,3M BBSW,0.03455100000046657
2025-08-18,AUD,6M,3M BBSW,0.03456100000049504
2025-08-15,AUD,6M,3M BBSW,0.03494064863957528
2025-08-14,AUD,6M,3M BBSW,0.03479181064955634
2025-08-13,AUD,6M,3M BBSW,0.03452499999967455
2025-08-12,AUD,6M,3M BBSW,0.03472300000063835
2025-08-11,AUD,6M,3M BBSW,0.03501200000062347
2025-08-08,AUD,6M,3M BBSW,0.0348353729820227
2025-08-07,AUD,6M,3M BBSW,0.034728097610483906
2025-08-06,AUD,6M,3M BBSW,0.03518100000106521
2025-08-05,AUD,6M,3M BBSW,0.03501600000062453
2025-08-01,AUD,6M,3M BBSW,0.03516550242271943
2025-07-31,AUD,6M,3M BBSW,0.035487047211484636
2025-07-30,AUD,6M,3M BBSW,0.03523900000177386
2025-07-29,AUD,6M,3M BBSW,0.03541600000062064
2025-07-28,AUD,6M,3M BBSW,0.03551000000055665
2025-07-25,AUD,6M,3M BBSW,0.03525418847459203
2025-07-24,AUD,6M,3M BBSW,0.03499586516041552
2025-07-23,AUD,6M,3M BBSW,0.03536200000123596
2025-07-22,AUD,6M,3M BBSW,0.03521500000065197
2025-07-21,AUD,6M,3M BBSW,0.03521800000058378
2025-07-18,AUD,6M,3M BBSW,0.034922893183473996
2025-07-17,AUD,6M,3M BBSW,0.03468455554199998
2025-07-16,AUD,6M,3M BBSW,0.035774000001071886
2025-07-15,AUD,6M,3M BBSW,0.035920999999747044
2025-07-14,AUD,6M,3M BBSW,0.03574500000049792
2025-07-11,AUD,6M,3M BBSW,0.03549070973962797
2025-07-10,AUD,6M,3M BBSW,0.03538997360023131
2025-07-09,AUD,6M,3M BBSW,0.03579700000156326
2025-07-08,AUD,6M,3M BBSW,0.03594499999966157
2025-07-07,AUD,6M,3M BBSW,0.03426500000056965
2025-07-04,AUD,6M,3M BBSW,0.03401946826185992
2025-07-03,AUD,6M,3M BBSW,0.03391586339121355
2025-07-02,AUD,6M,3M BBSW,0.03409699999981441
2025-07-01,AUD,6M,3M BBSW,0.03395023557579758
2025-06-30,AUD,6M,3M BBSW,0.03421400000068272
2025-06-27,AUD,6M,3M BBSW,0.03388424113314612
2025-06-26,AUD,6M,3M BBSW,0.0337027219745664
2025-06-25,AUD,6M,3M BBSW,0.0336396627759978
2025-06-24,AUD,6M,3M BBSW,0.03471900000072857
2025-06-23,AUD,6M,3M BBSW,0.03483000000068893
2025-06-20,AUD,6M,3M BBSW,0.0347200275257682
2025-06-19,AUD,6M,3M BBSW,0.03526799999972507
2025-06-18,AUD,6M,3M BBSW,0.035327000001412895
2025-06-17,AUD,6M,3M BBSW,0.03518300000074026
2025-06-16,AUD,6M,3M BBSW,0.03524500000071013
2025-06-13,AUD,6M,3M BBSW,0.0347872982458455
2025-06-12,AUD,6M,3M BBSW,0.03532699999968397
2025-06-11,AUD,6M,3M BBSW,0.03561800000121287
2025-06-10,AUD,6M,3M BBSW,0.03568000000050065
2025-06-06,AUD,6M,3M BBSW,0.0352373071133272
2025-06-05,AUD,6M,3M BBSW,0.03539099999946905
2025-06-04,AUD,6M,3M BBSW,0.03528100000123407
2025-06-03,AUD,6M,3M BBSW,0.03534800000060939
2025-06-02,AUD,6M,3M BBSW,0.03561400000049871
2025-05-30,AUD,6M,3M BBSW,0.03595885714410917
2025-05-29,AUD,6M,3M BBSW,0.03601891138634206
2025-05-28,AUD,6M,3M BBSW,0.03613399999947761
2025-05-27,AUD,6M,3M BBSW,0.0356370000004079
2025-05-26,AUD,6M,3M BBSW,0.0356199999997153
2025-05-23,AUD,6M,3M BBSW,0.03558516830844139
2025-05-22,AUD,6M,3M BBSW,0.03558884582348138
2025-05-21,AUD,6M,3M BBSW,0.03613200000006929
2025-05-20,AUD,6M,3M BBSW,0.03600400000071305
2025-05-19,AUD,6M,3M BBSW,0.03708599999988001
2025-05-16,AUD,6M,3M BBSW,0.03689382116810301
2025-05-15,AUD,6M,3M BBSW,0.03724259709833319
2025-05-14,AUD,6M,3M BBSW,0.036960000000022857
2025-05-13,AUD,6M,3M BBSW,0.03690499999980086
2025-05-12,AUD,6M,3M BBSW,0.03696500000032386
2025-05-09,AUD,6M,3M BBSW,0.03630417232479268
2025-05-08,AUD,6M,3M BBSW,0.03617056394359212
2025-05-07,AUD,6M,3M BBSW,0.03646800000028054
2025-05-06,AUD,6M,3M BBSW,0.03653700000065965
2025-05-05,AUD,6M,3M BBSW,0.0366360000006378
2025-05-02,AUD,6M,3M BBSW,0.03641994765460757
2025-05-01,AUD,6M,3M BBSW,0.03619626130704825
2025-04-30,AUD,6M,3M BBSW,0.03667200000097528
2025-04-29,AUD,6M,3M BBSW,0.036456000001386484
2025-04-28,AUD,6M,3M BBSW,0.03656200000080192
2025-04-24,AUD,6M,3M BBSW,0.03669999999940934
2025-04-23,AUD,6M,3M BBSW,0.03686199999910853
2025-04-22,AUD,6M,3M BBSW,0.03696400000089548
2025-04-17,AUD,6M,3M BBSW,0.03704600000037432
2025-04-16,AUD,6M,3M BBSW,0.03693400000019369
2025-04-15,AUD,6M,3M BBSW,0.03708800000111538
2025-04-14,AUD,6M,3M BBSW,0.03704300000126524
2025-04-11,AUD,6M,3M BBSW,0.03704879929682674
2025-04-10,AUD,6M,3M BBSW,0.03725599999962084
2025-04-09,AUD,6M,3M BBSW,0.03766200000106519
2025-04-08,AUD,6M,3M BBSW,0.0372490000012135
2025-04-07,AUD,6M,3M BBSW,0.038022000000722624
2025-04-04,AUD,6M,3M BBSW,0.03763770130584161
2025-03-28,AUD,6M,3M BBSW,0.03975485763272118
2025-03-27,AUD,6M,3M BBSW,0.03958384013607012
2025-03-26,AUD,6M,3M BBSW,0.03993400000050979
2025-03-25,AUD,6M,3M BBSW,0.03995500000106964
2025-03-24,AUD,6M,3M BBSW,0.03992200000039682
2025-03-21,AUD,6M,3M BBSW,0.03962957711422292
2025-03-20,AUD,6M,3M BBSW,0.03945521195552157
2025-03-19,AUD,6M,3M BBSW,0.04012099999958427
2025-03-18,AUD,6M,3M BBSW,0.04009400000030153
2025-03-17,AUD,6M,3M BBSW,0.040059000000319485
2025-03-14,AUD,6M,3M BBSW,0.03971849595969573
2025-03-13,AUD,6M,3M BBSW,0.039512598746009
2025-03-12,AUD,6M,3M BBSW,0.04005799999956955
2025-03-11,AUD,6M,3M BBSW,0.03996500000036422
2025-03-10,AUD,6M,3M BBSW,0.03986100000038876
2025-03-07,AUD,6M,3M BBSW,0.03974691889807327
2025-03-06,AUD,6M,3M BBSW,0.03960263493319231
2025-03-05,AUD,6M,3M BBSW,0.04018099999900507
2025-03-04,AUD,6M,3M BBSW,0.04007000000033931
2025-03-03,AUD,6M,3M BBSW,0.03997900000037422
2025-02-28,AUD,6M,3M BBSW,0.040113999998732594
2025-02-27,AUD,6M,3M BBSW,0.04013999999892439
2025-02-26,AUD,6M,3M BBSW,0.04025000000018208
2025-02-25,AUD,6M,3M BBSW,0.04027283025590149
2025-02-24,AUD,6M,3M BBSW,0.04013900243520207
2025-02-21,AUD,6M,3M BBSW,0.0406779999996604
2025-02-20,AUD,6M,3M BBSW,0.040720999999509754
2025-02-19,AUD,6M,3M BBSW,0.04064300000005268
2025-02-18,AUD,6M,3M BBSW,0.0407757720270914
2025-02-17,AUD,6M,3M BBSW,0.04039555947809087
2025-02-14,AUD,6M,3M BBSW,0.04067399999949616
2025-02-13,AUD,6M,3M BBSW,0.040577999999152944
2025-02-12,AUD,6M,3M BBSW,0.040994999999926576
2025-02-11,AUD,6M,3M BBSW,0.040855772826188325
2025-02-10,AUD,6M,3M BBSW,0.04044131967482329
2025-02-07,AUD,6M,3M BBSW,0.04066999999947917
2025-02-06,AUD,6M,3M BBSW,0.04056199999903291
2025-02-05,AUD,6M,3M BBSW,0.040645999999729884
2025-02-04,AUD,6M,3M BBSW,0.04056278556929005
2025-02-03,AUD,6M,3M BBSW,0.04034996360608146
2025-01-31,AUD,6M,3M BBSW,0.04091899999929885
2025-01-30,AUD,6M,3M BBSW,0.04092599999943697
2025-01-29,AUD,6M,3M BBSW,0.04104399999913566
2025-01-28,AUD,6M,3M BBSW,0.04153700000067893
2025-01-24,AUD,6M,3M BBSW,0.041714999999478995
2025-01-23,AUD,6M,3M BBSW,0.04177899999949203
2025-01-22,AUD,6M,3M BBSW,0.04197200000044038
2025-01-21,AUD,6M,3M BBSW,0.041914700195083615
2025-01-20,AUD,6M,3M BBSW,0.041720097678580495
2025-01-17,AUD,6M,3M BBSW,0.04202399999952002
2025-01-16,AUD,6M,3M BBSW,0.04203799999999459
2025-01-15,AUD,6M,3M BBSW,0.04199199999952445
2025-01-14,AUD,6M,3M BBSW,0.04232499999880719
2025-01-13,AUD,6M,3M BBSW,0.04196994975028135
2025-01-10,AUD,6M,3M BBSW,0.04212199999835931
2025-01-09,AUD,6M,3M BBSW,0.041981999999994433
2025-01-08,AUD,6M,3M BBSW,0.042025999999494405
2025-01-07,AUD,6M,3M BBSW,0.04240199999951995
2025-01-06,AUD,6M,3M BBSW,0.04197891335047053
2025-01-03,AUD,6M,3M BBSW,0.04203599999893361
2025-01-02,AUD,6M,3M BBSW,0.042042000001102225
2024-12-31,AUD,6M,3M BBSW,0.04216667814722433
2024-12-30,AUD,6M,3M BBSW,0.04221968537374699
2024-12-27,AUD,6M,3M BBSW,0.04225900000134431
2024-12-24,AUD,6M,3M BBSW,0.04244400000144271
2024-12-23,AUD,6M,3M BBSW,0.042586640925557244
2024-12-20,AUD,6M,3M BBSW,0.0427920000010441
2024-12-19,AUD,6M,3M BBSW,0.04286399999999997
2024-12-18,AUD,6M,3M BBSW,0.042993999999463364
2024-12-17,AUD,6M,3M BBSW,0.043015999999471886
2024-12-16,AUD,6M,3M BBSW,0.04318154305607606
2024-12-13,AUD,6M,3M BBSW,0.043289000000000646
2024-12-12,AUD,6M,3M BBSW,0.04338000000116016
2024-12-11,AUD,6M,3M BBSW,0.04281299999945473
2024-12-10,AUD,6M,3M BBSW,0.04291800000059364
2024-12-09,AUD,6M,3M BBSW,0.04315661590651651
2024-12-06,AUD,6M,3M BBSW,0.0430160000010924
2024-12-05,AUD,6M,3M BBSW,0.04319900000105986
2024-12-04,AUD,6M,3M BBSW,0.04303399999942894
2024-12-03,AUD,6M,3M BBSW,0.04357399999948625
2024-12-02,AUD,6M,3M BBSW,0.04359345641809507
2024-11-29,AUD,6M,3M BBSW,0.043594747370327376
2024-11-28,AUD,6M,3M BBSW,0.04367500000105155
2024-11-27,AUD,6M,3M BBSW,0.04355999999955178
2024-11-26,AUD,6M,3M BBSW,0.04359000000044137
2024-11-25,AUD,6M,3M BBSW,0.043392535690526216
2024-11-22,AUD,6M,3M BBSW,0.04372905236357824
2024-11-21,AUD,6M,3M BBSW,0.043812000000974335
2024-11-20,AUD,6M,3M BBSW,0.04378200000000078
2024-11-19,AUD,6M,3M BBSW,0.04372400000042755
2024-11-18,AUD,6M,3M BBSW,0.043403472807003275
2024-11-15,AUD,6M,3M BBSW,0.04416542245561476
2024-11-14,AUD,6M,3M BBSW,0.04393300000110403
2024-11-13,AUD,6M,3M BBSW,0.04402500000175582
2024-11-12,AUD,6M,3M BBSW,0.04396199999953722
2024-11-11,AUD,6M,3M BBSW,0.04359742278622611
2024-11-08,AUD,6M,3M BBSW,0.04373504565332411
2024-11-07,AUD,6M,3M BBSW,0.04376400000124707
2024-11-06,AUD,6M,3M BBSW,0.0437540000017518
2024-11-05,AUD,6M,3M BBSW,0.04379800000040719
2024-11-04,AUD,6M,3M BBSW,0.043359712249667004
2024-11-01,AUD,6M,3M BBSW,0.043621076355905064
2024-10-31,AUD,6M,3M BBSW,0.04385711817520882
2024-10-30,AUD,6M,3M BBSW,0.0438180000004136
2024-10-29,AUD,6M,3M BBSW,0.04345199999962593
2024-10-28,AUD,6M,3M BBSW,0.04337900000039063
2024-10-24,AUD,6M,3M BBSW,0.04331900000109075
2024-10-23,AUD,6M,3M BBSW,0.043522999998180406
2024-10-22,AUD,6M,3M BBSW,0.04348799999842905
2024-10-21,AUD,6M,3M BBSW,0.04311635664718935
2024-10-17,AUD,6M,3M BBSW,0.04336300000087619
2024-10-16,AUD,6M,3M BBSW,0.04285800000000995
2024-10-15,AUD,6M,3M BBSW,0.04311900000041426
2024-10-14,AUD,6M,3M BBSW,0.04324800000040662
2024-10-11,AUD,6M,3M BBSW,0.04332515987315468
2024-10-10,AUD,6M,3M BBSW,0.04332200000133903
2024-10-09,AUD,6M,3M BBSW,0.043379999998964
2024-10-08,AUD,6M,3M BBSW,0.04325000000042016
2024-10-04,AUD,6M,3M BBSW,0.04299126897082002
2024-10-03,AUD,6M,3M BBSW,0.04283700000000417
2024-10-02,AUD,6M,3M BBSW,0.04291599999955323
2024-10-01,AUD,6M,3M BBSW,0.042947625103849
2024-09-30,AUD,6M,3M BBSW,0.042734110348195194
2024-09-27,AUD,6M,3M BBSW,0.042916000001584756
2024-09-26,AUD,6M,3M BBSW,0.04297060734821669
2024-09-25,AUD,6M,3M BBSW,0.04292128018110267
2024-09-24,AUD,6M,3M BBSW,0.04280999999876602
2024-09-23,AUD,6M,3M BBSW,0.04296187364012302
2024-09-20,AUD,6M,3M BBSW,0.04301700000133378
2024-09-19,AUD,6M,3M BBSW,0.04302200000107928
2024-09-18,AUD,6M,3M BBSW,0.04285300000038782
2024-09-17,AUD,6M,3M BBSW,0.042760000000386614
2024-09-16,AUD,6M,3M BBSW,0.042463586759447274
2024-09-13,AUD,6M,3M BBSW,0.042764000000001454
2024-09-12,AUD,6M,3M BBSW,0.04294900000105693
2024-09-11,AUD,6M,3M BBSW,0.043157999999558216
2024-09-10,AUD,6M,3M BBSW,0.04307199999945961
2024-09-09,AUD,6M,3M BBSW,0.04296188044429243
2024-09-06,AUD,6M,3M BBSW,0.04321099999903042
2024-09-05,AUD,6M,3M BBSW,0.04318799999875409
2024-09-04,AUD,6M,3M BBSW,0.0431259999985908
2024-09-03,AUD,6M,3M BBSW,0.04322699999860098
2024-09-02,AUD,6M,3M BBSW,0.04319461776289406
2024-08-30,AUD,6M,3M BBSW,0.04343128769039677
2024-08-29,AUD,6M,3M BBSW,0.04336280424128089
2024-08-27,AUD,6M,3M BBSW,0.04272799999956797
2024-08-26,AUD,6M,3M BBSW,0.04260399999876741
2024-08-23,AUD,6M,3M BBSW,0.042485543699853336
2024-08-22,AUD,6M,3M BBSW,0.04243914170862145
2024-08-21,AUD,6M,3M BBSW,0.042997000000002956
2024-08-20,AUD,6M,3M BBSW,0.042978999999998366
2024-08-19,AUD,6M,3M BBSW,0.043043999998875766
2024-08-16,AUD,6M,3M BBSW,0.04279976758885184
2024-08-15,AUD,6M,3M BBSW,0.0437624545074629
2024-08-14,AUD,6M,3M BBSW,0.042736000000002355
2024-08-13,AUD,6M,3M BBSW,0.0428599999999983
2024-08-12,AUD,6M,3M BBSW,0.043104999998723324
2024-08-09,AUD,6M,3M BBSW,0.042997651145671195
2024-08-08,AUD,6M,3M BBSW,0.04280620393693942
2024-08-07,AUD,6M,3M BBSW,0.0433040000000039
2024-08-06,AUD,6M,3M BBSW,0.0432660000007377
2024-08-02,AUD,6M,3M BBSW,0.042910177439406484
2024-08-01,AUD,6M,3M BBSW,0.04319601758544555
2024-07-31,AUD,6M,3M BBSW,0.04413199999833543
2024-07-30,AUD,6M,3M BBSW,0.04488399999999702
2024-07-29,AUD,6M,3M BBSW,0.045005999999463545
2024-07-26,AUD,6M,3M BBSW,0.04439479136503522
2024-07-24,AUD,6M,3M BBSW,0.04495999999999531
2024-07-23,AUD,6M,3M BBSW,0.045013999999997154
2024-07-22,AUD,6M,3M BBSW,0.044922999999463524
2024-07-19,AUD,6M,3M BBSW,0.04473184021215301
2024-07-18,AUD,6M,3M BBSW,0.044281402795015336
2024-07-17,AUD,6M,3M BBSW,0.044527000000003605
2024-07-16,AUD,6M,3M BBSW,0.04452799999999786
2024-07-15,AUD,6M,3M BBSW,0.04464899999946323
2024-07-12,AUD,6M,3M BBSW,0.04450810975954174
2024-07-11,AUD,6M,3M BBSW,0.044399133434725166
2024-07-10,AUD,6M,3M BBSW,0.045007000000003634
2024-07-09,AUD,6M,3M BBSW,0.04506399999999797
2024-07-08,AUD,6M,3M BBSW,0.04510099999857406
2024-07-05,AUD,6M,3M BBSW,0.04483161922786885
2024-07-04,AUD,6M,3M BBSW,0.04468903499046557
2024-07-03,AUD,6M,3M BBSW,0.045152000000003675
2024-07-02,AUD,6M,3M BBSW,0.04504899999999814
2024-07-01,AUD,6M,3M BBSW,0.04488545652288765
2024-06-28,AUD,6M,3M BBSW,0.0446295505818936
2024-06-27,AUD,6M,3M BBSW,0.04504999999898521
2024-06-26,AUD,6M,3M BBSW,0.04488812516394404
2024-06-24,AUD,6M,3M BBSW,0.0442200000000018
2024-06-21,AUD,6M,3M BBSW,0.04380468990687288
2024-06-20,AUD,6M,3M BBSW,0.044165999999046725
2024-06-19,AUD,6M,3M BBSW,0.04412999999999574
2024-06-18,AUD,6M,3M BBSW,0.044049999998722555
2024-06-17,AUD,6M,3M BBSW,0.04381199999862888
2024-06-14,AUD,6M,3M BBSW,0.0449282456997603
2024-06-13,AUD,6M,3M BBSW,0.043828999998302726
2024-06-12,AUD,6M,3M BBSW,0.04354299999999532
2024-06-11,AUD,6M,3M BBSW,0.04392199999858187
2024-06-07,AUD,6M,3M BBSW,0.04347927265797045
2024-06-06,AUD,6M,3M BBSW,0.04374100000103812
2024-06-05,AUD,6M,3M BBSW,0.043708000001372885
2024-06-04,AUD,6M,3M BBSW,0.043747999998615617
2024-06-03,AUD,6M,3M BBSW,0.04387199999860395
2024-05-31,AUD,6M,3M BBSW,0.04427559909053871
2024-05-30,AUD,6M,3M BBSW,0.04421495971872674
2024-05-29,AUD,6M,3M BBSW,0.04410500000000203
2024-05-28,AUD,6M,3M BBSW,0.04395100000069772
2024-05-27,AUD,6M,3M BBSW,0.04373099999884844
2024-05-24,AUD,6M,3M BBSW,0.04359023837305855
2024-05-23,AUD,6M,3M BBSW,0.043311828043370436
2024-05-22,AUD,6M,3M BBSW,0.04379000000000202
2024-05-21,AUD,6M,3M BBSW,0.043637999999998664
2024-05-20,AUD,6M,3M BBSW,0.04369299999876715
2024-05-17,AUD,6M,3M BBSW,0.04341424611428591
2024-05-16,AUD,6M,3M BBSW,0.0432465148812016
2024-05-15,AUD,6M,3M BBSW,0.04392500000000324
2024-05-14,AUD,6M,3M BBSW,0.044120999999998356
2024-05-13,AUD,6M,3M BBSW,0.04407799999874753
2024-05-10,AUD,6M,3M BBSW,0.04402678655776546
2024-05-09,AUD,6M,3M BBSW,0.0437768322305991
2024-05-08,AUD,6M,3M BBSW,0.04430900000000235
2024-05-07,AUD,6M,3M BBSW,0.04432499999999795
2024-05-06,AUD,6M,3M BBSW,0.04475399999855742
2024-05-03,AUD,6M,3M BBSW,0.044304636921593456
2024-05-02,AUD,6M,3M BBSW,0.044098375835754086
2024-05-01,AUD,6M,3M BBSW,0.04464799999999822
2024-04-30,AUD,6M,3M BBSW,0.044641999999994436
2024-04-29,AUD,6M,3M BBSW,0.04471900000000226
2024-04-26,AUD,6M,3M BBSW,0.0442936570486292
2024-04-24,AUD,6M,3M BBSW,0.04432399999849365
2024-04-23,AUD,6M,3M BBSW,0.04374800000070299
2024-04-22,AUD,6M,3M BBSW,0.04369899999950275
2024-04-19,AUD,6M,3M BBSW,0.043142064475703776
2024-04-18,AUD,6M,3M BBSW,0.04369999999909616
2024-04-17,AUD,6M,3M BBSW,0.043674999999998375
2024-04-16,AUD,6M,3M BBSW,0.04369399999883293
2024-04-15,AUD,6M,3M BBSW,0.043620999998816794
2024-04-12,AUD,6M,3M BBSW,0.043011481407249405
2024-04-11,AUD,6M,3M BBSW,0.043593999999997
2024-04-10,AUD,6M,3M BBSW,0.04350699999999881
2024-04-09,AUD,6M,3M BBSW,0.043337999998780304
2024-04-08,AUD,6M,3M BBSW,0.04339499999894829
2024-04-04,AUD,6M,3M BBSW,0.04335699999889732
2024-04-03,AUD,6M,3M BBSW,0.04333100000000485
2024-04-02,AUD,6M,3M BBSW,0.04332700000000074
2024-03-28,AUD,6M,3M BBSW,0.04280523882066371
2024-03-27,AUD,6M,3M BBSW,0.043226999999027
2024-03-26,AUD,6M,3M BBSW,0.04324299999999867
2024-03-25,AUD,6M,3M BBSW,0.04323399999887649
2024-03-22,AUD,6M,3M BBSW,0.04301353412087039
2024-03-21,AUD,6M,3M BBSW,0.0428477788987795
2024-03-20,AUD,6M,3M BBSW,0.04318300000000226
2024-03-19,AUD,6M,3M BBSW,0.043181000001020965
2024-03-18,AUD,6M,3M BBSW,0.043293000000000595
2024-03-15,AUD,6M,3M BBSW,0.04418645795239176
2024-03-14,AUD,6M,3M BBSW,0.04405061894551968
2024-03-13,AUD,6M,3M BBSW,0.043200000000002084
2024-03-12,AUD,6M,3M BBSW,0.043161999999997064
2024-03-11,AUD,6M,3M BBSW,0.043111999998881705
2024-03-08,AUD,6M,3M BBSW,0.0429544858485512
2024-03-07,AUD,6M,3M BBSW,0.042845801687130154
2024-03-06,AUD,6M,3M BBSW,0.04327100000000244
2024-03-05,AUD,6M,3M BBSW,0.043257000000710734
2024-03-04,AUD,6M,3M BBSW,0.043345000000001396
2024-03-01,AUD,6M,3M BBSW,0.043084120897278956
2024-02-29,AUD,6M,3M BBSW,0.043348000000005785
2024-02-28,AUD,6M,3M BBSW,0.043288000000013094
2024-02-27,AUD,6M,3M BBSW,0.04342799999905139
2024-02-26,AUD,6M,3M BBSW,0.0433084471226325
2024-02-23,AUD,6M,3M BBSW,0.04329600000000256
2024-02-22,AUD,6M,3M BBSW,0.043264000000003244
2024-02-21,AUD,6M,3M BBSW,0.04326399999905018
2024-02-20,AUD,6M,3M BBSW,0.04314400000000098
2024-02-19,AUD,6M,3M BBSW,0.04322346474814991
2024-02-16,AUD,6M,3M BBSW,0.043345999999029876
2024-02-15,AUD,6M,3M BBSW,0.0432770000015141
2024-02-14,AUD,6M,3M BBSW,0.04350999999824413
2024-02-13,AUD,6M,3M BBSW,0.043517999998222
2024-02-12,AUD,6M,3M BBSW,0.04343343186318541
2024-02-09,AUD,6M,3M BBSW,0.043441000000002686
2024-02-08,AUD,6M,3M BBSW,0.04333900000000299
2024-02-07,AUD,6M,3M BBSW,0.043332999999066285
2024-02-06,AUD,6M,3M BBSW,0.043317000000000716
2024-02-05,AUD,6M,3M BBSW,0.04308299993558247
2024-02-02,AUD,6M,3M BBSW,0.04306299999833017
2024-02-01,AUD,6M,3M BBSW,0.042804999998902346
2024-01-31,AUD,6M,3M BBSW,0.04276600000000044
2024-01-30,AUD,6M,3M BBSW,0.04323899999880268
2024-01-29,AUD,6M,3M BBSW,0.043236000000000316
2024-01-25,AUD,6M,3M BBSW,0.0434614577643403
2024-01-24,AUD,6M,3M BBSW,0.043546000000004546
2024-01-23,AUD,6M,3M BBSW,0.043475000000000236
2024-01-22,AUD,6M,3M BBSW,0.043388000000000704
2024-01-19,AUD,6M,3M BBSW,0.043534999998962466
2024-01-18,AUD,6M,3M BBSW,0.043506000000002404
2024-01-17,AUD,6M,3M BBSW,0.0435849999990675
2024-01-16,AUD,6M,3M BBSW,0.04350799999819512
2024-01-15,AUD,6M,3M BBSW,0.04338000000087717
2024-01-12,AUD,6M,3M BBSW,0.04326800000000294
2024-01-11,AUD,6M,3M BBSW,0.04331400000156456
2024-01-10,AUD,6M,3M BBSW,0.04345599999904941
2024-01-09,AUD,6M,3M BBSW,0.04338599999903431
2024-01-08,AUD,6M,3M BBSW,0.04347199999908314
2024-01-05,AUD,6M,3M BBSW,0.04359599999830957
2024-01-04,AUD,6M,3M BBSW,0.04349600000095549
2024-01-03,AUD,6M,3M BBSW,0.04343399999900979
2024-01-02,AUD,6M,3M BBSW,0.043397999999002866
2023-12-29,AUD,6M,3M BBSW,0.043398441865408505
2023-12-28,AUD,6M,3M BBSW,0.04315200000000015
2023-12-27,AUD,6M,3M BBSW,0.04321599999999707
2023-12-22,AUD,6M,3M BBSW,0.042903624242718916
2023-12-21,AUD,6M,3M BBSW,0.0432850000000071
2023-12-20,AUD,6M,3M BBSW,0.04333700000158338
2023-12-19,AUD,6M,3M BBSW,0.04348499999867186
2023-12-18,AUD,6M,3M BBSW,0.043372999999022055
2023-12-15,AUD,6M,3M BBSW,0.04389065417608017
2023-12-14,AUD,6M,3M BBSW,0.04337100000000309
2023-12-13,AUD,6M,3M BBSW,0.04326299999999885
2023-12-12,AUD,6M,3M BBSW,0.04385099999863509
2023-12-11,AUD,6M,3M BBSW,0.04384000000000027
2023-12-07,AUD,6M,3M BBSW,0.04378099999826989
2023-12-06,AUD,6M,3M BBSW,0.04361900000000425
2023-12-05,AUD,6M,3M BBSW,0.043952999998945703
2023-12-04,AUD,6M,3M BBSW,0.0446209999982291
2023-12-01,AUD,6M,3M BBSW,0.043859349845017166
2023-11-30,AUD,6M,3M BBSW,0.04444800000123464
2023-11-29,AUD,6M,3M BBSW,0.04440300000000217
2023-11-28,AUD,6M,3M BBSW,0.044802000000000425
2023-11-27,AUD,6M,3M BBSW,0.04480399999886348
2023-11-24,AUD,6M,3M BBSW,0.044923537662775084
2023-11-23,AUD,6M,3M BBSW,0.04487599999856737
2023-11-22,AUD,6M,3M BBSW,0.04496400000000081
2023-11-21,AUD,6M,3M BBSW,0.04438099999869641
2023-11-20,AUD,6M,3M BBSW,0.04456199999884189
2023-11-17,AUD,6M,3M BBSW,0.04452768427457791
2023-11-16,AUD,6M,3M BBSW,0.04437899999893256
2023-11-15,AUD,6M,3M BBSW,0.04474300000146313
2023-11-14,AUD,6M,3M BBSW,0.04485800000040074
2023-11-13,AUD,6M,3M BBSW,0.04508399999839402
2023-11-10,AUD,6M,3M BBSW,0.045047537527020454
2023-11-09,AUD,6M,3M BBSW,0.045044999998939204
2023-11-08,AUD,6M,3M BBSW,0.044807999999999494
2023-11-07,AUD,6M,3M BBSW,0.04488399999837731
2023-11-06,AUD,6M,3M BBSW,0.04479399999842395
2023-11-03,AUD,6M,3M BBSW,0.04451265607800811
2023-11-02,AUD,6M,3M BBSW,0.04463000000106315
2023-11-01,AUD,6M,3M BBSW,0.044652999998949665
2023-10-31,AUD,6M,3M BBSW,0.04510471140347022
2023-10-30,AUD,6M,3M BBSW,0.044743000000429106
2023-10-26,AUD,6M,3M BBSW,0.04423813419714222
2023-10-25,AUD,6M,3M BBSW,0.044007901386839576
2023-10-24,AUD,6M,3M BBSW,0.04345299999821628
2023-10-23,AUD,6M,3M BBSW,0.04317600000000155
2023-10-20,AUD,6M,3M BBSW,0.04273050728723336
2023-10-19,AUD,6M,3M BBSW,0.0432379999983463
2023-10-18,AUD,6M,3M BBSW,0.04337800000000325
2023-10-17,AUD,6M,3M BBSW,0.04323399999823379
2023-10-16,AUD,6M,3M BBSW,0.04238399999887581
2023-10-12,AUD,6M,3M BBSW,0.04237899999891235
2023-10-11,AUD,6M,3M BBSW,0.0421629999999972
2023-10-10,AUD,6M,3M BBSW,0.04220599999901324
2023-10-09,AUD,6M,3M BBSW,0.042119999999012545
2023-10-05,AUD,6M,3M BBSW,0.04228199999876216
2023-10-04,AUD,6M,3M BBSW,0.04240199999999768
2023-10-03,AUD,6M,3M BBSW,0.042621999999999514
2023-09-29,AUD,6M,3M BBSW,0.04284714429743212
2023-09-28,AUD,6M,3M BBSW,0.04272099999886185
2023-09-27,AUD,6M,3M BBSW,0.04260600000096341
2023-09-26,AUD,6M,3M BBSW,0.04258548333271161
2023-09-25,AUD,6M,3M BBSW,0.04264400249228691
2023-09-22,AUD,6M,3M BBSW,0.042620000000002406
2023-09-21,AUD,6M,3M BBSW,0.04272300000143584
2023-09-20,AUD,6M,3M BBSW,0.04271699999845374
2023-09-19,AUD,6M,3M BBSW,0.04247699999902292
2023-09-18,AUD,6M,3M BBSW,0.04226700000000046
2023-09-15,AUD,6M,3M BBSW,0.04220700000000333
2023-09-14,AUD,6M,3M BBSW,0.042148000000002434
2023-09-13,AUD,6M,3M BBSW,0.04212900000000078
2023-09-12,AUD,6M,3M BBSW,0.04220400000000026
2023-09-11,AUD,6M,3M BBSW,0.0421580000000007
2023-09-08,AUD,6M,3M BBSW,0.04209500000000302
2023-09-07,AUD,6M,3M BBSW,0.04190199999881481
2023-09-06,AUD,6M,3M BBSW,0.04190199999896524
2023-09-05,AUD,6M,3M BBSW,0.042134000000000935
2023-09-04,AUD,6M,3M BBSW,0.04219500000000034
2023-09-01,AUD,6M,3M BBSW,0.04211399999889803
2023-08-31,AUD,6M,3M BBSW,0.04219398471466097
2023-08-30,AUD,6M,3M BBSW,0.042359635867744855
2023-08-28,AUD,6M,3M BBSW,0.042274999999601263
2023-08-25,AUD,6M,3M BBSW,0.042091595440217545
2023-08-24,AUD,6M,3M BBSW,0.04185254708547357
2023-08-23,AUD,6M,3M BBSW,0.042227000000002526
2023-08-22,AUD,6M,3M BBSW,0.04237199999999838
2023-08-21,AUD,6M,3M BBSW,0.04241299999879434
2023-08-18,AUD,6M,3M BBSW,0.042232802701717385
2023-08-17,AUD,6M,3M BBSW,0.042154305539531256
2023-08-16,AUD,6M,3M BBSW,0.042598000000002474
2023-08-15,AUD,6M,3M BBSW,0.04276899999999751
2023-08-14,AUD,6M,3M BBSW,0.04291699999876577
2023-08-11,AUD,6M,3M BBSW,0.042484385649357186
2023-08-10,AUD,6M,3M BBSW,0.04212659940914745
2023-08-09,AUD,6M,3M BBSW,0.042749000000003354
2023-08-08,AUD,6M,3M BBSW,0.04264299999999734
2023-08-04,AUD,6M,3M BBSW,0.04248738817377252
2023-08-03,AUD,6M,3M BBSW,0.042336348474914846
2023-08-02,AUD,6M,3M BBSW,0.04269699999866004
2023-08-01,AUD,6M,3M BBSW,0.04309099999999745
2023-07-31,AUD,6M,3M BBSW,0.043670999999470564
2023-07-28,AUD,6M,3M BBSW,0.04333663052038833
2023-07-27,AUD,6M,3M BBSW,0.04335539739198367
2023-07-25,AUD,6M,3M BBSW,0.04473599999999771
2023-07-24,AUD,6M,3M BBSW,0.044679999999023036
2023-07-21,AUD,6M,3M BBSW,0.04455276228644059
2023-07-20,AUD,6M,3M BBSW,0.04406678205798313
2023-07-19,AUD,6M,3M BBSW,0.043993999998708844
2023-07-18,AUD,6M,3M BBSW,0.04407899999999721
2023-07-17,AUD,6M,3M BBSW,0.04410600000056317
2023-07-14,AUD,6M,3M BBSW,0.044275359970685324
2023-07-13,AUD,6M,3M BBSW,0.04340782687048519
2023-07-12,AUD,6M,3M BBSW,0.04418599999866893
2023-07-11,AUD,6M,3M BBSW,0.04459199999999758
2023-07-10,AUD,6M,3M BBSW,0.04467899999945217
2023-07-07,AUD,6M,3M BBSW,0.04476648972240494
2023-07-06,AUD,6M,3M BBSW,0.04434778993159427
2023-07-05,AUD,6M,3M BBSW,0.04447000000000141
2023-07-04,AUD,6M,3M BBSW,0.04456999999999875
2023-07-03,AUD,6M,3M BBSW,0.04482799999866374
2023-06-30,AUD,6M,3M BBSW,0.045284894445786456
2023-06-29,AUD,6M,3M BBSW,0.04473300000156688
2023-06-28,AUD,6M,3M BBSW,0.04438199999853469
2023-06-27,AUD,6M,3M BBSW,0.04467499999900319
2023-06-26,AUD,6M,3M BBSW,0.044426629164083346
2023-06-22,AUD,6M,3M BBSW,0.04499499999844231
2023-06-21,AUD,6M,3M BBSW,0.044544999998792835
2023-06-20,AUD,6M,3M BBSW,0.04474499999887632
2023-06-19,AUD,6M,3M BBSW,0.04518100000000056
2023-06-15,AUD,6M,3M BBSW,0.04473800000154828
2023-06-14,AUD,6M,3M BBSW,0.04418599999888876
2023-06-13,AUD,6M,3M BBSW,0.04404099999848625
2023-06-09,AUD,6M,3M BBSW,0.0434148982981136
2023-06-08,AUD,6M,3M BBSW,0.04391399999836263
2023-06-07,AUD,6M,3M BBSW,0.043667000000003606
2023-06-06,AUD,6M,3M BBSW,0.042524000001448646
2023-06-05,AUD,6M,3M BBSW,0.04169000000000053
2023-06-01,AUD,6M,3M BBSW,0.041161999999059985
2023-05-31,AUD,6M,3M BBSW,0.0406465361230494
2023-05-30,AUD,6M,3M BBSW,0.040235000000000326
2023-05-29,AUD,6M,3M BBSW,0.04010599999963183
2023-05-26,AUD,6M,3M BBSW,0.03991481282857229
2023-05-25,AUD,6M,3M BBSW,0.03968287819950058
2023-05-24,AUD,6M,3M BBSW,0.03996400000000137
2023-05-23,AUD,6M,3M BBSW,0.03987900000146568
2023-05-22,AUD,6M,3M BBSW,0.039819000000000916
2023-05-19,AUD,6M,3M BBSW,0.039699023272309
2023-05-18,AUD,6M,3M BBSW,0.03956019748430805
2023-05-17,AUD,6M,3M BBSW,0.03972800000126909
2023-05-16,AUD,6M,3M BBSW,0.03959100000163022
2023-05-15,AUD,6M,3M BBSW,0.039472999998363775
2023-05-12,AUD,6M,3M BBSW,0.03877125256187086
2023-05-11,AUD,6M,3M BBSW,0.03842933021051148
2023-05-10,AUD,6M,3M BBSW,0.03884000000000223
2023-05-09,AUD,6M,3M BBSW,0.03880000000099685
2023-05-08,AUD,6M,3M BBSW,0.03883500000000105
2023-05-05,AUD,6M,3M BBSW,0.03853464588821666
2023-05-04,AUD,6M,3M BBSW,0.03808501950438712
2023-05-03,AUD,6M,3M BBSW,0.0387700000000027
2023-05-02,AUD,6M,3M BBSW,0.03811700000000326
2023-05-01,AUD,6M,3M BBSW,0.03713600000000041
2023-04-28,AUD,6M,3M BBSW,0.03642969275614509
2023-04-27,AUD,6M,3M BBSW,0.03697299999875164
2023-04-26,AUD,6M,3M BBSW,0.03672400000104907
2023-04-24,AUD,6M,3M BBSW,0.03727400000000142
2023-04-21,AUD,6M,3M BBSW,0.03702131472757158
2023-04-20,AUD,6M,3M BBSW,0.03733300000000313
2023-04-19,AUD,6M,3M BBSW,0.03735600000128693
2023-04-18,AUD,6M,3M BBSW,0.0372050000016522
2023-04-17,AUD,6M,3M BBSW,0.03674899999858714
2023-04-14,AUD,6M,3M BBSW,0.03711926603318883
2023-04-13,AUD,6M,3M BBSW,0.03664699999999912
2023-04-12,AUD,6M,3M BBSW,0.03639599999856262
2023-04-11,AUD,6M,3M BBSW,0.03622700000000056
2023-04-06,AUD,6M,3M BBSW,0.03589800000000593
2023-04-05,AUD,6M,3M BBSW,0.03598800000000612
2023-04-04,AUD,6M,3M BBSW,0.03632600000000087
2023-04-03,AUD,6M,3M BBSW,0.03671899999828079
2023-03-31,AUD,6M,3M BBSW,0.03672377747024954
2023-03-30,AUD,6M,3M BBSW,0.03683930464808313
2023-03-29,AUD,6M,3M BBSW,0.03672799999889417
2023-03-28,AUD,6M,3M BBSW,0.03652000000000343
2023-03-27,AUD,6M,3M BBSW,0.03630000000000088
2023-03-24,AUD,6M,3M BBSW,0.03591627142061385
2023-03-23,AUD,6M,3M BBSW,0.03590546744035729
2023-03-22,AUD,6M,3M BBSW,0.03607500000000277
2023-03-21,AUD,6M,3M BBSW,0.03600599999999881
2023-03-20,AUD,6M,3M BBSW,0.03551399999952247
2023-03-17,AUD,6M,3M BBSW,0.03537730932833071
2023-03-16,AUD,6M,3M BBSW,0.0357926935505293
2023-03-15,AUD,6M,3M BBSW,0.035750999998660486
2023-03-14,AUD,6M,3M BBSW,0.03683699999999865
2023-03-13,AUD,6M,3M BBSW,0.03630099999946484
2023-03-10,AUD,6M,3M BBSW,0.03758088932215026
2023-03-09,AUD,6M,3M BBSW,0.037679485973143814
2023-03-08,AUD,6M,3M BBSW,0.0383180000012569
2023-03-07,AUD,6M,3M BBSW,0.03830200000140245
2023-03-06,AUD,6M,3M BBSW,0.03863399999837692
2023-03-03,AUD,6M,3M BBSW,0.038651722420470096
2023-03-02,AUD,6M,3M BBSW,0.03856599888509018
2023-03-01,AUD,6M,3M BBSW,0.0388009999988073
2023-02-28,AUD,6M,3M BBSW,0.03884576094345007
2023-02-27,AUD,6M,3M BBSW,0.03830610634565963
2023-02-24,AUD,6M,3M BBSW,0.03831899999880646
2023-02-23,AUD,6M,3M BBSW,0.03827899999882325
2023-02-22,AUD,6M,3M BBSW,0.03818800000139897
2025-11-12,AUD,6Y,3M BBSW,0.039204999999923176
2025-11-11,AUD,6Y,3M BBSW,0.03897099999991871
2025-11-10,AUD,6Y,3M BBSW,0.03897299999991846
2025-11-07,AUD,6Y,3M BBSW,0.03851401006985663
2025-11-06,AUD,6Y,3M BBSW,0.03844499999989003
2025-11-05,AUD,6Y,3M BBSW,0.03876199999993704
2025-11-04,AUD,6Y,3M BBSW,0.03859999999996312
2025-11-12,AUD,7Y,3M BBSW,0.04012499999997991
2025-11-11,AUD,7Y,3M BBSW,0.03987800000006101
2025-11-10,AUD,7Y,3M BBSW,0.03989100000003416
2025-11-07,AUD,7Y,3M BBSW,0.03942497854272267
2025-11-06,AUD,7Y,3M BBSW,0.03936400000004108
2025-11-05,AUD,7Y,3M BBSW,0.0396860000001739
2025-11-04,AUD,7Y,3M BBSW,0.03950400000003417
2025-11-12,AUD,8Y,3M BBSW,0.04096200000014425
2025-11-11,AUD,8Y,3M BBSW,0.04070100000011194
2025-11-10,AUD,8Y,3M BBSW,0.04074499999991888
2025-11-07,AUD,8Y,3M BBSW,0.040262987752724425
2025-11-06,AUD,8Y,3M BBSW,0.04020599999999802
2025-11-05,AUD,8Y,3M BBSW,0.04053900000000709
2025-11-04,AUD,8Y,3M BBSW,0.04035300000005293
2025-11-12,AUD,9M,3M BBSW,0.03585700000000033
2025-11-11,AUD,9M,3M BBSW,0.035881000000000156
2025-11-10,AUD,9M,3M BBSW,0.035885000000000146
2025-11-07,AUD,9M,3M BBSW,0.03567899326173079
2025-11-06,AUD,9M,3M BBSW,0.03567200000000017
2025-11-05,AUD,9M,3M BBSW,0.03580100000000028
2025-11-04,AUD,9M,3M BBSW,0.03576300000000002
2025-11-12,AUD,9Y,3M BBSW,0.04173000000003062
2025-11-11,AUD,9Y,3M BBSW,0.04146700000001382
2025-11-10,AUD,9Y,3M BBSW,0.04152200000002007
2025-11-07,AUD,9Y,3M BBSW,0.041029993893628075
2025-11-06,AUD,9Y,3M BBSW,0.04098699999988345
2025-11-05,AUD,9Y,3M BBSW,0.041305999999951194
2025-11-04,AUD,9Y,3M BBSW,0.041119999999968175
2025-11-13,AUD,18M,3M BBSW,0.036787
2025-11-13,AUD,1Y,3M BBSW,0.036516
2025-11-13,AUD,2Y,3M BBSW,0.037181
2025-11-13,AUD,30M,3M BBSW,0.03759
2025-11-13,AUD,35Y,3M BBSW,0.04588699999999999
2025-11-13,AUD,3Y,3M BBSW,0.037989999999999996
2025-11-13,AUD,6M,3M BBSW,0.036501
2025-11-13,AUD,9M,3M BBSW,0.036509
2025-11-13,AUD,10Y,3M BBSW,0.045149
2025-11-13,AUD,12Y,3M BBSW,0.046095999999999984
2025-11-13,AUD,15Y,3M BBSW,0.047096
2025-11-13,AUD,20Y,3M BBSW,0.047923999999999994
2025-11-13,AUD,25Y,3M BBSW,0.047949
2025-11-13,AUD,30Y,3M BBSW,0.047685000000000005
2025-11-13,AUD,4Y,3M BBSW,0.041225
2025-11-13,AUD,5Y,3M BBSW,0.041793
2025-11-13,AUD,6Y,3M BBSW,0.04252000000000001
2025-11-13,AUD,7Y,3M BBSW,0.043257
2025-11-13,AUD,8Y,3M BBSW,0.043965
2025-11-13,AUD,9Y,3M BBSW,0.044599
2022-04-15,AUD,15M,3M BBSW,0.017878724372569557
2022-04-18,AUD,15M,3M BBSW,0.017395870433878417
2022-04-25,AUD,15M,3M BBSW,0.02169226589199149
2022-06-13,AUD,15M,3M BBSW,0.03503138347751981
2022-08-01,AUD,15M,3M BBSW,0.030746016077115107
2022-09-22,AUD,15M,3M BBSW,0.03844650146291354
2022-10-03,AUD,15M,3M BBSW,0.03510675016392824
2022-12-26,AUD,15M,3M BBSW,0.038465694443459104
2022-12-27,AUD,15M,3M BBSW,0.038802334713618415
2023-01-02,AUD,15M,3M BBSW,0.03939969850306671
2023-01-26,AUD,15M,3M BBSW,0.037273478344420775
2023-04-07,AUD,15M,3M BBSW,0.03431687399467315
2023-04-10,AUD,15M,3M BBSW,0.03489379028063984
2023-04-25,AUD,15M,3M BBSW,0.036470742260307845
2023-06-02,AUD,15M,3M BBSW,0.040513121287343114
2023-06-12,AUD,15M,3M BBSW,0.04477581662701751
2023-06-16,AUD,15M,3M BBSW,0.04645532443936924
2023-06-23,AUD,15M,3M BBSW,0.046259514176476814
2023-07-26,AUD,15M,3M BBSW,0.04521610544221939
2023-08-07,AUD,15M,3M BBSW,0.042609202694522084
2023-08-29,AUD,15M,3M BBSW,0.04263946690812458
2023-10-02,AUD,15M,3M BBSW,0.044104178296877405
2023-10-06,AUD,15M,3M BBSW,0.04288353352386784
2023-10-13,AUD,15M,3M BBSW,0.04274797889419281
2023-10-27,AUD,15M,3M BBSW,0.04513610323877702
2023-12-08,AUD,15M,3M BBSW,0.043064987248026265
2023-12-25,AUD,15M,3M BBSW,0.040927577703269276
2023-12-26,AUD,15M,3M BBSW,0.04088475662250701
2024-01-01,AUD,15M,3M BBSW,0.041211953783716684
2024-01-26,AUD,15M,3M BBSW,0.04116605162341142
2024-03-29,AUD,15M,3M BBSW,0.04095868572650808
2024-04-01,AUD,15M,3M BBSW,0.04139713823891628
2024-04-05,AUD,15M,3M BBSW,0.04154421896605177
2024-04-25,AUD,15M,3M BBSW,0.04468967407822382
2024-06-10,AUD,15M,3M BBSW,0.04355194803548365
2024-06-25,AUD,15M,3M BBSW,0.044498929822333624
2024-07-25,AUD,15M,3M BBSW,0.043285990179297
2024-08-05,AUD,15M,3M BBSW,0.040015984146024766
2024-08-28,AUD,15M,3M BBSW,0.03923706707270024
2024-10-07,AUD,15M,3M BBSW,0.04027096002821616
2024-10-18,AUD,15M,3M BBSW,0.041279285565587756
2024-10-25,AUD,15M,3M BBSW,0.040599980367227756
2024-12-25,AUD,15M,3M BBSW,0.03949381999692307
2024-12-26,AUD,15M,3M BBSW,0.03942957784536025
2025-01-01,AUD,15M,3M BBSW,0.03937098065126801
2025-01-27,AUD,15M,3M BBSW,0.039436791229291696
2025-03-31,AUD,15M,3M BBSW,0.03558932226697508
2025-04-01,AUD,15M,3M BBSW,0.03485154314098028
2025-04-02,AUD,15M,3M BBSW,0.03428211394231822
2025-04-03,AUD,15M,3M BBSW,0.03402698009714808
2025-04-18,AUD,15M,3M BBSW,0.03326677008061725
2025-04-21,AUD,15M,3M BBSW,0.03303879455909441
2025-04-25,AUD,15M,3M BBSW,0.03263076872638045
2025-06-09,AUD,15M,3M BBSW,0.03325847649306878
2025-08-04,AUD,15M,3M BBSW,0.03299378738048544
2025-10-06,AUD,15M,3M BBSW,0.0345310915703474
2022-04-15,AUD,18M,3M BBSW,0.019733011353772013
2022-04-18,AUD,18M,3M BBSW,0.019469138318805316
2022-04-25,AUD,18M,3M BBSW,0.024138937326024658
2022-06-13,AUD,18M,3M BBSW,0.03599873350515943
2022-08-01,AUD,18M,3M BBSW,0.03112310555133269
2022-09-22,AUD,18M,3M BBSW,0.038976438442872845
2022-10-03,AUD,18M,3M BBSW,0.0356400912013222
2022-12-26,AUD,18M,3M BBSW,0.039123679824913354
2022-12-27,AUD,18M,3M BBSW,0.0393637660381782
2023-01-02,AUD,18M,3M BBSW,0.039921913830151506
2023-01-26,AUD,18M,3M BBSW,0.03731364590661907
2023-04-07,AUD,18M,3M BBSW,0.03409300059767497
2023-04-10,AUD,18M,3M BBSW,0.03465524910160341
2023-04-25,AUD,18M,3M BBSW,0.035997069460548176
2023-06-02,AUD,18M,3M BBSW,0.04003434792779393
2023-06-12,AUD,18M,3M BBSW,0.04445211446626895
2023-06-16,AUD,18M,3M BBSW,0.046075943470327285
2023-06-23,AUD,18M,3M BBSW,0.04594216793493769
2023-07-26,AUD,18M,3M BBSW,0.044903095142618844
2023-08-07,AUD,18M,3M BBSW,0.04198103686979711
2023-08-29,AUD,18M,3M BBSW,0.04248796065284152
2023-10-02,AUD,18M,3M BBSW,0.043871964244067856
2023-10-06,AUD,18M,3M BBSW,0.04259614610105442
2023-10-13,AUD,18M,3M BBSW,0.04239624006997364
2023-10-27,AUD,18M,3M BBSW,0.04514884861895459
2023-12-08,AUD,18M,3M BBSW,0.0424011000610839
2023-12-25,AUD,18M,3M BBSW,0.04062099534941628
2023-12-26,AUD,18M,3M BBSW,0.04041308308127258
2024-01-01,AUD,18M,3M BBSW,0.040676335698028074
2024-01-26,AUD,18M,3M BBSW,0.040930663464668164
2024-03-29,AUD,18M,3M BBSW,0.040573845049034996
2024-04-01,AUD,18M,3M BBSW,0.04082172399144353
2024-04-05,AUD,18M,3M BBSW,0.040689397649325804
2024-04-25,AUD,18M,3M BBSW,0.044512415166723045
2024-06-10,AUD,18M,3M BBSW,0.043188836004325486
2024-06-25,AUD,18M,3M BBSW,0.04395918938135965
2024-07-25,AUD,18M,3M BBSW,0.042524982483269
2024-08-05,AUD,18M,3M BBSW,0.03938230761646605
2024-08-28,AUD,18M,3M BBSW,0.038401305094918396
2024-10-07,AUD,18M,3M BBSW,0.03952802331962149
2024-10-18,AUD,18M,3M BBSW,0.04086157708690646
2024-10-25,AUD,18M,3M BBSW,0.040360248399465774
2024-12-25,AUD,18M,3M BBSW,0.03896484217227414
2024-12-26,AUD,18M,3M BBSW,0.03885214240719136
2025-01-01,AUD,18M,3M BBSW,0.038826918925983264
2025-01-27,AUD,18M,3M BBSW,0.039085149430488346
2025-03-31,AUD,18M,3M BBSW,0.035092172308253386
2025-04-01,AUD,18M,3M BBSW,0.03432781866290438
2025-04-02,AUD,18M,3M BBSW,0.033756846573642724
2025-04-03,AUD,18M,3M BBSW,0.03352643179831953
2025-04-18,AUD,18M,3M BBSW,0.032582885678131744
2025-04-21,AUD,18M,3M BBSW,0.03243152994015995
2025-04-25,AUD,18M,3M BBSW,0.03194444845573633
2025-06-09,AUD,18M,3M BBSW,0.032991279860824334
2025-08-04,AUD,18M,3M BBSW,0.032930945523864795
2025-10-06,AUD,18M,3M BBSW,0.0344416161514702
2018-06-11,AUD,1Y,3M BBSW,0.019991003739929212
2018-08-06,AUD,1Y,3M BBSW,0.020183279680178065
2018-10-01,AUD,1Y,3M BBSW,0.019420607283967346
2018-12-25,AUD,1Y,3M BBSW,0.019798836169778802
2018-12-26,AUD,1Y,3M BBSW,0.019808769735189732
2019-01-01,AUD,1Y,3M BBSW,0.019489090897570095
2019-01-28,AUD,1Y,3M BBSW,0.019154280161008005
2019-04-19,AUD,1Y,3M BBSW,0.015984391885210295
2019-04-22,AUD,1Y,3M BBSW,0.016540494774733305
2019-04-25,AUD,1Y,3M BBSW,0.013660509056138293
2019-06-10,AUD,1Y,3M BBSW,0.011796682483226089
2019-08-05,AUD,1Y,3M BBSW,0.008369495844347409
2019-10-07,AUD,1Y,3M BBSW,0.006999051206464748
2019-12-25,AUD,1Y,3M BBSW,0.008332040491986745
2019-12-26,AUD,1Y,3M BBSW,0.008344548166318556
2020-01-01,AUD,1Y,3M BBSW,0.008545216672534108
2020-01-27,AUD,1Y,3M BBSW,0.006584016768548102
2020-04-10,AUD,1Y,3M BBSW,0.00269763016639126
2020-04-13,AUD,1Y,3M BBSW,0.0025425822008614462
2020-06-08,AUD,1Y,3M BBSW,0.0018481838414218807
2020-08-03,AUD,1Y,3M BBSW,0.0012873903345944607
2020-10-05,AUD,1Y,3M BBSW,0.076985300461363
2020-12-25,AUD,1Y,3M BBSW,0.020067112259569784
2020-12-28,AUD,1Y,3M BBSW,0.021063081235582395
2021-01-01,AUD,1Y,3M BBSW,0.02339177282262617
2021-01-26,AUD,1Y,3M BBSW,0.024404341263758907
2021-04-02,AUD,1Y,3M BBSW,0.07908853798631647
2021-04-05,AUD,1Y,3M BBSW,0.07164477946779312
2021-06-14,AUD,1Y,3M BBSW,0.04948196795365142
2021-08-02,AUD,1Y,3M BBSW,0.04880463264988447
2021-10-04,AUD,1Y,3M BBSW,0.07284067280619014
2021-12-27,AUD,1Y,3M BBSW,0.00343202745563728
2021-12-28,AUD,1Y,3M BBSW,0.003455195976686086
2022-01-03,AUD,1Y,3M BBSW,0.0041480484803381725
2022-01-26,AUD,1Y,3M BBSW,0.0062302930043834845
2022-04-15,AUD,1Y,3M BBSW,0.014966828755754311
2022-04-18,AUD,1Y,3M BBSW,0.014588998615400963
2022-04-25,AUD,1Y,3M BBSW,0.018631834475646966
2022-06-13,AUD,1Y,3M BBSW,0.03271061875053138
2022-08-01,AUD,1Y,3M BBSW,0.030616093820297445
2022-09-22,AUD,1Y,3M BBSW,0.03748287351182536
2022-10-03,AUD,1Y,3M BBSW,0.03439637747837244
2022-12-26,AUD,1Y,3M BBSW,0.03745660745469524
2022-12-27,AUD,1Y,3M BBSW,0.03789532248294501
2023-01-02,AUD,1Y,3M BBSW,0.03847249419764557
2023-01-26,AUD,1Y,3M BBSW,0.037082400863661776
2023-04-07,AUD,1Y,3M BBSW,0.03471867326666621
2023-04-10,AUD,1Y,3M BBSW,0.03528488532133804
2023-04-25,AUD,1Y,3M BBSW,0.03675802895233225
2023-06-02,AUD,1Y,3M BBSW,0.040826153486469174
2023-06-12,AUD,1Y,3M BBSW,0.04495388060161572
2023-06-16,AUD,1Y,3M BBSW,0.04655491205563072
2023-06-23,AUD,1Y,3M BBSW,0.045990268909948125
2023-07-26,AUD,1Y,3M BBSW,0.04508085916951503
2023-08-07,AUD,1Y,3M BBSW,0.04263772597031765
2023-08-29,AUD,1Y,3M BBSW,0.04260669526049219
2023-10-02,AUD,1Y,3M BBSW,0.043771514118244204
2023-10-06,AUD,1Y,3M BBSW,0.04235501602839181
2023-10-13,AUD,1Y,3M BBSW,0.04244092138924024
2023-10-27,AUD,1Y,3M BBSW,0.04473490949375838
2023-12-08,AUD,1Y,3M BBSW,0.04306524892093155
2023-12-25,AUD,1Y,3M BBSW,0.04209970514522545
2023-12-26,AUD,1Y,3M BBSW,0.041901781344049954
2024-01-01,AUD,1Y,3M BBSW,0.041901353559936544
2024-01-26,AUD,1Y,3M BBSW,0.041703162801529955
2024-03-29,AUD,1Y,3M BBSW,0.04192870259478856
2024-04-01,AUD,1Y,3M BBSW,0.04208803654000441
2024-04-05,AUD,1Y,3M BBSW,0.04215472421192104
2024-04-25,AUD,1Y,3M BBSW,0.04480643125906634
2024-06-10,AUD,1Y,3M BBSW,0.04374302732018722
2024-06-25,AUD,1Y,3M BBSW,0.04472659410451419
2024-07-25,AUD,1Y,3M BBSW,0.043804337244759274
2024-08-05,AUD,1Y,3M BBSW,0.040856384967474846
2024-08-28,AUD,1Y,3M BBSW,0.04025090776477397
2024-10-07,AUD,1Y,3M BBSW,0.04103092285574919
2024-10-18,AUD,1Y,3M BBSW,0.042250100594139334
2024-10-25,AUD,1Y,3M BBSW,0.04166657448509463
2024-12-25,AUD,1Y,3M BBSW,0.04012759915799871
2024-12-26,AUD,1Y,3M BBSW,0.03994138982083461
2025-01-01,AUD,1Y,3M BBSW,0.039999656541288196
2025-01-27,AUD,1Y,3M BBSW,0.039829667373898245
2025-03-31,AUD,1Y,3M BBSW,0.03572893477371275
2025-04-01,AUD,1Y,3M BBSW,0.035117066207953934
2025-04-02,AUD,1Y,3M BBSW,0.034702866324979924
2025-04-03,AUD,1Y,3M BBSW,0.034584682256648215
2025-04-18,AUD,1Y,3M BBSW,0.03408037193468628
2025-04-21,AUD,1Y,3M BBSW,0.0338924786499349
2025-04-25,AUD,1Y,3M BBSW,0.03348323260352354
2025-06-09,AUD,1Y,3M BBSW,0.033674773203395826
2025-08-04,AUD,1Y,3M BBSW,0.03324948187288675
2025-10-06,AUD,1Y,3M BBSW,0.03451779096357482
2022-04-15,AUD,21M,3M BBSW,0.02210754214268418
2022-04-18,AUD,21M,3M BBSW,0.021697894334737424
2022-04-25,AUD,21M,3M BBSW,0.026082276983143533
2022-06-13,AUD,21M,3M BBSW,0.03724465209237895
2022-08-01,AUD,21M,3M BBSW,0.030870457783985297
2022-09-22,AUD,21M,3M BBSW,0.03927715255964238
2022-10-03,AUD,21M,3M BBSW,0.035937862482986895
2022-12-26,AUD,21M,3M BBSW,0.03926513343444385
2022-12-27,AUD,21M,3M BBSW,0.03948351001307051
2023-01-02,AUD,21M,3M BBSW,0.04010499369846836
2023-01-26,AUD,21M,3M BBSW,0.037154003047932614
2023-04-07,AUD,21M,3M BBSW,0.03364319101933643
2023-04-10,AUD,21M,3M BBSW,0.03401303893990092
2023-04-25,AUD,21M,3M BBSW,0.03564912967673391
2023-06-02,AUD,21M,3M BBSW,0.03951030360980892
2023-06-12,AUD,21M,3M BBSW,0.04406409338054946
2023-06-16,AUD,21M,3M BBSW,0.04554994867049537
2023-06-23,AUD,21M,3M BBSW,0.04540838888765001
2023-07-26,AUD,21M,3M BBSW,0.04464361969864017
2023-08-07,AUD,21M,3M BBSW,0.041711647333919986
2023-08-29,AUD,21M,3M BBSW,0.042068238843841456
2023-10-02,AUD,21M,3M BBSW,0.04385002225536293
2023-10-06,AUD,21M,3M BBSW,0.042478121592306274
2023-10-13,AUD,21M,3M BBSW,0.042269999556812946
2023-10-27,AUD,21M,3M BBSW,0.04499787298277489
2023-12-08,AUD,21M,3M BBSW,0.04234698867622494
2023-12-25,AUD,21M,3M BBSW,0.03977035040911408
2023-12-26,AUD,21M,3M BBSW,0.03955459721718939
2024-01-01,AUD,21M,3M BBSW,0.040066005888517386
2024-01-26,AUD,21M,3M BBSW,0.04022292324538837
2024-03-29,AUD,21M,3M BBSW,0.040012224581659074
2024-04-01,AUD,21M,3M BBSW,0.040415197940042995
2024-04-05,AUD,21M,3M BBSW,0.040473749364510446
2024-04-25,AUD,21M,3M BBSW,0.04408899958607997
2024-06-10,AUD,21M,3M BBSW,0.04279503985542998
2024-06-25,AUD,21M,3M BBSW,0.04377635080392153
2024-07-25,AUD,21M,3M BBSW,0.0421913094393963
2024-08-05,AUD,21M,3M BBSW,0.03862121513358705
2024-08-28,AUD,21M,3M BBSW,0.03760998754421526
2024-10-07,AUD,21M,3M BBSW,0.038857582816263586
2024-10-18,AUD,21M,3M BBSW,0.04032342060736773
2024-10-25,AUD,21M,3M BBSW,0.03984442757729012
2024-12-25,AUD,21M,3M BBSW,0.03874144030317088
2024-12-26,AUD,21M,3M BBSW,0.03863955605317584
2025-01-01,AUD,21M,3M BBSW,0.038562252976796836
2025-01-27,AUD,21M,3M BBSW,0.038831027469249074
2025-03-31,AUD,21M,3M BBSW,0.034852467025386885
2025-04-01,AUD,21M,3M BBSW,0.03412364977347643
2025-04-02,AUD,21M,3M BBSW,0.033586788442800365
2025-04-03,AUD,21M,3M BBSW,0.03338350353819592
2025-04-18,AUD,21M,3M BBSW,0.032552164836657516
2025-04-21,AUD,21M,3M BBSW,0.03224968463377933
2025-04-25,AUD,21M,3M BBSW,0.03185466475063023
2025-06-09,AUD,21M,3M BBSW,0.032927575981333584
2025-08-04,AUD,21M,3M BBSW,0.0326872989884349
2025-10-06,AUD,21M,3M BBSW,0.03447927806376487
2018-06-11,AUD,2Y,3M BBSW,0.021083633920614568
2018-08-06,AUD,2Y,3M BBSW,0.020905747876397623
2018-10-01,AUD,2Y,3M BBSW,0.020469485183902923
2018-12-25,AUD,2Y,3M BBSW,0.019283999595136145
2018-12-26,AUD,2Y,3M BBSW,0.01933773721102568
2019-01-01,AUD,2Y,3M BBSW,0.019009907157609043
2019-01-28,AUD,2Y,3M BBSW,0.01858331686428914
2019-04-19,AUD,2Y,3M BBSW,0.015646262684198456
2019-04-22,AUD,2Y,3M BBSW,0.015997697552813092
2019-04-25,AUD,2Y,3M BBSW,0.013049595831556945
2019-06-10,AUD,2Y,3M BBSW,0.011412811741119088
2019-08-05,AUD,2Y,3M BBSW,0.007257783732754477
2019-10-07,AUD,2Y,3M BBSW,0.006151005469724361
2019-12-25,AUD,2Y,3M BBSW,0.00889181829246075
2019-12-26,AUD,2Y,3M BBSW,0.008917816799778908
2020-01-01,AUD,2Y,3M BBSW,0.00913960587279859
2020-01-27,AUD,2Y,3M BBSW,0.00581126029585738
2020-04-10,AUD,2Y,3M BBSW,0.003293900489525684
2020-04-13,AUD,2Y,3M BBSW,0.003188150143721971
2020-06-08,AUD,2Y,3M BBSW,0.0019821772232164483
2020-08-03,AUD,2Y,3M BBSW,0.0016200664962090843
2020-10-05,AUD,2Y,3M BBSW,0.0011704170927204591
2020-12-25,AUD,2Y,3M BBSW,0.08481165574387581
2020-12-28,AUD,2Y,3M BBSW,0.07272761918700776
2021-01-01,AUD,2Y,3M BBSW,0.07271920795486606
2021-01-26,AUD,2Y,3M BBSW,0.07843021922130375
2021-04-02,AUD,2Y,3M BBSW,0.0017384850943345292
2021-04-05,AUD,2Y,3M BBSW,0.0016889078171740068
2021-06-14,AUD,2Y,3M BBSW,0.0013667871847755297
2021-08-02,AUD,2Y,3M BBSW,0.0018331104351721
2021-10-04,AUD,2Y,3M BBSW,0.002667454592729883
2021-12-27,AUD,2Y,3M BBSW,0.008535804319397721
2021-12-28,AUD,2Y,3M BBSW,0.008519008049653824
2022-01-03,AUD,2Y,3M BBSW,0.009423972949420305
2022-01-26,AUD,2Y,3M BBSW,0.012357153247738006
2022-04-15,AUD,2Y,3M BBSW,0.022945790733572093
2022-04-18,AUD,2Y,3M BBSW,0.023067364427292937
2022-04-25,AUD,2Y,3M BBSW,0.02782346120778808
2022-06-13,AUD,2Y,3M BBSW,0.03637134243138435
2022-08-01,AUD,2Y,3M BBSW,0.030422671097902868
2022-09-22,AUD,2Y,3M BBSW,0.039230628934172576
2022-10-03,AUD,2Y,3M BBSW,0.036481283397833526
2022-12-26,AUD,2Y,3M BBSW,0.03967667570936145
2022-12-27,AUD,2Y,3M BBSW,0.0398439863115976
2023-01-02,AUD,2Y,3M BBSW,0.04044203537240871
2023-01-26,AUD,2Y,3M BBSW,0.03709556254881047
2023-04-07,AUD,2Y,3M BBSW,0.0333420035632612
2023-04-10,AUD,2Y,3M BBSW,0.033770895164464784
2023-04-25,AUD,2Y,3M BBSW,0.035335024977447976
2023-06-02,AUD,2Y,3M BBSW,0.03884885702706016
2023-06-12,AUD,2Y,3M BBSW,0.043462518287735286
2023-06-16,AUD,2Y,3M BBSW,0.045132235422515994
2023-06-23,AUD,2Y,3M BBSW,0.0451144899386494
2023-07-26,AUD,2Y,3M BBSW,0.04442105009341528
2023-08-07,AUD,2Y,3M BBSW,0.04127393267821756
2023-08-29,AUD,2Y,3M BBSW,0.04165076463730119
2023-10-02,AUD,2Y,3M BBSW,0.043535244998258074
2023-10-06,AUD,2Y,3M BBSW,0.042158490895718374
2023-10-13,AUD,2Y,3M BBSW,0.04217157031234128
2023-10-27,AUD,2Y,3M BBSW,0.04510709270275723
2023-12-08,AUD,2Y,3M BBSW,0.04188384069334356
2023-12-25,AUD,2Y,3M BBSW,0.03929327185266138
2023-12-26,AUD,2Y,3M BBSW,0.03903195520728649
2024-01-01,AUD,2Y,3M BBSW,0.03956220233535467
2024-01-26,AUD,2Y,3M BBSW,0.03983270457835723
2024-03-29,AUD,2Y,3M BBSW,0.03930743289583947
2024-04-01,AUD,2Y,3M BBSW,0.039922911119488064
2024-04-05,AUD,2Y,3M BBSW,0.0400037587516216
2024-04-25,AUD,2Y,3M BBSW,0.043970489814375534
2024-06-10,AUD,2Y,3M BBSW,0.04248466852227994
2024-06-25,AUD,2Y,3M BBSW,0.04339274598370139
2024-07-25,AUD,2Y,3M BBSW,0.041603481508879686
2024-08-05,AUD,2Y,3M BBSW,0.0380983351579567
2024-08-28,AUD,2Y,3M BBSW,0.036795630845925416
2024-10-07,AUD,2Y,3M BBSW,0.03843740572952631
2024-10-18,AUD,2Y,3M BBSW,0.0398035739515727
2024-10-25,AUD,2Y,3M BBSW,0.039332439537572525
2024-12-25,AUD,2Y,3M BBSW,0.038591905707117145
2024-12-26,AUD,2Y,3M BBSW,0.038438629518326925
2025-01-01,AUD,2Y,3M BBSW,0.03825149555811986
2025-01-27,AUD,2Y,3M BBSW,0.03877969822318246
2025-03-31,AUD,2Y,3M BBSW,0.03454738525365439
2025-04-01,AUD,2Y,3M BBSW,0.033810067559134634
2025-04-02,AUD,2Y,3M BBSW,0.03328552046022624
2025-04-03,AUD,2Y,3M BBSW,0.03311741852405356
2025-04-18,AUD,2Y,3M BBSW,0.03227168671049536
2025-04-21,AUD,2Y,3M BBSW,0.031968664556687426
2025-04-25,AUD,2Y,3M BBSW,0.031622124704512124
2025-06-09,AUD,2Y,3M BBSW,0.03297539457396145
2025-08-04,AUD,2Y,3M BBSW,0.03254487026710236
2025-10-06,AUD,2Y,3M BBSW,0.034591967724971154
2025-01-27,AUD,30M,3M BBSW,0.03871316087185364
2025-03-31,AUD,30M,3M BBSW,0.03419109101843014
2025-04-01,AUD,30M,3M BBSW,0.033399299785851155
2025-04-02,AUD,30M,3M BBSW,0.0328694854323938
2025-04-03,AUD,30M,3M BBSW,0.032752739836885966
2025-04-18,AUD,30M,3M BBSW,0.032442743267378664
2025-04-21,AUD,30M,3M BBSW,0.03210967499726048
2025-04-25,AUD,30M,3M BBSW,0.03179577997656731
2025-06-09,AUD,30M,3M BBSW,0.03330932103555098
2025-08-04,AUD,30M,3M BBSW,0.03251102622976282
2025-10-06,AUD,30M,3M BBSW,0.034832358937311333
2023-03-24,AUD,3M,3M BBSW,0.03696664326582228
2023-04-07,AUD,3M,3M BBSW,0.03649013556779638
2023-04-10,AUD,3M,3M BBSW,0.03656459440565057
2023-04-25,AUD,3M,3M BBSW,0.036856235571954804
2023-06-12,AUD,3M,3M BBSW,0.042148640512566636
2023-08-07,AUD,3M,3M BBSW,0.041795435144885304
2023-10-02,AUD,3M,3M BBSW,0.04161547670061105
2023-12-25,AUD,3M,3M BBSW,0.043738448429823586
2023-12-26,AUD,3M,3M BBSW,0.04370172706065228
2024-01-01,AUD,3M,3M BBSW,0.043558103615806296
2024-01-26,AUD,3M,3M BBSW,0.043558280689582736
2024-03-29,AUD,3M,3M BBSW,0.043436951741222744
2024-04-01,AUD,3M,3M BBSW,0.043366863166549016
2024-04-25,AUD,3M,3M BBSW,0.04389957254512802
2024-06-10,AUD,3M,3M BBSW,0.04358371558214457
2024-08-05,AUD,3M,3M BBSW,0.04346305571006046
2024-10-07,AUD,3M,3M BBSW,0.04422472540096495
2024-12-25,AUD,3M,3M BBSW,0.04431888031019643
2024-12-26,AUD,3M,3M BBSW,0.044315276484221525
2025-01-01,AUD,3M,3M BBSW,0.04408563130420391
2025-01-27,AUD,3M,3M BBSW,0.04283643778662702
2025-04-18,AUD,3M,3M BBSW,0.0400815565458621
2025-04-21,AUD,3M,3M BBSW,0.03968653437941719
2025-04-25,AUD,3M,3M BBSW,0.03904799890625476
2025-06-09,AUD,3M,3M BBSW,0.03702194957923569
2025-08-04,AUD,3M,3M BBSW,0.03673226812723637
2025-10-06,AUD,3M,3M BBSW,0.035866863522839916
2018-06-11,AUD,3Y,3M BBSW,0.022419082393354484
2018-08-06,AUD,3Y,3M BBSW,0.02169765711345045
2018-10-01,AUD,3Y,3M BBSW,0.0212877208436573
2018-12-25,AUD,3Y,3M BBSW,0.01952653108946403
2018-12-26,AUD,3Y,3M BBSW,0.01956897227506622
2019-01-01,AUD,3Y,3M BBSW,0.019165012667078863
2019-01-28,AUD,3Y,3M BBSW,0.01869339167706106
2019-04-19,AUD,3Y,3M BBSW,0.015853415474742897
2019-04-22,AUD,3Y,3M BBSW,0.016110355366415495
2019-04-25,AUD,3Y,3M BBSW,0.01323129369671028
2019-06-10,AUD,3Y,3M BBSW,0.011479873342430051
2019-08-05,AUD,3Y,3M BBSW,0.007198862909091132
2019-10-07,AUD,3Y,3M BBSW,0.006088495920157581
2019-12-25,AUD,3Y,3M BBSW,0.009341305148826784
2019-12-26,AUD,3Y,3M BBSW,0.00941756116749753
2020-01-01,AUD,3Y,3M BBSW,0.009751432787372987
2020-01-27,AUD,3Y,3M BBSW,0.006121956841337441
2020-04-10,AUD,3Y,3M BBSW,0.0037978129852834154
2020-04-13,AUD,3Y,3M BBSW,0.00371397449658904
2020-06-08,AUD,3Y,3M BBSW,0.002796032689572422
2020-08-03,AUD,3Y,3M BBSW,0.0019712824552642503
2020-10-05,AUD,3Y,3M BBSW,0.0015473446811153416
2020-12-25,AUD,3Y,3M BBSW,0.0015855510682897859
2020-12-28,AUD,3Y,3M BBSW,0.0014527973876162256
2021-01-01,AUD,3Y,3M BBSW,0.0014793515839298926
2021-01-26,AUD,3Y,3M BBSW,0.001575911679571313
2021-04-02,AUD,3Y,3M BBSW,0.003297571234835424
2021-04-05,AUD,3Y,3M BBSW,0.003367367402938548
2021-06-14,AUD,3Y,3M BBSW,0.0032191434345363655
2021-08-02,AUD,3Y,3M BBSW,0.0034027472069388205
2021-10-04,AUD,3Y,3M BBSW,0.005396426372925526
2021-12-27,AUD,3Y,3M BBSW,0.011683668012911645
2021-12-28,AUD,3Y,3M BBSW,0.01176739324305061
2022-01-03,AUD,3Y,3M BBSW,0.012924462783883957
2022-01-26,AUD,3Y,3M BBSW,0.01615695485950681
2022-04-15,AUD,3Y,3M BBSW,0.025241423322436382
2022-04-18,AUD,3Y,3M BBSW,0.02531471004234904
2022-04-25,AUD,3Y,3M BBSW,0.029764103767466396
2022-06-13,AUD,3Y,3M BBSW,0.037813492837256796
2022-08-01,AUD,3Y,3M BBSW,0.029893432749723385
2022-09-22,AUD,3Y,3M BBSW,0.03938480893793114
2022-10-03,AUD,3Y,3M BBSW,0.03714594782366672
2022-12-26,AUD,3Y,3M BBSW,0.03943519281853238
2022-12-27,AUD,3Y,3M BBSW,0.03979178412568631
2023-01-02,AUD,3Y,3M BBSW,0.04015492746404708
2023-01-26,AUD,3Y,3M BBSW,0.03636079253942675
2023-04-07,AUD,3Y,3M BBSW,0.03197795258240068
2023-04-10,AUD,3Y,3M BBSW,0.03259632648307818
2023-04-25,AUD,3Y,3M BBSW,0.03434293294269219
2023-06-02,AUD,3Y,3M BBSW,0.03748445217087484
2023-06-12,AUD,3Y,3M BBSW,0.04196480818019396
2023-06-16,AUD,3Y,3M BBSW,0.043304629751920135
2023-06-23,AUD,3Y,3M BBSW,0.0434714949228798
2023-07-26,AUD,3Y,3M BBSW,0.04312715950378572
2023-08-07,AUD,3Y,3M BBSW,0.0394513427040454
2023-08-29,AUD,3Y,3M BBSW,0.04058092978965571
2023-10-02,AUD,3Y,3M BBSW,0.04306403196835195
2023-10-06,AUD,3Y,3M BBSW,0.042077460156050635
2023-10-13,AUD,3Y,3M BBSW,0.04178813880920213
2023-10-27,AUD,3Y,3M BBSW,0.04501317438271487
2023-12-08,AUD,3Y,3M BBSW,0.040918562021115885
2023-12-25,AUD,3Y,3M BBSW,0.03793670827786072
2023-12-26,AUD,3Y,3M BBSW,0.037670669694835845
2024-01-01,AUD,3Y,3M BBSW,0.03831274565646448
2024-01-26,AUD,3Y,3M BBSW,0.038842699154507054
2024-03-29,AUD,3Y,3M BBSW,0.038273951340088444
2024-04-01,AUD,3Y,3M BBSW,0.0387640490523233
2024-04-05,AUD,3Y,3M BBSW,0.03916239797950756
2024-04-25,AUD,3Y,3M BBSW,0.04314840316858181
2024-06-10,AUD,3Y,3M BBSW,0.04121274654827612
2024-06-25,AUD,3Y,3M BBSW,0.042467975423966006
2024-07-25,AUD,3Y,3M BBSW,0.040281589031277605
2024-08-05,AUD,3Y,3M BBSW,0.03707036937162417
2024-08-28,AUD,3Y,3M BBSW,0.03559456314704837
2024-10-07,AUD,3Y,3M BBSW,0.037719356667522186
2024-10-18,AUD,3Y,3M BBSW,0.03938867722087438
2024-10-25,AUD,3Y,3M BBSW,0.03893588880415534
2024-12-25,AUD,3Y,3M BBSW,0.038475938209223674
2024-12-26,AUD,3Y,3M BBSW,0.038202385956263615
2025-01-01,AUD,3Y,3M BBSW,0.03784222957066278
2025-01-27,AUD,3Y,3M BBSW,0.0386330291729447
2025-03-31,AUD,3Y,3M BBSW,0.03384844500769079
2025-04-01,AUD,3Y,3M BBSW,0.03302715279874766
2025-04-02,AUD,3Y,3M BBSW,0.03252317938785691
2025-04-03,AUD,3Y,3M BBSW,0.03249787802484243
2025-04-18,AUD,3Y,3M BBSW,0.0324935353319816
2025-04-21,AUD,3Y,3M BBSW,0.03211991131880976
2025-04-25,AUD,3Y,3M BBSW,0.03195727127814816
2025-06-09,AUD,3Y,3M BBSW,0.03359910324146743
2025-08-04,AUD,3Y,3M BBSW,0.03258421940079099
2025-10-06,AUD,3Y,3M BBSW,0.03508848952811274
2023-04-07,AUD,9M,3M BBSW,0.03505800746577291
2023-04-10,AUD,9M,3M BBSW,0.03561740855643193
2023-04-25,AUD,9M,3M BBSW,0.036620720428023855
2023-06-02,AUD,9M,3M BBSW,0.041381662822710476
2023-06-12,AUD,9M,3M BBSW,0.0445868960444511
2023-06-16,AUD,9M,3M BBSW,0.046095804543445355
2023-06-23,AUD,9M,3M BBSW,0.04603628900667141
2023-07-26,AUD,9M,3M BBSW,0.044620355284451164
2023-08-07,AUD,9M,3M BBSW,0.042556453761893126
2023-08-29,AUD,9M,3M BBSW,0.042525422286449975
2023-10-02,AUD,9M,3M BBSW,0.04343640213657741
2023-10-06,AUD,9M,3M BBSW,0.0425893392826955
2023-10-13,AUD,9M,3M BBSW,0.04260237175822313
2023-10-27,AUD,9M,3M BBSW,0.044733015659354586
2023-12-08,AUD,9M,3M BBSW,0.04324282227047124
2023-12-25,AUD,9M,3M BBSW,0.042919544425016116
2023-12-26,AUD,9M,3M BBSW,0.042726796342356196
2024-01-01,AUD,9M,3M BBSW,0.04269595390304222
2024-01-26,AUD,9M,3M BBSW,0.04278193636006167
2024-03-29,AUD,9M,3M BBSW,0.04212725438982365
2024-04-01,AUD,9M,3M BBSW,0.04253332958754591
2024-04-05,AUD,9M,3M BBSW,0.0423784390020587
2024-04-25,AUD,9M,3M BBSW,0.04475711393416221
2024-06-10,AUD,9M,3M BBSW,0.04412147738059515
2024-06-25,AUD,9M,3M BBSW,0.04485553443659777
2024-07-25,AUD,9M,3M BBSW,0.044309300002100975
2024-08-05,AUD,9M,3M BBSW,0.04207693709859302
2024-08-28,AUD,9M,3M BBSW,0.0416139497592121
2024-10-07,AUD,9M,3M BBSW,0.042080946112838136
2024-10-18,AUD,9M,3M BBSW,0.042947736654101364
2024-10-25,AUD,9M,3M BBSW,0.042388554410143026
2024-12-25,AUD,9M,3M BBSW,0.040961162774825664
2024-12-26,AUD,9M,3M BBSW,0.0407510693640953
2025-01-01,AUD,9M,3M BBSW,0.04081057560525776
2025-01-27,AUD,9M,3M BBSW,0.04073226351421559
2025-03-31,AUD,9M,3M BBSW,0.03735476089254015
2025-04-01,AUD,9M,3M BBSW,0.036782859687434714
2025-04-02,AUD,9M,3M BBSW,0.036329711426307386
2025-04-03,AUD,9M,3M BBSW,0.036108430210648086
2025-04-18,AUD,9M,3M BBSW,0.03488790293212465
2025-04-21,AUD,9M,3M BBSW,0.03502125090027591
2025-04-25,AUD,9M,3M BBSW,0.03425717368425584
2025-06-09,AUD,9M,3M BBSW,0.034564058965110965
2025-08-04,AUD,9M,3M BBSW,0.03394271382484681
2025-10-06,AUD,9M,3M BBSW,0.03488751981914837
